Workbook

Sheet About
A1: BHRaSYC BAU Heat Rates and Start Year Capacities
A3: Source: | B3: National Energy Control Center (Cenace) | D3: Generation data for 2022 and 2023
B4: Accessed 2024
B5: Public area of ​​the market information system
B6: https://www.cenace.gob.mx/APSIM.aspx
B7: Obtained through the Energy Transition Observatory in Mexico (Obtrenmx.org)
B8: https://obtrenmx.org/
B10: Energy Secretary (Sener) | D10: Capacity data for 2022 and 2023
B11: 2024
B12: National Electric System Development Program
B13: https://www.gob.mx/sener/articulos/programa-de-desarrollo-del-sistema-electrico-nacional-2024-2038
B14: Programa de Desarrollo del Sistema Eléctrico Nacional
B16: FUEL CONSUMPTION FOR ELECTRICAL GENERATION | D16: Data for 2022 and 2023
B17: Energy Ministry (SENER)
B18: 2024
B19: National Energy Balance 2023
B20: https://www.gob.mx/cms/uploads/attachment/file/947752/BALANCE_NACIONAL_DE_ENERG_A_PRELIMINAR_2023.pdf
B21: CUADRO A.17 CONSUMO DE COMBUSTIBLES PARA GENERACIÓN ELÉCTRICA
B23: National council of humanities, sciences and technologies | D23: Data for 2012 to 2021
B24: 2024
B25: Energy futures for Mexico by 2050 The path to a just and sustainable energy transition
B26: https://conahcyt.mx/wp-content/uploads/pronaces/micrositios/energia_y_cambio_climatico/energia/cuadernos_tematicos/Cuaderno_9.pdf
A29: Notes
B30: Gen2022-2023: Preprocessed information in BAU Trans and Distr Loss Perc.xlsx
B31: The specific uses of each generation technology are included in the heat rate so that this element represents the entire conversion of fuel to net energy injected into the grid.
B32: We use natural gas combustion turbines as a proxy for hydrogen combustion turbines, since we would expect most hydrogen plants to be retrofits of gas plants.
A34: Unit conversion
A35: BTU/PJ | B35: =5414093.87/0.00000571187/1000000 -> 947867.14
B36: 1 | C36: BEP | D36: 5414093.9 | E36: BTU
B37: 1 | C37: BEP | D37: 5.71187e-06 | E37: PJ
A38: Source: https://dof.gob.mx/nota_detalle.php?codigo=5278970&fecha=23/11/2012#gsc.tab=0
B41: hard coal | C41: Carboeléctrica
B42: natural gas steam turbine | C42: Combustión Interna
B43: natural gas combined cycle | C43: Ciclo combinado
B44: nuclear | C44: Nuclear
B45: hydro | C45: Hidroeléctrica
B46: onshore wind | C46: Eólica
B47: solar PV | C47: Solar
B48: solar thermal
B49: biomass | C49: Biomasa
B50: geothermal | C50: Geotérmica
B51: petroleum
B52: natural gas peaker | C52: Turbogás
B53: lignite
B54: offshore wind
B55: crude oil
B56: heavy or residual fuel oil | C56: Termoeléctrica convencional
B57: municipal solid waste
B58: hard coal w CCS
B59: natural gas combined cycle w CCS
B60: biomass w CCS
B61: lignite w CCS
B62: small modular reactor
B63: hydrogen combustion turbine
B64: hydrogen combined cycle

Sheet Gen2022-2023
C1: 2022 | D1: 2023
B2: Eolica | C2: 20302337 | D2: 20699882
B3: Fotovoltaica | C3: 16287206 | D3: 18209101
B4: Biomasa | C4: 95359 | D4: 96959
B5: Carboelectrica | C5: 14191640 | D5: 14237878
B6: Ciclo Combinado | C6: 193994868 | D6: 203605022
B7: Combustion Interna | C7: 1843740 | D7: 3636195
B8: Geotermoelectrica | C8: 4368545 | D8: 4113284
B9: Hidroelectrica | C9: 35551309 | D9: 20595830
B10: Nucleoelectrica | C10: 10538743 | D10: 12043391
B11: Termica Convencional | C11: 21116986 | D11: 31182145
B12: Turbo Gas | C12: 15486778 | D12: 17849573

Sheet Cap2020-2023
A1: Cuadro A1.4 Capacidad instalada interconectada de la CFE y del resto de los permisionarios (MW), se excluyen centrales en pruebas
A2: Tecnología | B2: 2020 | C2: 2021 | D2: 2022 | E2: 2023
A3: Hidroeléctrica | B3: 12612 | C3: 12614 | D3: 12613 | E3: 12612
A4: Geotermoeléctrica | B4: 951 | C4: 976 | D4: 976 | E4: 976
A5: Eoloeléctrica | B5: 6504 | C5: 6977 | D5: 6921 | E5: 7055
A6: Fotovoltaica | B6: 5149 | C6: 5955 | D6: 6535 | E6: 7469
A7: Bioenergía | B7: 378 | C7: 378 | D7: 408 | E7: 407
A8: Suma limpia renovable | B8: =SUM(B3:B7) -> 25594 | C8: =SUM(C3:C7) -> 26900 | D8: =SUM(D3:D7) -> 27453 | E8: =SUM(E3:E7) -> 28519
A9: Nucleoelectrica | B9: 1608 | C9: 1608 | D9: 1608 | E9: 1608
A10: Cogeneración eficiente | B10: 2305 | C10: 2305 | D10: 2308 | E10: 2322
A11: Suma limpia no renovable | B11: =SUM(B9:B10) -> 3913 | C11: =SUM(C9:C10) -> 3913 | D11: =SUM(D9:D10) -> 3916 | E11: =SUM(E9:E10) -> 3930
A12: Total capacidad de energía limpia | B12: =B11+B8 -> 29507 | C12: =C11+C8 -> 30813 | D12: =D11+D8 -> 31369 | E12: =E11+E8 -> 32449
A13: Porcentaje | B13: =B12/B19 -> 0.35498424 | C13: =C12/C19 -> 0.35765025 | D13: =D12/D19 -> 0.36002112 | E13: =E12/E19 -> 0.36456683
A14: Ciclo combinado | B14: 31948 | C14: 33640 | D14: 34413 | E14: 35178
A15: Termica convencional | B15: 11809 | C15: 11793 | D15: 11343 | E15: 11300
A16: Turbogas | B16: 3545 | C16: 3744 | D16: 3815 | E16: 3888
A17: Combsutión interna | B17: 850 | C17: 701 | D17: 728 | E17: 729
A18: Carboeléctrica | B18: 5463 | C18: 5463 | D18: 5463 | E18: 5463
A19: Total | B19: =SUM(B14:B18,B12) -> 83122 | C19: =SUM(C14:C18,C12) -> 86154 | D19: =SUM(D14:D18,D12) -> 87131 | E19: =SUM(E14:E18,E12) -> 89007

Sheet 2012-2021
A1: CAP(t,ā) | B1: Capacidad instalada por tecnología y año histórico
B2: 2012 | C2: 2013 | D2: 2014 | E2: 2015 | F2: 2016 | G2: 2017 | H2: 2018 | I2: 2019 | J2: 2020 | K2: 2021
A3: Ciclo combinado | B3: 18029 | C3: 22830 | D3: 23309 | E3: 24043 | F3: 27274 | G3: 28084 | H3: 34860 | I3: 38265 | J3: 40763 | K3: 41613
A4: Termoeléctrica convencional | B4: 13765 | C4: 15246 | D4: 14614 | E4: 13881 | F4: 14217 | G4: 14383 | H4: 12503 | I4: 12584 | J4: 12399 | K4: 12399
A5: Carboeléctrica | B5: 5378 | C5: 5378 | D5: 5378 | E5: 5378 | F5: 5378 | G5: 5378 | H5: 5498 | I5: 5498 | J5: 5498 | K5: 5498
A6: Turbogás | B6: 2658 | C6: 3418 | D6: 3419 | E6: 4904 | F6: 5052 | G6: 5136 | H6: 5087 | I6: 5308 | J6: 6078 | K6: 6078
A7: Combustión Interna | B7: 1052 | C7: 1146 | D7: 1312 | E7: 1163 | F7: 1453 | G7: 1634 | H7: 2045 | I7: 2118 | J7: 2189 | K7: 2190
A8: Nuclear | B8: 1610 | C8: 1400 | D8: 1400 | E8: 1510 | F8: 1608 | G8: 1608 | H8: 1634 | I8: 1634 | J8: 1634 | K8: 1634
A9: Hidroeléctrica | B9: 11498 | C9: 11679 | D9: 12429 | E9: 12489 | F9: 12589 | G9: 12642 | H9: 12641 | I9: 12641 | J9: 12641 | K9: 12643
A10: Eólica | B10: 1158 | C10: 1611 | D10: 2036 | E10: 2805 | F10: 3735 | G10: 4199 | H10: 4855 | I10: 6040 | J10: 6454 | K10: 6454
A11: Geotérmica | B11: 812 | C11: 823 | D11: 813 | E11: 926 | F11: 909 | G11: 926 | H11: 997 | I11: 997 | J11: 997 | K11: 997
A12: Solar | B12: 6 | C12: 46 | D12: 56 | E12: 56 | F12: 145 | G12: 214 | H12: 1946 | I12: 4598 | J12: 5630 | K12: 6830
A13: Biomasa | B13: 492 | C13: 554 | D13: 685 | E13: 760 | F13: 889 | G13: 1007 | H13: 1082 | I13: 1016 | J13: 1201 | K13: 1201
A14: Generación distribuida | B14: 15 | C14: 29 | D14: 62 | E14: 118 | F14: 248 | G14: 459 | H14: 693 | I14: 1083 | J14: 1551 | K14: 2031
... A18: Concentración solar | B18: 0 | C18: 0 | D18: 0 | E18: 0 | F18: 0 | G18: 0 | H18: 0 | I18: 0 | J18: 0 | K18: 0
A21: GEN.N(t,ā) | B21: Generación neta por tecnología y año histórico
B22: 2012 | C22: 2013 | D22: 2014 | E22: 2015 | F22: 2016 | G22: 2017 | H22: 2018 | I22: 2019 | J22: 2020 | K22: 2021
A23: Ciclo combinado | B23: 129331590 | C23: 139162757 | D23: 145335722 | E23: 151463563 | F23: 152587411 | G23: 154128126 | H23: 159082959 | I23: 171368943 | J23: 181382154 | K23: 184444135
A24: Termoeléctrica convencional | B24: 59561147 | C24: 55036664 | D24: 40410894 | E24: 42474410 | F24: 42023428 | G24: 43947148 | H24: 40010763 | I24: 38661529 | J24: 23095298 | K24: 23495780
A25: Carboeléctrica | B25: 35018872 | C25: 34641891 | D25: 34066857 | E25: 34056857 | F25: 34532398 | G25: 28663360 | H25: 27344983 | I25: 21609445 | J25: 12500718 | K25: 8703941
A26: Turbogás | B26: 7624532 | C26: 7088706 | D26: 9249223 | E26: 11806728 | F26: 12719487 | G26: 14687034 | H26: 14392288 | I26: 16352558 | J26: 14087648 | K26: 15875312
A27: Combustión Interna | B27: 2000855 | C27: 2152886 | D27: 2339164 | E27: 2687125 | F27: 3169777 | G27: 2333057 | H27: 2565641 | I27: 3170220 | J27: 2871416 | K27: 2057546
A28: Nuclear | B28: 8192869 | C28: 11389115 | D28: 9807663 | E28: 11734761 | F28: 10667410 | G28: 10571136 | H28: 13198780 | I28: 10879189 | J28: 10844159 | K28: 11604710
A29: Hidroeléctrica | B29: 32834971 | C29: 28869215 | D29: 39418150 | E29: 31312968 | F29: 31202113 | G29: 31660121 | H29: 32205816 | I29: 23601751 | J29: 26764499 | K29: 34692471
A30: Eólica | B30: 3688311 | C30: 4243237 | D30: 6512767 | E30: 8864169 | F30: 10562222 | G30: 10454444 | H30: 12432938 | I30: 16724388 | J30: 19611291 | K30: 21046312
A31: Geotérmica | B31: 5886681 | C31: 6152271 | D31: 6081015 | E31: 6417273 | F31: 6206302 | G31: 5706169 | H31: 5024663 | I31: 5004941 | J31: 4507430 | K31: 4198496
A32: Solar | B32: 2811 | C32: 19709 | D32: 86148 | E32: 79063 | F32: 161517 | G32: 346947 | H32: 2174389 | I32: 8391865 | J32: 13480212 | K32: 17070210
A33: Biomasa | B33: 1231312 | C33: 1086854 | D33: 1406020 | E33: 1388420 | F33: 1485058 | G33: 1884844 | H33: 1989116 | I33: 1861586 | J33: 2216007 | K33: 1531996
A34: Generación distribuida | B34: 26047 | C34: 51139 | D34: 108602 | E34: 206329 | F34: 432876 | G34: 795392 | H34: 1199886 | I34: 1876363 | J34: 2686390 | K34: 3517980
... A38: Concentración solar | B38: 0 | C38: 0 | D38: 0 | E38: 0 | F38: 0 | G38: 0 | H38: 0 | I38: 0 | J38: 0 | K38: 0
A39: GEN.B(t,ā) | B39: Generación bruta por tecnología y año histórico
B40: 2012 | C40: 2013 | D40: 2014 | E40: 2015 | F40: 2016 | G40: 2017 | H40: 2018 | I40: 2019 | J40: 2020 | K40: 2021
A41: Ciclo combinado | B41: 132704169 | C41: 142791703 | D41: 149125640 | E41: 155413277 | F41: 156566431 | G41: 158147324 | H41: 163231364 | I41: 175837729 | J41: 186112055 | K41: 189253883
A42: Termoeléctrica convencional | B42: 63432622 | C42: 58614048 | D42: 43037603 | E42: 45235248 | F42: 44754951 | G42: 46803713 | H42: 42611463 | I42: 41174529 | J42: 24596493 | K42: 25023006
A43: Carboeléctrica | B43: 37575247 | C43: 37170747 | D43: 36553735 | E43: 36543005 | F43: 37053261 | G43: 30755783 | H43: 29341165 | I43: 23186933 | J43: 13413269 | K43: 9339328
A44: Turbogás | B44: 7827104 | C44: 7277041 | D44: 9494960 | E44: 12120414 | F44: 13057423 | G44: 15077244 | H44: 14774667 | I44: 16787019 | J44: 14461934 | K44: 16297093
A45: Combustión Interna | B45: 2060881 | C45: 2217472 | D45: 2409338 | E45: 2767739 | F45: 3264870 | G45: 2403048 | H45: 2642610 | I45: 3265326 | J45: 2957558 | K45: 2119272
A46: Nuclear | B46: 8479620 | C46: 11787734 | D46: 10150931 | E46: 12145478 | F46: 11040769 | G46: 10941126 | H46: 13660737 | I46: 11259961 | J46: 11223705 | K46: 12010875
A47: Hidroeléctrica | B47: 33166638 | C47: 29160823 | D47: 39816313 | E47: 31629261 | F47: 31517286 | G47: 31979920 | H47: 32531127 | I47: 23840153 | J47: 27034847 | K47: 35042900
A48: Eólica | B48: 3725567 | C48: 4286098 | D48: 6578552 | E48: 8953706 | F48: 10668911 | G48: 10560044 | H48: 12558523 | I48: 16893321 | J48: 19809385 | K48: 21258901
A49: Geotérmica | B49: 6186901 | C49: 6466036 | D49: 6391146 | E49: 6744554 | F49: 6522823 | G49: 5997183 | H49: 5280920 | I49: 5260193 | J49: 4737309 | K49: 4412619
A50: Solar | B50: 2854 | C50: 20009 | D50: 87460 | E50: 80267 | F50: 163977 | G50: 352230 | H50: 2207502 | I50: 8519660 | J50: 13685494 | K50: 17330162
A51: Biomasa | B51: 1266521 | C51: 1117933 | D51: 1446225 | E51: 1428122 | F51: 1527523 | G51: 1938741 | H51: 2045995 | I51: 1914818 | J51: 2279374 | K51: 1575803
A52: Generación distribuida | B52: 26310 | C52: 51656 | D52: 109699 | E52: 208413 | F52: 437249 | G52: 803426 | H52: 1212006 | I52: 1895316 | J52: 2713525 | K52: 3553515
... A56: Concentración solar | B56: 0 | C56: 0 | D56: 0 | E56: 0 | F56: 0 | G56: 0 | H56: 0 | I56: 0 | J56: 0 | K56: 0
A57: FP(t,ā) | B57: Factor de planta por tecnología y año histórico
B58: 2012 | C58: 2013 | D58: 2014 | E58: 2015 | F58: 2016 | G58: 2017 | H58: 2018 | I58: 2019 | J58: 2020 | K58: 2021
A59: Ciclo combinado | B59: 0.8189 | C59: 0.6958 | D59: 0.7118 | E59: 0.7191 | F59: 0.6387 | G59: 0.6265 | H59: 0.5209 | I59: 0.5112 | J59: 0.508 | K59: 0.506
A60: Termoeléctrica convencional | B60: 0.494 | C60: 0.4121 | D60: 0.3157 | E60: 0.3493 | F60: 0.3374 | G60: 0.3488 | H60: 0.3653 | I60: 0.3507 | J60: 0.2126 | K60: 0.2163
A61: Carboeléctrica | B61: 0.7433 | C61: 0.7353 | D61: 0.7231 | E61: 0.7229 | F61: 0.733 | G61: 0.6084 | H61: 0.5677 | I61: 0.4486 | J61: 0.2595 | K61: 0.1807
A62: Turbogás | B62: 0.3274 | C62: 0.2368 | D62: 0.3088 | E62: 0.2748 | F62: 0.2874 | G62: 0.3264 | H62: 0.323 | I62: 0.3517 | J62: 0.2646 | K62: 0.2982
A63: Combustión Interna | B63: 0.2172 | C63: 0.2145 | D63: 0.2035 | E63: 0.2638 | F63: 0.249 | G63: 0.163 | H63: 0.1433 | I63: 0.1708 | J63: 0.1497 | K63: 0.1072
A64: Nuclear | B64: 0.5809 | C64: 0.9287 | D64: 0.7997 | E64: 0.8871 | F64: 0.7573 | G64: 0.7505 | H64: 0.9221 | I64: 0.76 | J64: 0.7576 | K64: 0.8107
A65: Hidroeléctrica | B65: 0.326 | C65: 0.2822 | D65: 0.362 | E65: 0.2862 | F65: 0.2829 | G65: 0.2859 | H65: 0.2908 | I65: 0.2131 | J65: 0.2417 | K65: 0.3132
A66: Eólica | B66: 0.3637 | C66: 0.3007 | D66: 0.3652 | E66: 0.3607 | F66: 0.3228 | G66: 0.2842 | H66: 0.2923 | I66: 0.3161 | J66: 0.3469 | K66: 0.3723
A67: Geotérmica | B67: 0.828 | C67: 0.8534 | D67: 0.8538 | E67: 0.7911 | F67: 0.7794 | G67: 0.7034 | H67: 0.5752 | I67: 0.5729 | J67: 0.516 | K67: 0.4806
A68: Solar | B68: 0.0535 | C68: 0.0489 | D68: 0.1756 | E68: 0.1612 | F68: 0.1272 | G68: 0.1851 | H68: 0.1275 | I68: 0.2084 | J68: 0.2733 | K68: 0.2853
A69: Biomasa | B69: 0.2857 | C69: 0.224 | D69: 0.2343 | E69: 0.2085 | F69: 0.1907 | G69: 0.2137 | H69: 0.2098 | I69: 0.2093 | J69: 0.2107 | K69: 0.1457
A70: Generación distribuida | B70: 0.2001 | C70: 0.2004 | D70: 0.2004 | E70: 0.2004 | F70: 0.1996 | G70: 0.1977 | H70: 0.1977 | I70: 0.1977 | J70: 0.1977 | K70: 0.1977
... A74: Concentración solar | B74: 0 | C74: 0 | D74: 0 | E74: 0 | F74: 0 | G74: 0 | H74: 0 | I74: 0 | J74: 0 | K74: 0
A75: UP(t,ā) | B75: Usos propios por tecnología y año histórico
B76: 2012 | C76: 2013 | D76: 2014 | E76: 2015 | F76: 2016 | G76: 2017 | H76: 2018 | I76: 2019 | J76: 2020 | K76: 2021
A77: Ciclo combinado | B77: 3372579 | C77: 3628946 | D77: 3789918 | E77: 3949714 | F77: 3979020 | G77: 4019198 | H77: 4148405 | I77: 4468786 | J77: 4729901 | K77: 4809748
A78: Termoeléctrica convencional | B78: 3871475 | C78: 3577384 | D78: 2626709 | E78: 2760838 | F78: 2731523 | G78: 2856565 | H78: 2600700 | I78: 2513000 | J78: 1501195 | K78: 1527226
A79: Carboeléctrica | B79: 2556375 | C79: 2528856 | D79: 2486878 | E79: 2486148 | F79: 2520863 | G79: 2092423 | H79: 1996182 | I79: 1577488 | J79: 912551 | K79: 635387
A80: Turbogás | B80: 202572 | C80: 188335 | D80: 245737 | E80: 313686 | F80: 337936 | G80: 390210 | H80: 382379 | I80: 434461 | J80: 374286 | K80: 421781
A81: Combustión Interna | B81: 60026 | C81: 64586 | D81: 70174 | E81: 80614 | F81: 95093 | G81: 69991 | H81: 76969 | I81: 95106 | J81: 86142 | K81: 61726
A82: Nuclear | B82: 286751 | C82: 398619 | D82: 343268 | E82: 410717 | F82: 373359 | G82: 369990 | H82: 461957 | I82: 380772 | J82: 379546 | K82: 406165
A83: Hidroeléctrica | B83: 331667 | C83: 291608 | D83: 398163 | E83: 316293 | F83: 315173 | G83: 319799 | H83: 325311 | I83: 238402 | J83: 270348 | K83: 350429
A84: Eólica | B84: 37256 | C84: 42861 | D84: 65785 | E84: 89537 | F84: 106689 | G84: 105600 | H84: 125585 | I84: 168933 | J84: 198094 | K84: 212589
A85: Geotérmica | B85: 300220 | C85: 313765 | D85: 310131 | E85: 327281 | F85: 316521 | G85: 291014 | H85: 256257 | I85: 255252 | J85: 229879 | K85: 214123
A86: Solar | B86: 43 | C86: 300 | D86: 1312 | E86: 1204 | F86: 2460 | G86: 5283 | H86: 33113 | I86: 127795 | J86: 205282 | K86: 259952
A87: Biomasa | B87: 35209 | C87: 31079 | D87: 40205 | E87: 39702 | F87: 42465 | G87: 53897 | H87: 56879 | I87: 53232 | J87: 63367 | K87: 43807
A88: Generación distribuida | B88: 263 | C88: 517 | D88: 1097 | E88: 2084 | F88: 4373 | G88: 8034 | H88: 12120 | I88: 18953 | J88: 27135 | K88: 35535
... A92: Concentración solar | B92: 0 | C92: 0 | D92: 0 | E92: 0 | F92: 0 | G92: 0 | H92: 0 | I92: 0 | J92: 0 | K92: 0
A93: RT(t,ā) | B93: Regimen térmico por tecnología y año histórico
B94: 2012 | C94: 2013 | D94: 2014 | E94: 2015 | F94: 2016 | G94: 2017 | H94: 2018 | I94: 2019 | J94: 2020 | K94: 2021
A95: Ciclo combinado | B95: 7.61 | C95: 7.76 | D95: 7.59 | E95: 8.21 | F95: 9.05 | G95: 8.75 | H95: 9.12 | I95: 8.22 | J95: 8.04 | K95: 8.09
A96: Termoeléctrica convencional | B96: 10.12 | C96: 9.91 | D96: 9.68 | E96: 9.41 | F96: 10.62 | G96: 10.83 | H96: 11.08 | I96: 10.69 | J96: 13.11 | K96: 13.25
A97: Carboeléctrica | B97: 9.35 | C97: 8.96 | D97: 9.66 | E97: 9.74 | F97: 10.06 | G97: 10.29 | H97: 10.76 | I97: 13.23 | J97: 12.23 | K97: 10.6
A98: Turbogás | B98: 10.13 | C98: 10.12 | D98: 9.47 | E98: 8.77 | F98: 11.01 | G98: 11.29 | H98: 11.54 | I98: 10.67 | J98: 10.95 | K98: 10.21
A99: Combustión Interna | B99: 11.73 | C99: 11.75 | D99: 11.01 | E99: 10.11 | F99: 12.7 | G99: 13.05 | H99: 13.34 | I99: 12.37 | J99: 11.75 | K99: 13.58
A100: Nuclear | B100: 10.77 | C100: 10.4 | D100: 9.91 | E100: 9.91 | F100: 9.96 | G100: 10.35 | H100: 11.42 | I100: 11.09 | J100: 11.19 | K100: 10.41
A101: Biomasa | B101: 41.82 | C101: 52.39 | D101: 47.12 | E101: 47.9 | F101: 46.09 | G101: 33.76 | H101: 31.58 | I101: 39.47 | J101: 38.53 | K101: 35.26
A102: C.E.GEN(t,e,ā) | B102: Consumo energético por tecnología, energético y año histórico
A103: Ciclo combinado | B103: 2012 | C103: 2013 | D103: 2014 | E103: 2015 | F103: 2016 | G103: 2017 | H103: 2018 | I103: 2019 | J103: 2020 | K103: 2021
A104: Gas seco | B104: 1009.23 | C104: 1108.1 | D104: 1131.19 | E104: 1275.2 | F104: 1416.37 | G104: 1383.12 | H104: 1488.74 | I104: 1445.94 | J104: 1496.7 | K104: 1531.81
A105: Termoeléctrica convencional | B105: 2012 | C105: 2013 | D105: 2014 | E105: 2015 | F105: 2016 | G105: 2017 | H105: 2018 | I105: 2019 | J105: 2020 | K105: 2021
A106: Coque de petróleo | B106: 38.39 | C106: 36.12 | D106: 39 | E106: 39.34 | F106: 34.91 | G106: 38.54 | H106: 38.04 | I106: 34.33 | J106: 37.84 | K106: 34.62
A107: Combustóleo | B107: 460.77 | C107: 413.72 | D107: 258.52 | E107: 248.4 | F107: 273.3 | G107: 312.37 | H107: 268.52 | I107: 258.03 | J107: 187.69 | K107: 193.22
A108: Gas seco | B108: 142.69 | C108: 131.3 | D108: 119.29 | E108: 138.13 | F108: 167.18 | G108: 156.1 | H108: 165.6 | I108: 147.62 | J108: 97.02 | K108: 103.72
A109: Carboeléctrica | B109: 2012 | C109: 2013 | D109: 2014 | E109: 2015 | F109: 2016 | G109: 2017 | H109: 2018 | I109: 2019 | J109: 2020 | K109: 2021
A110: Carbón | B110: 351.49 | C110: 332.87 | D110: 353.1 | E110: 356.11 | F110: 372.85 | G110: 316.59 | H110: 315.71 | I110: 306.73 | J110: 164.1 | K110: 99.04
A111: Turbogás | B111: 2012 | C111: 2013 | D111: 2014 | E111: 2015 | F111: 2016 | G111: 2017 | H111: 2018 | I111: 2019 | J111: 2020 | K111: 2021
A112: GLP | B112: 5.53 | C112: 5.54 | D112: 5.14 | E112: 5.09 | F112: 3.6 | G112: 2.3 | H112: 3.66 | I112: 0.36 | J112: 0 | K112: 0
A113: Diésel | B113: 25.65 | C113: 21.41 | D113: 14.21 | E113: 16.89 | F113: 23.01 | G113: 26.57 | H113: 34.14 | I113: 42.31 | J113: 30.22 | K113: 29.2
A114: Gas seco | B114: 48.08 | C114: 46.69 | D114: 70.6 | E114: 84.37 | F114: 117.2 | G114: 141.41 | H114: 132.71 | I114: 136.47 | J114: 128.16 | K114: 137.15
... A122: Bagazos | B122: 52.97 | C122: 58.57 | D122: 68.15 | E122: 68.41 | F122: 70.41 | G122: 65.46 | H122: 64.61 | I122: 75.57 | J122: 87.82 | K122: 55.56

Sheet BNE23
I2: 2022 | J2: 2023
H3: Carbón | I3: 111.31 | J3: 145.12
H4: Uranio | I4: 152.77 | J4: 175.7
H5: Biogas | I5: 2.4 | J5: 2.15
H6: Coque de petroleo | I6: 37.78 | J6: 32.61
H7: Diesel | I7: 60 | J7: 38.76
H8: Combustoleo | I8: 228.96 | J8: 233.27
H9: Gas seco | I9: 2216.41 | J9: 2242.49
H10: Bagazo de caña | I10: 48.13 | J10: 46.37
H11: Gas licuado | I11: 0 | J11: 0
H12: Otros | I12: 33.75 | J12: 24
B18: Ciclo combinado
B19: Gas seco | C19: 1531.81
B20: Termoeléctrica convencional
B21: Coque de petróleo | C21: 34.62
B22: Combustóleo | C22: 193.22
B23: Gas seco | C23: 103.72
B24: Turbogás
B25: GLP | C25: 0
B26: Diésel | C26: 29.2
B27: Gas seco | C27: 137.15
B28: Combustión Interna
B29: Biogás | C29: 2.71
B30: Diésel | C30: 3.07 | D30: =I7 -> 60 | E30: =J7 -> 38.76
B31: Gas seco | C31: 23.01

Sheet Calculations
A1: Evolución de la capacidad (MW)
B2: ='2012-2021'!B2 -> 2012 | C2: ='2012-2021'!C2 -> 2013 | D2: ='2012-2021'!D2 -> 2014 | E2: ='2012-2021'!E2 -> 2015 | F2: ='2012-2021'!F2 -> 2016 | G2: ='2012-2021'!G2 -> 2017 | H2: ='2012-2021'!H2 -> 2018 | I2: ='2012-2021'!I2 -> 2019 | ... K2: ='2012-2021'!K2 -> 2021 | L2: 2022 | M2: 2023
A3: Ciclo combinado | B3: ='2012-2021'!B3 -> 18029 | C3: ='2012-2021'!C3 -> 22830 | D3: ='2012-2021'!D3 -> 23309 | E3: ='2012-2021'!E3 -> 24043 | F3: ='2012-2021'!F3 -> 27274 | G3: ='2012-2021'!G3 -> 28084 | H3: =AVERAGE(G3,J3) -> 30016 | I3: =AVERAGE(H3,K3) -> 31828 | J3: ='Cap2020-2023'!B14 -> 31948 | K3: ='Cap2020-2023'!C14 -> 33640 | L3: ='Cap2020-2023'!D14 -> 34413 | M3: ='Cap2020-2023'!E14 -> 35178
A4: Termoeléctrica convencional | B4: ='2012-2021'!B4 -> 13765 | C4: ='2012-2021'!C4 -> 15246 | D4: ='2012-2021'!D4 -> 14614 | E4: ='2012-2021'!E4 -> 13881 | F4: ='2012-2021'!F4 -> 14217 | G4: ='2012-2021'!G4 -> 14383 | H4: ='2012-2021'!H4 -> 12503 | I4: ='2012-2021'!I4 -> 12584 | ... K4: ='2012-2021'!K4 -> 12399 | L4: ='Cap2020-2023'!D15 -> 11343 | M4: ='Cap2020-2023'!E15 -> 11300
A5: Carboeléctrica | B5: ='2012-2021'!B5 -> 5378 | C5: ='2012-2021'!C5 -> 5378 | D5: ='2012-2021'!D5 -> 5378 | E5: ='2012-2021'!E5 -> 5378 | F5: ='2012-2021'!F5 -> 5378 | G5: ='2012-2021'!G5 -> 5378 | H5: ='2012-2021'!H5 -> 5498 | I5: ='2012-2021'!I5 -> 5498 | ... K5: ='2012-2021'!K5 -> 5498 | L5: ='Cap2020-2023'!D18 -> 5463 | M5: ='Cap2020-2023'!E18 -> 5463
A6: Turbogás | B6: ='2012-2021'!B6 -> 2658 | C6: ='2012-2021'!C6 -> 3418 | D6: ='2012-2021'!D6 -> 3419 | E6: ='2012-2021'!E6 -> 4904 | F6: ='2012-2021'!F6 -> 5052 | G6: ='2012-2021'!G6 -> 5136 | H6: ='2012-2021'!H6 -> 5087 | I6: ='2012-2021'!I6 -> 5308 | J6: ='Cap2020-2023'!B16+'Cap2020-2023'!B10*0.5 -> 4697.5 | K6: ='Cap2020-2023'!C16+'Cap2020-2023'!C10*0.5 -> 4896.5 | L6: ='Cap2020-2023'!D16+'Cap2020-2023'!D10*0.5 -> 4969 | M6: ='Cap2020-2023'!E16+'Cap2020-2023'!E10*0.5 -> 5049
A7: Combustión Interna | B7: ='2012-2021'!B7 -> 1052 | C7: ='2012-2021'!C7 -> 1146 | D7: ='2012-2021'!D7 -> 1312 | E7: ='2012-2021'!E7 -> 1163 | F7: ='2012-2021'!F7 -> 1453 | G7: ='2012-2021'!G7 -> 1634 | H7: ='2012-2021'!H7 -> 2045 | I7: ='2012-2021'!I7 -> 2118 | J7: ='Cap2020-2023'!B17+'Cap2020-2023'!B10*0.25 -> 1426.25 | K7: ='Cap2020-2023'!C17+'Cap2020-2023'!C10*0.25 -> 1277.25 | L7: ='Cap2020-2023'!D17+'Cap2020-2023'!D10*0.25 -> 1305 | M7: ='Cap2020-2023'!E17+'Cap2020-2023'!E10*0.25 -> 1309.5
A8: Nuclear | B8: ='2012-2021'!B8 -> 1610 | C8: ='2012-2021'!C8 -> 1400 | D8: ='2012-2021'!D8 -> 1400 | E8: ='2012-2021'!E8 -> 1510 | F8: ='2012-2021'!F8 -> 1608 | G8: ='2012-2021'!G8 -> 1608 | H8: ='2012-2021'!H8 -> 1634 | I8: ='2012-2021'!I8 -> 1634 | ... K8: ='2012-2021'!K8 -> 1634 | L8: ='Cap2020-2023'!D9 -> 1608 | M8: ='Cap2020-2023'!E9 -> 1608
A9: Hidroeléctrica | B9: ='2012-2021'!B9 -> 11498 | C9: ='2012-2021'!C9 -> 11679 | D9: ='2012-2021'!D9 -> 12429 | E9: ='2012-2021'!E9 -> 12489 | F9: ='2012-2021'!F9 -> 12589 | G9: ='2012-2021'!G9 -> 12642 | H9: ='2012-2021'!H9 -> 12641 | I9: ='2012-2021'!I9 -> 12641 | ... K9: ='2012-2021'!K9 -> 12643 | L9: ='Cap2020-2023'!D3 -> 12613 | M9: ='Cap2020-2023'!E3 -> 12612
A10: Eólica | B10: ='2012-2021'!B10 -> 1158 | C10: ='2012-2021'!C10 -> 1611 | D10: ='2012-2021'!D10 -> 2036 | E10: ='2012-2021'!E10 -> 2805 | F10: ='2012-2021'!F10 -> 3735 | G10: ='2012-2021'!G10 -> 4199 | H10: ='2012-2021'!H10 -> 4855 | I10: ='2012-2021'!I10 -> 6040 | ... K10: ='2012-2021'!K10 -> 6454 | L10: ='Cap2020-2023'!D5 -> 6921 | M10: ='Cap2020-2023'!E5 -> 7055
A11: Geotérmica | B11: ='2012-2021'!B11 -> 812 | C11: ='2012-2021'!C11 -> 823 | D11: ='2012-2021'!D11 -> 813 | E11: ='2012-2021'!E11 -> 926 | F11: ='2012-2021'!F11 -> 909 | G11: ='2012-2021'!G11 -> 926 | H11: =G11 -> 926 | I11: =J11 -> 951 | J11: ='Cap2020-2023'!B4 -> 951 | K11: ='Cap2020-2023'!C4 -> 976 | L11: ='Cap2020-2023'!D4 -> 976 | M11: ='Cap2020-2023'!E4 -> 976
A12: Solar | B12: ='2012-2021'!B12 -> 6 | C12: ='2012-2021'!C12 -> 46 | D12: ='2012-2021'!D12 -> 56 | E12: ='2012-2021'!E12 -> 56 | F12: ='2012-2021'!F12 -> 145 | G12: ='2012-2021'!G12 -> 214 | H12: ='2012-2021'!H12 -> 1946 | I12: ='2012-2021'!I12 -> 4598 | J12: ='2012-2021'!J12 -> 5630 | K12: ='Cap2020-2023'!C6 -> 5955 | L12: ='Cap2020-2023'!D6 -> 6535 | M12: ='Cap2020-2023'!E6 -> 7469
A13: Biomasa | B13: ='2012-2021'!B13 -> 492 | C13: ='2012-2021'!C13 -> 554 | D13: ='2012-2021'!D13 -> 685 | E13: ='2012-2021'!E13 -> 760 | F13: ='2012-2021'!F13 -> 889 | G13: ='2012-2021'!G13 -> 1007 | H13: ='2012-2021'!H13 -> 1082 | I13: ='2012-2021'!I13 -> 1016 | J13: ='Cap2020-2023'!B7+'Cap2020-2023'!B10*0.25 -> 954.25 | K13: ='Cap2020-2023'!C7+'Cap2020-2023'!C10*0.277 -> 1016.485 | L13: ='Cap2020-2023'!D7+'Cap2020-2023'!D10*0.277 -> 1047.316 | M13: ='Cap2020-2023'!E7+'Cap2020-2023'!E10*0.277 -> 1050.194
B14: =SUM(B3:B13) -> 56458 | C14: =SUM(C3:C13) -> 64131 | D14: =SUM(D3:D13) -> 65451 | E14: =SUM(E3:E13) -> 67915 | F14: =SUM(F3:F13) -> 73249 | G14: =SUM(G3:G13) -> 75211 | H14: =SUM(H3:H13) -> 78233 | I14: =SUM(I3:I13) -> 84216 | ... M14: =SUM(M3:M13) -> 89069.694
A16: Evolución de la generación (MWh)
B17: 2012 | C17: 2013 | D17: 2014 | E17: 2015 | F17: 2016 | G17: 2017 | H17: 2018 | I17: 2019 | J17: 2020 | K17: 2021 | L17: 2022 | M17: 2023
A18: Ciclo combinado | B18: ='2012-2021'!B23 -> 129331590 | C18: ='2012-2021'!C23 -> 139162757 | D18: ='2012-2021'!D23 -> 145335722 | E18: ='2012-2021'!E23 -> 151463563 | F18: ='2012-2021'!F23 -> 152587411 | G18: ='2012-2021'!G23 -> 154128126 | H18: ='2012-2021'!H23 -> 159082959 | I18: ='2012-2021'!I23 -> 171368943 | ... K18: ='2012-2021'!K23 -> 184444135 | L18: ='Gen2022-2023'!C6 -> 193994868 | M18: ='Gen2022-2023'!D6 -> 203605022
A19: Termoeléctrica convencional | B19: ='2012-2021'!B24 -> 59561147 | C19: ='2012-2021'!C24 -> 55036664 | D19: ='2012-2021'!D24 -> 40410894 | E19: ='2012-2021'!E24 -> 42474410 | F19: ='2012-2021'!F24 -> 42023428 | G19: ='2012-2021'!G24 -> 43947148 | H19: ='2012-2021'!H24 -> 40010763 | I19: ='2012-2021'!I24 -> 38661529 | ... K19: ='2012-2021'!K24 -> 23495780 | L19: ='Gen2022-2023'!C11 -> 21116986 | M19: ='Gen2022-2023'!D11 -> 31182145
A20: Carboeléctrica | B20: ='2012-2021'!B25 -> 35018872 | C20: ='2012-2021'!C25 -> 34641891 | D20: ='2012-2021'!D25 -> 34066857 | E20: ='2012-2021'!E25 -> 34056857 | F20: ='2012-2021'!F25 -> 34532398 | G20: ='2012-2021'!G25 -> 28663360 | H20: ='2012-2021'!H25 -> 27344983 | I20: ='2012-2021'!I25 -> 21609445 | ... K20: ='2012-2021'!K25 -> 8703941 | L20: ='Gen2022-2023'!C5 -> 14191640 | M20: ='Gen2022-2023'!D5 -> 14237878
A21: Turbogás | B21: ='2012-2021'!B26 -> 7624532 | C21: ='2012-2021'!C26 -> 7088706 | D21: ='2012-2021'!D26 -> 9249223 | E21: ='2012-2021'!E26 -> 11806728 | F21: ='2012-2021'!F26 -> 12719487 | G21: ='2012-2021'!G26 -> 14687034 | H21: ='2012-2021'!H26 -> 14392288 | I21: ='2012-2021'!I26 -> 16352558 | ... K21: ='2012-2021'!K26 -> 15875312 | L21: ='Gen2022-2023'!C12 -> 15486778 | M21: ='Gen2022-2023'!D12 -> 17849573
A22: Combustión Interna | B22: ='2012-2021'!B27 -> 2000855 | C22: ='2012-2021'!C27 -> 2152886 | D22: ='2012-2021'!D27 -> 2339164 | E22: ='2012-2021'!E27 -> 2687125 | F22: ='2012-2021'!F27 -> 3169777 | G22: ='2012-2021'!G27 -> 2333057 | H22: ='2012-2021'!H27 -> 2565641 | I22: ='2012-2021'!I27 -> 3170220 | ... K22: ='2012-2021'!K27 -> 2057546 | L22: ='Gen2022-2023'!C7 -> 1843740 | M22: ='Gen2022-2023'!D7 -> 3636195
A23: Nuclear | B23: ='2012-2021'!B28 -> 8192869 | C23: ='2012-2021'!C28 -> 11389115 | D23: ='2012-2021'!D28 -> 9807663 | E23: ='2012-2021'!E28 -> 11734761 | F23: ='2012-2021'!F28 -> 10667410 | G23: ='2012-2021'!G28 -> 10571136 | H23: ='2012-2021'!H28 -> 13198780 | I23: ='2012-2021'!I28 -> 10879189 | ... K23: ='2012-2021'!K28 -> 11604710 | L23: ='Gen2022-2023'!C10 -> 10538743 | M23: ='Gen2022-2023'!D10 -> 12043391
A24: Biomasa | B24: ='2012-2021'!B33 -> 1231312 | C24: ='2012-2021'!C33 -> 1086854 | D24: ='2012-2021'!D33 -> 1406020 | E24: ='2012-2021'!E33 -> 1388420 | F24: ='2012-2021'!F33 -> 1485058 | G24: ='2012-2021'!G33 -> 1884844 | H24: ='2012-2021'!H33 -> 1989116 | I24: ='2012-2021'!I33 -> 1861586 | ... K24: ='2012-2021'!K33 -> 1531996 | L24: ='Gen2022-2023'!C4+$K24 -> 1627355 | M24: ='Gen2022-2023'!D4+$K24 -> 1628955
A26: Consumo de combustibles (PJ)
B27: 2012 | C27: 2013 | D27: 2014 | E27: 2015 | F27: 2016 | G27: 2017 | H27: 2018 | I27: 2019 | J27: 2020 | K27: 2021 | L27: 2022 | M27: 2023
A28: Ciclo combinado | B28: ='2012-2021'!B104 -> 1009.23 | C28: ='2012-2021'!C104 -> 1108.1 | D28: ='2012-2021'!D104 -> 1131.19 | E28: ='2012-2021'!E104 -> 1275.2 | F28: ='2012-2021'!F104 -> 1416.37 | G28: ='2012-2021'!G104 -> 1383.12 | H28: ='2012-2021'!H104 -> 1488.74 | I28: ='2012-2021'!I104 -> 1445.94 | ... K28: ='2012-2021'!K104 -> 1531.81 | L28: ='BNE23'!I9*0.85 -> 1883.9485 | M28: ='BNE23'!J9*0.9 -> 2018.241
A29: Termoeléctrica convencional | B29: =SUM('2012-2021'!B106:B108) -> 641.85 | C29: =SUM('2012-2021'!C106:C108) -> 581.14 | D29: =SUM('2012-2021'!D106:D108) -> 416.81 | E29: =SUM('2012-2021'!E106:E108) -> 425.87 | F29: =SUM('2012-2021'!F106:F108) -> 475.39 | G29: =SUM('2012-2021'!G106:G108) -> 507.01 | H29: =SUM('2012-2021'!H106:H108) -> 472.16 | I29: =SUM('2012-2021'!I106:I108) -> 439.98 | ... K29: =SUM('2012-2021'!K106:K108) -> 331.56 | L29: ='BNE23'!I6+'BNE23'!I8+'BNE23'!I9*0.025 -> 322.15025 | M29: ='BNE23'!J6+'BNE23'!J8+'BNE23'!J9*0.075 -> 434.06675
A30: Carboeléctrica | B30: ='2012-2021'!B110 -> 351.49 | C30: ='2012-2021'!C110 -> 332.87 | D30: ='2012-2021'!D110 -> 353.1 | E30: ='2012-2021'!E110 -> 356.11 | F30: ='2012-2021'!F110 -> 372.85 | G30: ='2012-2021'!G110 -> 316.59 | H30: ='2012-2021'!H110 -> 315.71 | I30: ='2012-2021'!I110 -> 306.73 | ... K30: ='2012-2021'!K110 -> 99.04 | L30: ='BNE23'!I3+'BNE23'!I12 -> 145.06 | M30: ='BNE23'!J3+'BNE23'!J12 -> 169.12
A31: Turbogás | B31: =SUM('2012-2021'!B112:B114) -> 79.26 | C31: =SUM('2012-2021'!C112:C114) -> 73.64 | D31: =SUM('2012-2021'!D112:D114) -> 89.95 | E31: =SUM('2012-2021'!E112:E114) -> 106.35 | F31: =SUM('2012-2021'!F112:F114) -> 143.81 | G31: =SUM('2012-2021'!G112:G114) -> 170.28 | H31: =SUM('2012-2021'!H112:H114) -> 170.51 | I31: =SUM('2012-2021'!I112:I114) -> 179.14 | ... K31: =SUM('2012-2021'!K112:K114) -> 166.35 | L31: ='BNE23'!I11+'BNE23'!I7*0.9+'BNE23'!I9*0.05 -> 164.8205 | M31: ='BNE23'!J11+'BNE23'!J7*0.9+'BNE23'!J9*0.075 -> 203.07075
A32: Combustión Interna | B32: =SUM('2012-2021'!B116:B118) -> 24.18 | C32: =SUM('2012-2021'!C116:C118) -> 26.05 | D32: =SUM('2012-2021'!D116:D118) -> 26.53 | E32: =SUM('2012-2021'!E116:E118) -> 27.98 | F32: =SUM('2012-2021'!F116:F118) -> 41.47 | G32: =SUM('2012-2021'!G116:G118) -> 31.36 | H32: =SUM('2012-2021'!H116:H118) -> 35.24 | I32: =SUM('2012-2021'!I116:I118) -> 40.4 | ... K32: =SUM('2012-2021'!K116:K118) -> 28.79 | L32: ='BNE23'!I5+'BNE23'!I7*0.1+'BNE23'!I9*0.01 -> 30.5641 | M32: ='BNE23'!J5+'BNE23'!J7*0.1+'BNE23'!J9*0.02 -> 50.8758
A33: Nuclear | B33: ='2012-2021'!B120 -> 91.32 | C33: ='2012-2021'!C120 -> 122.6 | D33: ='2012-2021'!D120 -> 100.6 | E33: ='2012-2021'!E120 -> 120.41 | F33: ='2012-2021'!F120 -> 109.95 | G33: ='2012-2021'!G120 -> 113.22 | H33: ='2012-2021'!H120 -> 156 | I33: ='2012-2021'!I120 -> 124.82 | ... K33: ='2012-2021'!K120 -> 124.99 | L33: ='BNE23'!I4 -> 152.77 | M33: ='BNE23'!J4 -> 175.7
A34: Biomasa | B34: ='2012-2021'!B122 -> 52.97 | C34: ='2012-2021'!C122 -> 58.57 | D34: ='2012-2021'!D122 -> 68.15 | E34: ='2012-2021'!E122 -> 68.41 | F34: ='2012-2021'!F122 -> 70.41 | G34: ='2012-2021'!G122 -> 65.46 | H34: ='2012-2021'!H122 -> 64.61 | I34: ='2012-2021'!I122 -> 75.57 | ... K34: ='2012-2021'!K122 -> 55.56 | L34: ='BNE23'!I10 -> 48.13 | M34: ='BNE23'!J10 -> 46.37
A36: Regimen térmico, incluye usos propios (GJ/MWh)
B37: 2012 | C37: 2013 | D37: 2014 | E37: 2015 | F37: 2016 | G37: 2017 | H37: 2018 | I37: 2019 | J37: 2020 | K37: 2021 | L37: 2022 | M37: 2023
A38: Ciclo combinado | B38: =B28/B18*1000000 -> 7.8034299 | C38: =C28/C18*1000000 -> 7.9626189 | D38: =D28/D18*1000000 -> 7.7832895 | E38: =E28/E18*1000000 -> 8.4191866 | F38: =F28/F18*1000000 -> 9.2823516 | G38: =G28/G18*1000000 -> 8.9738326 | H38: =H28/H18*1000000 -> 9.3582619 | I38: =I28/I18*1000000 -> 8.4375849 | ... M38: =M28/M18*1000000 -> 9.9125305
A39: Termoeléctrica convencional | B39: =B29/B19*1000000 -> 10.77632 | C39: =C29/C19*1000000 -> 10.559143 | D39: =D29/D19*1000000 -> 10.314298 | E39: =E29/E19*1000000 -> 10.026508 | F39: =F29/F19*1000000 -> 11.312499 | G39: =G29/G19*1000000 -> 11.536812 | H39: =H29/H19*1000000 -> 11.800825 | I39: =I29/I19*1000000 -> 11.380305 | ... M39: =M29/M19*1000000 -> 13.920362
A40: Carboeléctrica | B40: =B30/B20*1000000 -> 10.037159 | C40: =C30/C20*1000000 -> 9.6088865 | D40: =D30/D20*1000000 -> 10.364913 | E40: =E30/E20*1000000 -> 10.456338 | F40: =F30/F20*1000000 -> 10.797107 | G40: =G30/G20*1000000 -> 11.045111 | H40: =H30/H20*1000000 -> 11.545445 | I40: =I30/I20*1000000 -> 14.194256 | ... M40: =M30/M20*1000000 -> 11.878175
A41: Turbogás | B41: =B31/B21*1000000 -> 10.395392 | C41: =C31/C21*1000000 -> 10.388356 | D41: =D31/D21*1000000 -> 9.7251412 | E41: =E31/E21*1000000 -> 9.007576 | F41: =F31/F21*1000000 -> 11.306274 | G41: =G31/G21*1000000 -> 11.5939 | H41: =H31/H21*1000000 -> 11.847317 | I41: =I31/I21*1000000 -> 10.954861 | ... M41: =M31/M21*1000000 -> 11.376785
A42: Combustión Interna | B42: =B32/B22*1000000 -> 12.084834 | C42: =C32/C22*1000000 -> 12.100037 | D42: =D32/D22*1000000 -> 11.341659 | E42: =E32/E22*1000000 -> 10.412616 | F42: =F32/F22*1000000 -> 13.082939 | G42: =G32/G22*1000000 -> 13.441592 | H42: =H32/H22*1000000 -> 13.735359 | I42: =I32/I22*1000000 -> 12.743595 | ... M42: =M32/M22*1000000 -> 13.991494
A43: Nuclear | B43: =B33/B23*1000000 -> 11.146279 | C43: =C33/C23*1000000 -> 10.764664 | D43: =D33/D23*1000000 -> 10.257286 | E43: =E33/E23*1000000 -> 10.260967 | F43: =F33/F23*1000000 -> 10.307094 | G43: =G33/G23*1000000 -> 10.710296 | H43: =H33/H23*1000000 -> 11.819274 | I43: =I33/I23*1000000 -> 11.473282 | ... M43: =M33/M23*1000000 -> 14.588914
A44: Biomasa | B44: =B34/B24*1000000 -> 43.019154 | C44: =C34/C24*1000000 -> 53.889483 | D44: =D34/D24*1000000 -> 48.47015 | E44: =E34/E24*1000000 -> 49.271834 | F44: =F34/F24*1000000 -> 47.41229 | G44: =G34/G24*1000000 -> 34.729665 | H44: =H34/H24*1000000 -> 32.481766 | I44: =I34/I24*1000000 -> 40.594418 | ... M44: =M34/M24*1000000 -> 28.466103
A46: Capacity (MW)
B47: 2012 | C47: 2013 | D47: 2014 | E47: 2015 | F47: 2016 | G47: 2017 | H47: 2018 | I47: 2019 | J47: 2020 | K47: 2021 | L47: 2022 | M47: 2023
A48: hard coal | B48: =B5 -> 5378 | C48: =C5 -> 5378 | D48: =D5 -> 5378 | E48: =E5 -> 5378 | F48: =F5 -> 5378 | G48: =G5 -> 5378 | H48: =H5 -> 5498 | I48: =I5 -> 5498 | ... M48: =M5 -> 5463
A49: natural gas steam turbine | B49: =B7 -> 1052 | C49: =C7 -> 1146 | D49: =D7 -> 1312 | E49: =E7 -> 1163 | F49: =F7 -> 1453 | G49: =G7 -> 1634 | H49: =H7 -> 2045 | I49: =I7 -> 2118 | ... M49: =M7 -> 1309.5
A50: natural gas combined cycle | B50: =B3 -> 18029 | C50: =C3 -> 22830 | D50: =D3 -> 23309 | E50: =E3 -> 24043 | F50: =F3 -> 27274 | G50: =G3 -> 28084 | H50: =H3 -> 30016 | I50: =I3 -> 31828 | ... M50: =M3 -> 35178
A51: nuclear | B51: =B8 -> 1610 | C51: =C8 -> 1400 | D51: =D8 -> 1400 | E51: =E8 -> 1510 | F51: =F8 -> 1608 | G51: =G8 -> 1608 | H51: =H8 -> 1634 | I51: =I8 -> 1634 | ... M51: =M8 -> 1608
A52: hydro | B52: =B9 -> 11498 | C52: =C9 -> 11679 | D52: =D9 -> 12429 | E52: =E9 -> 12489 | F52: =F9 -> 12589 | G52: =G9 -> 12642 | H52: =H9 -> 12641 | I52: =I9 -> 12641 | ... M52: =M9 -> 12612
A53: onshore wind | B53: =B10 -> 1158 | C53: =C10 -> 1611 | D53: =D10 -> 2036 | E53: =E10 -> 2805 | F53: =F10 -> 3735 | G53: =G10 -> 4199 | H53: =H10 -> 4855 | I53: =I10 -> 6040 | ... M53: =M10 -> 7055
A54: solar PV | B54: =B12 -> 6 | C54: =C12 -> 46 | D54: =D12 -> 56 | E54: =E12 -> 56 | F54: =F12 -> 145 | G54: =G12 -> 214 | H54: =H12 -> 1946 | I54: =I12 -> 4598 | ... M54: =M12 -> 7469
A55: solar thermal
A56: biomass | B56: =B13 -> 492 | C56: =C13 -> 554 | D56: =D13 -> 685 | E56: =E13 -> 760 | F56: =F13 -> 889 | G56: =G13 -> 1007 | H56: =H13 -> 1082 | I56: =I13 -> 1016 | ... M56: =M13 -> 1050.194
A57: geothermal | B57: =B11 -> 812 | C57: =C11 -> 823 | D57: =D11 -> 813 | E57: =E11 -> 926 | F57: =F11 -> 909 | G57: =G11 -> 926 | H57: =H11 -> 926 | I57: =I11 -> 951 | ... M57: =M11 -> 976
A58: petroleum
A59: natural gas peaker | B59: =B6 -> 2658 | C59: =C6 -> 3418 | D59: =D6 -> 3419 | E59: =E6 -> 4904 | F59: =F6 -> 5052 | G59: =G6 -> 5136 | H59: =H6 -> 5087 | I59: =I6 -> 5308 | ... M59: =M6 -> 5049
A60: lignite
A61: offshore wind
A62: crude oil
A63: heavy or residual fuel oil | B63: =B4 -> 13765 | C63: =C4 -> 15246 | D63: =D4 -> 14614 | E63: =E4 -> 13881 | F63: =F4 -> 14217 | G63: =G4 -> 14383 | H63: =H4 -> 12503 | I63: =I4 -> 12584 | ... M63: =M4 -> 11300
A64: municipal solid waste
A65: hard coal w CCS
A66: natural gas combined cycle w CCS
A67: biomass w CCS
A68: lignite w CCS
A69: small modular reactor
A70: hydrogen combustion turbine
A71: hydrogen combined cycle
A73: Net additions (adjusted for retirements)
B74: 2012 | C74: 2013 | D74: 2014 | E74: 2015 | F74: 2016 | G74: 2017 | H74: 2018 | I74: 2019 | J74: 2020 | K74: 2021 | L74: 2022 | M74: 2023
A75: hard coal | B75: =J48-SUM(C75:J75) -> 5378 | C75: =MAX(0,C48-B48) -> 0 | D75: =MAX(0,D48-C48) -> 0 | E75: =MAX(0,E48-D48) -> 0 | F75: =MAX(0,F48-E48) -> 0 | G75: =MAX(0,G48-F48) -> 0 | H75: =MAX(0,H48-G48) -> 120 | I75: =MAX(0,I48-H48) -> 0 | J75: =MAX(0,J48-I48) -> 0 | ... M75: =MAX(0,M48-L48) -> 0
A76: natural gas steam turbine | B76: =J49-SUM(C76:J76) -> 211.25 | C76: =MAX(0,C49-B49) -> 94 | D76: =MAX(0,D49-C49) -> 166 | E76: =MAX(0,E49-D49) -> 0 | F76: =MAX(0,F49-E49) -> 290 | G76: =MAX(0,G49-F49) -> 181 | H76: =MAX(0,H49-G49) -> 411 | I76: =MAX(0,I49-H49) -> 73 | J76: =MAX(0,J49-I49) -> 0 | ... M76: =MAX(0,M49-L49) -> 4.5
A77: natural gas combined cycle | B77: =J50-SUM(C77:J77) -> 18029 | C77: =MAX(0,C50-B50) -> 4801 | D77: =MAX(0,D50-C50) -> 479 | E77: =MAX(0,E50-D50) -> 734 | F77: =MAX(0,F50-E50) -> 3231 | G77: =MAX(0,G50-F50) -> 810 | H77: =MAX(0,H50-G50) -> 1932 | I77: =MAX(0,I50-H50) -> 1812 | J77: =MAX(0,J50-I50) -> 120 | ... M77: =MAX(0,M50-L50) -> 765
A78: nuclear | B78: =J51-SUM(C78:J78) -> 1400 | C78: =MAX(0,C51-B51) -> 0 | D78: =MAX(0,D51-C51) -> 0 | E78: =MAX(0,E51-D51) -> 110 | F78: =MAX(0,F51-E51) -> 98 | G78: =MAX(0,G51-F51) -> 0 | H78: =MAX(0,H51-G51) -> 26 | I78: =MAX(0,I51-H51) -> 0 | J78: =MAX(0,J51-I51) -> 0 | ... M78: =MAX(0,M51-L51) -> 0
A79: hydro | B79: =J52-SUM(C79:J79) -> 11497 | C79: =MAX(0,C52-B52) -> 181 | D79: =MAX(0,D52-C52) -> 750 | E79: =MAX(0,E52-D52) -> 60 | F79: =MAX(0,F52-E52) -> 100 | G79: =MAX(0,G52-F52) -> 53 | H79: =MAX(0,H52-G52) -> 0 | I79: =MAX(0,I52-H52) -> 0 | J79: =MAX(0,J52-I52) -> 0 | ... M79: =MAX(0,M52-L52) -> 0
A80: onshore wind | B80: =J53-SUM(C80:J80) -> 1158 | C80: =MAX(0,C53-B53) -> 453 | D80: =MAX(0,D53-C53) -> 425 | E80: =MAX(0,E53-D53) -> 769 | F80: =MAX(0,F53-E53) -> 930 | G80: =MAX(0,G53-F53) -> 464 | H80: =MAX(0,H53-G53) -> 656 | I80: =MAX(0,I53-H53) -> 1185 | J80: =MAX(0,J53-I53) -> 414 | ... M80: =MAX(0,M53-L53) -> 134
A81: solar PV | B81: =J54-SUM(C81:J81) -> 6 | C81: =MAX(0,C54-B54) -> 40 | D81: =MAX(0,D54-C54) -> 10 | E81: =MAX(0,E54-D54) -> 0 | F81: =MAX(0,F54-E54) -> 89 | G81: =MAX(0,G54-F54) -> 69 | H81: =MAX(0,H54-G54) -> 1732 | I81: =MAX(0,I54-H54) -> 2652 | J81: =MAX(0,J54-I54) -> 1032 | ... M81: =MAX(0,M54-L54) -> 934
A82: solar thermal | B82: =J55-SUM(C82:J82) -> 0 | C82: =MAX(0,C55-B55) -> 0 | D82: =MAX(0,D55-C55) -> 0 | E82: =MAX(0,E55-D55) -> 0 | F82: =MAX(0,F55-E55) -> 0 | G82: =MAX(0,G55-F55) -> 0 | H82: =MAX(0,H55-G55) -> 0 | I82: =MAX(0,I55-H55) -> 0 | J82: =MAX(0,J55-I55) -> 0 | ... M82: =MAX(0,M55-L55) -> 0
A83: biomass | B83: =J56-SUM(C83:J83) -> 364.25 | C83: =MAX(0,C56-B56) -> 62 | D83: =MAX(0,D56-C56) -> 131 | E83: =MAX(0,E56-D56) -> 75 | F83: =MAX(0,F56-E56) -> 129 | G83: =MAX(0,G56-F56) -> 118 | H83: =MAX(0,H56-G56) -> 75 | I83: =MAX(0,I56-H56) -> 0 | J83: =MAX(0,J56-I56) -> 0 | ... M83: =MAX(0,M56-L56) -> 2.878
A84: geothermal | B84: =J57-SUM(C84:J84) -> 785 | C84: =MAX(0,C57-B57) -> 11 | D84: =MAX(0,D57-C57) -> 0 | E84: =MAX(0,E57-D57) -> 113 | F84: =MAX(0,F57-E57) -> 0 | G84: =MAX(0,G57-F57) -> 17 | H84: =MAX(0,H57-G57) -> 0 | I84: =MAX(0,I57-H57) -> 25 | J84: =MAX(0,J57-I57) -> 0 | ... M84: =MAX(0,M57-L57) -> 0
A85: petroleum | B85: =J58-SUM(C85:J85) -> 0 | C85: =MAX(0,C58-B58) -> 0 | D85: =MAX(0,D58-C58) -> 0 | E85: =MAX(0,E58-D58) -> 0 | F85: =MAX(0,F58-E58) -> 0 | G85: =MAX(0,G58-F58) -> 0 | H85: =MAX(0,H58-G58) -> 0 | I85: =MAX(0,I58-H58) -> 0 | J85: =MAX(0,J58-I58) -> 0 | ... M85: =MAX(0,M58-L58) -> 0
A86: natural gas peaker | B86: =J59-SUM(C86:J86) -> 1998.5 | C86: =MAX(0,C59-B59) -> 760 | D86: =MAX(0,D59-C59) -> 1 | E86: =MAX(0,E59-D59) -> 1485 | F86: =MAX(0,F59-E59) -> 148 | G86: =MAX(0,G59-F59) -> 84 | H86: =MAX(0,H59-G59) -> 0 | I86: =MAX(0,I59-H59) -> 221 | J86: =MAX(0,J59-I59) -> 0 | ... M86: =MAX(0,M59-L59) -> 80
... A98: hydrogen combined cycle | B98: =J71-SUM(C98:J98) -> 0 | C98: =MAX(0,C71-B71) -> 0 | D98: =MAX(0,D71-C71) -> 0 | E98: =MAX(0,E71-D71) -> 0 | F98: =MAX(0,F71-E71) -> 0 | G98: =MAX(0,G71-F71) -> 0 | H98: =MAX(0,H71-G71) -> 0 | I98: =MAX(0,I71-H71) -> 0 | J98: =MAX(0,J71-I71) -> 0 | ... M98: =MAX(0,M71-L71) -> 0
A101: Heat rate (GJ/MWh)
B102: 2012 | C102: 2013 | D102: 2014 | E102: 2015 | F102: 2016 | G102: 2017 | H102: 2018 | I102: 2019 | J102: 2020 | K102: 2021 | L102: 2022 | M102: 2023
A103: hard coal | B103: =B40 -> 10.037159 | C103: =C40 -> 9.6088865 | D103: =D40 -> 10.364913 | E103: =E40 -> 10.456338 | F103: =F40 -> 10.797107 | G103: =G40 -> 11.045111 | H103: =H40 -> 11.545445 | I103: =I40 -> 14.194256 | ... M103: =M40 -> 11.878175
A104: natural gas steam turbine | B104: =B42 -> 12.084834 | C104: =C42 -> 12.100037 | D104: =D42 -> 11.341659 | E104: =E42 -> 10.412616 | F104: =F42 -> 13.082939 | G104: =G42 -> 13.441592 | H104: =H42 -> 13.735359 | I104: =I42 -> 12.743595 | ... M104: =M42 -> 13.991494
A105: natural gas combined cycle | B105: =B38 -> 7.8034299 | C105: =C38 -> 7.9626189 | D105: =D38 -> 7.7832895 | E105: =E38 -> 8.4191866 | F105: =F38 -> 9.2823516 | G105: =G38 -> 8.9738326 | H105: =H38 -> 9.3582619 | I105: =I38 -> 8.4375849 | ... M105: =M38 -> 9.9125305
A106: nuclear | B106: =B43 -> 11.146279 | C106: =C43 -> 10.764664 | D106: =D43 -> 10.257286 | E106: =E43 -> 10.260967 | F106: =F43 -> 10.307094 | G106: =G43 -> 10.710296 | H106: =H43 -> 11.819274 | I106: =I43 -> 11.473282 | ... M106: =M43 -> 14.588914
A107: hydro
A108: onshore wind
A109: solar PV
A110: solar thermal
A111: biomass | B111: =B44 -> 43.019154 | C111: =C44 -> 53.889483 | D111: =D44 -> 48.47015 | E111: =E44 -> 49.271834 | F111: =F44 -> 47.41229 | G111: =G44 -> 34.729665 | H111: =H44 -> 32.481766 | I111: =I44 -> 40.594418 | ... M111: =M44 -> 28.466103
A112: geothermal
A113: petroleum
A114: natural gas peaker | B114: =B41 -> 10.395392 | C114: =C41 -> 10.388356 | D114: =D41 -> 9.7251412 | E114: =E41 -> 9.007576 | F114: =F41 -> 11.306274 | G114: =G41 -> 11.5939 | H114: =H41 -> 11.847317 | I114: =I41 -> 10.954861 | ... M114: =M41 -> 11.376785
A115: lignite
A116: offshore wind
A117: crude oil
A118: heavy or residual fuel oil | B118: =B39 -> 10.77632 | C118: =C39 -> 10.559143 | D118: =D39 -> 10.314298 | E118: =E39 -> 10.026508 | F118: =F39 -> 11.312499 | G118: =G39 -> 11.536812 | H118: =H39 -> 11.800825 | I118: =I39 -> 11.380305 | ... M118: =M39 -> 13.920362
...

Sheet BHRaSYC-HeatRates
A1: Heat Rates (BTU/(MW*hour)) | B1: Vintage1891 | C1: Vintage1892 | D1: Vintage1893 | E1: Vintage1894 | F1: Vintage1895 | G1: Vintage1896 | H1: Vintage1897 | I1: Vintage1898 | J1: Vintage1899 | K1: Vintage1900 | L1: Vintage1901 | M1: Vintage1902 | N1: Vintage1903 | O1: Vintage1904 | P1: Vintage1905 | Q1: Vintage1906 | R1: Vintage1907 | S1: Vintage1908 | T1: Vintage1909 | U1: Vintage1910 | V1: Vintage1911 | W1: Vintage1912 | X1: Vintage1913 | Y1: Vintage1914 | Z1: Vintage1915 | AA1: Vintage1916 | AB1: Vintage1917 | AC1: Vintage1918 | AD1: Vintage1919 | AE1: Vintage1920 | AF1: Vintage1921 | AG1: Vintage1922 | AH1: Vintage1923 | AI1: Vintage1924 | AJ1: Vintage1925 | AK1: Vintage1926 | AL1: Vintage1927 | AM1: Vintage1928 | AN1: Vintage1929 | AO1: Vintage1930 | AP1: Vintage1931 | AQ1: Vintage1932 | AR1: Vintage1933 | AS1: Vintage1934 | AT1: Vintage1935 | AU1: Vintage1936 | AV1: Vintage1937 | AW1: Vintage1938 | AX1: Vintage1939 | AY1: Vintage1940 | AZ1: Vintage1941 | BA1: Vintage1942 | BB1: Vintage1943 | BC1: Vintage1944 | BD1: Vintage1945 | BE1: Vintage1946 | BF1: Vintage1947 | BG1: Vintage1948 | BH1: Vintage1949 | BI1: Vintage1950 | BJ1: Vintage1951 | BK1: Vintage1952 | BL1: Vintage1953 | BM1: Vintage1954 | BN1: Vintage1955 | BO1: Vintage1956 | BP1: Vintage1957 | BQ1: Vintage1958 | BR1: Vintage1959 | BS1: Vintage1960 | BT1: Vintage1961 | BU1: Vintage1962 | BV1: Vintage1963 | BW1: Vintage1964 | BX1: Vintage1965 | BY1: Vintage1966 | BZ1: Vintage1967 | CA1: Vintage1968 | CB1: Vintage1969 | CC1: Vintage1970 | CD1: Vintage1971 | CE1: Vintage1972 | CF1: Vintage1973 | CG1: Vintage1974 | CH1: Vintage1975 | CI1: Vintage1976 | CJ1: Vintage1977 | CK1: Vintage1978 | CL1: Vintage1979 | CM1: Vintage1980 | CN1: Vintage1981 | CO1: Vintage1982 | CP1: Vintage1983 | CQ1: Vintage1984 | CR1: Vintage1985 | CS1: Vintage1986 | CT1: Vintage1987 | CU1: Vintage1988 | CV1: Vintage1989 | CW1: Vintage1990 | CX1: Vintage1991 | CY1: Vintage1992 | CZ1: Vintage1993 | DA1: Vintage1994 | DB1: Vintage1995 | DC1: Vintage1996 | DD1: Vintage1997 | DE1: Vintage1998 | DF1: Vintage1999 | DG1: Vintage2000 | DH1: Vintage2001 | DI1: Vintage2002 | DJ1: Vintage2003 | DK1: Vintage2004 | DL1: Vintage2005 | DM1: Vintage2006 | DN1: Vintage2007 | DO1: Vintage2008 | DP1: Vintage2009 | DQ1: Vintage2010 | DR1: Vintage2011 | DS1: Vintage2012 | DT1: Vintage2013 | DU1: Vintage2014 | DV1: Vintage2015 | DW1: Vintage2016 | DX1: Vintage2017 | DY1: Vintage2018 | DZ1: Vintage2019 | EA1: Vintage2020 | EB1: Vintage2021 | EC1: Vintage2022 | ED1: Vintage2023 | EE1: Vintage2024 | EF1: Vintage2025 | EG1: Vintage2026 | EH1: Vintage2027 | EI1: Vintage2028 | EJ1: Vintage2029 | EK1: Vintage2030 | EL1: Vintage2031 | EM1: Vintage2032 | EN1: Vintage2033 | EO1: Vintage2034 | EP1: Vintage2035 | EQ1: Vintage2036 | ER1: Vintage2037 | ES1: Vintage2038 | ET1: Vintage2039 | EU1: Vintage2040 | EV1: Vintage2041 | EW1: Vintage2042 | EX1: Vintage2043 | EY1: Vintage2044 | EZ1: Vintage2045 | FA1: Vintage2046 | FB1: Vintage2047 | FC1: Vintage2048 | FD1: Vintage2049 | FE1: Vintage2050 | FF1: Vintage2051 | FG1: Vintage2052 | FH1: Vintage2053 | FI1: Vintage2054 | FJ1: Vintage2055 | FK1: Vintage2056 | FL1: Vintage2057 | FM1: Vintage2058 | FN1: Vintage2059 | FO1: Vintage2060 | FP1: Vintage2061 | FQ1: Vintage2062 | FR1: Vintage2063 | FS1: Vintage2064 | FT1: Vintage2065 | FU1: Vintage2066 | FV1: Vintage2067 | FW1: Vintage2068 | FX1: Vintage2069 | FY1: Vintage2070 | FZ1: Vintage2071 | GA1: Vintage2072 | GB1: Vintage2073 | GC1: Vintage2074 | GD1: Vintage2075 | GE1: Vintage2076 | GF1: Vintage2077 | GG1: Vintage2078 | GH1: Vintage2079 | GI1: Vintage2080 | GJ1: Vintage2081 | GK1: Vintage2082 | GL1: Vintage2083 | GM1: Vintage2084 | GN1: Vintage2085 | GO1: Vintage2086 | GP1: Vintage2087 | GQ1: Vintage2088 | GR1: Vintage2089 | GS1: Vintage2090 | GT1: Vintage2091 | GU1: Vintage2092 | GV1: Vintage2093 | GW1: Vintage2094 | GX1: Vintage2095 | GY1: Vintage2096 | GZ1: Vintage2097 | HA1: Vintage2098 | HB1: Vintage2099 | HC1: Vintage2100
A2: hard coal | B2: 0 | C2: 0 | D2: 0 | E2: 0 | F2: 0 | G2: 0 | H2: 0 | I2: 0 | J2: 0 | K2: 0 | L2: 0 | M2: 0 | N2: 0 | O2: 0 | P2: 0 | Q2: 0 | R2: 0 | S2: 0 | T2: 0 | U2: 0 | V2: 0 | W2: 0 | X2: 0 | Y2: 0 | Z2: 0 | AA2: 0 | AB2: 0 | AC2: 0 | AD2: 0 | AE2: 0 | AF2: 0 | AG2: 0 | AH2: 0 | AI2: 0 | AJ2: 0 | AK2: 0 | AL2: 0 | AM2: 0 | AN2: 0 | AO2: 0 | AP2: 0 | AQ2: 0 | AR2: 0 | AS2: 0 | AT2: 0 | AU2: 0 | AV2: 0 | AW2: 0 | AX2: 0 | AY2: 0 | AZ2: 0 | BA2: 0 | BB2: 0 | BC2: 0 | BD2: 0 | BE2: 0 | BF2: 0 | BG2: 0 | BH2: 0 | BI2: 0 | BJ2: 0 | BK2: 0 | BL2: 0 | BM2: 0 | BN2: 0 | BO2: 0 | BP2: 0 | BQ2: 0 | BR2: 0 | BS2: =$DS2 -> 9513893.5 | BT2: =$DS2 -> 9513893.5 | BU2: =$DS2 -> 9513893.5 | BV2: =$DS2 -> 9513893.5 | BW2: =$DS2 -> 9513893.5 | BX2: =$DS2 -> 9513893.5 | BY2: =$DS2 -> 9513893.5 | BZ2: =$DS2 -> 9513893.5 | ... DR2: =$DS2 -> 9513893.5 | DS2: =IF(Calculations!B129="",0,Calculations!B129) -> 9513893.5 | DT2: =IF(Calculations!C129="",0,Calculations!C129) -> 9107947.8 | DU2: =IF(Calculations!D129="",0,Calculations!D129) -> 9824560.2 | DV2: =IF(Calculations!E129="",0,Calculations!E129) -> 9911219 | DW2: =IF(Calculations!F129="",0,Calculations!F129) -> 10234223 | DX2: =IF(Calculations!G129="",0,Calculations!G129) -> 10469298 | DY2: =IF(Calculations!H129="",0,Calculations!H129) -> 10943548 | DZ2: =IF(Calculations!I129="",0,Calculations!I129) -> 13454269 | ... ED2: =IF(Calculations!M129="",0,Calculations!M129) -> 11258931 | EE2: =ED2 -> 11258931 | EF2: =EE2 -> 11258931 | EG2: =EF2 -> 11258931 | EH2: =EG2 -> 11258931 | EI2: =EH2 -> 11258931 | EJ2: =EI2 -> 11258931 | EK2: =EJ2 -> 11258931 | EL2: =EK2 -> 11258931 | ... HC2: =HB2 -> 11258931
A3: natural gas steam turbine | B3: 0 | C3: 0 | D3: 0 | E3: 0 | F3: 0 | G3: 0 | H3: 0 | I3: 0 | J3: 0 | K3: 0 | L3: 0 | M3: 0 | N3: 0 | O3: 0 | P3: 0 | Q3: 0 | R3: 0 | S3: 0 | T3: 0 | U3: 0 | V3: 0 | W3: 0 | X3: 0 | Y3: 0 | Z3: 0 | AA3: 0 | AB3: 0 | AC3: 0 | AD3: 0 | AE3: 0 | AF3: 0 | AG3: 0 | AH3: 0 | AI3: 0 | AJ3: 0 | AK3: 0 | AL3: 0 | AM3: 0 | AN3: 0 | AO3: 0 | AP3: 0 | AQ3: 0 | AR3: 0 | AS3: 0 | AT3: 0 | AU3: 0 | AV3: 0 | AW3: 0 | AX3: 0 | AY3: 0 | AZ3: 0 | BA3: 0 | BB3: 0 | BC3: 0 | BD3: 0 | BE3: 0 | BF3: 0 | BG3: 0 | BH3: 0 | BI3: 0 | BJ3: 0 | BK3: 0 | BL3: 0 | BM3: 0 | BN3: 0 | BO3: 0 | BP3: 0 | BQ3: 0 | BR3: 0 | BS3: =$DS3 -> 11454817 | BT3: =$DS3 -> 11454817 | BU3: =$DS3 -> 11454817 | BV3: =$DS3 -> 11454817 | BW3: =$DS3 -> 11454817 | BX3: =$DS3 -> 11454817 | BY3: =$DS3 -> 11454817 | BZ3: =$DS3 -> 11454817 | ... DR3: =$DS3 -> 11454817 | DS3: =IF(Calculations!B130="",0,Calculations!B130) -> 11454817 | DT3: =IF(Calculations!C130="",0,Calculations!C130) -> 11469227 | DU3: =IF(Calculations!D130="",0,Calculations!D130) -> 10750386 | DV3: =IF(Calculations!E130="",0,Calculations!E130) -> 9869776.3 | DW3: =IF(Calculations!F130="",0,Calculations!F130) -> 12400888 | DX3: =IF(Calculations!G130="",0,Calculations!G130) -> 12740843 | DY3: =IF(Calculations!H130="",0,Calculations!H130) -> 13019295 | DZ3: =IF(Calculations!I130="",0,Calculations!I130) -> 12079235 | ... ED3: =IF(Calculations!M130="",0,Calculations!M130) -> 13262077 | EE3: =ED3 -> 13262077 | EF3: =EE3 -> 13262077 | EG3: =EF3 -> 13262077 | EH3: =EG3 -> 13262077 | EI3: =EH3 -> 13262077 | EJ3: =EI3 -> 13262077 | EK3: =EJ3 -> 13262077 | EL3: =EK3 -> 13262077 | ... HC3: =HB3 -> 13262077
A4: natural gas combined cycle | B4: 0 | C4: 0 | D4: 0 | E4: 0 | F4: 0 | G4: 0 | H4: 0 | I4: 0 | J4: 0 | K4: 0 | L4: 0 | M4: 0 | N4: 0 | O4: 0 | P4: 0 | Q4: 0 | R4: 0 | S4: 0 | T4: 0 | U4: 0 | V4: 0 | W4: 0 | X4: 0 | Y4: 0 | Z4: 0 | AA4: 0 | AB4: 0 | AC4: 0 | AD4: 0 | AE4: 0 | AF4: 0 | AG4: 0 | AH4: 0 | AI4: 0 | AJ4: 0 | AK4: 0 | AL4: 0 | AM4: 0 | AN4: 0 | AO4: 0 | AP4: 0 | AQ4: 0 | AR4: 0 | AS4: 0 | AT4: 0 | AU4: 0 | AV4: 0 | AW4: 0 | AX4: 0 | AY4: 0 | AZ4: 0 | BA4: 0 | BB4: 0 | BC4: 0 | BD4: 0 | BE4: 0 | BF4: 0 | BG4: 0 | BH4: 0 | BI4: 0 | BJ4: 0 | BK4: 0 | BL4: 0 | BM4: 0 | BN4: 0 | BO4: 0 | BP4: 0 | BQ4: 0 | BR4: 0 | BS4: =$DS4 -> 7396614.8 | BT4: =$DS4 -> 7396614.8 | BU4: =$DS4 -> 7396614.8 | BV4: =$DS4 -> 7396614.8 | BW4: =$DS4 -> 7396614.8 | BX4: =$DS4 -> 7396614.8 | BY4: =$DS4 -> 7396614.8 | BZ4: =$DS4 -> 7396614.8 | ... DR4: =$DS4 -> 7396614.8 | DS4: =IF(Calculations!B131="",0,Calculations!B131) -> 7396614.8 | DT4: =IF(Calculations!C131="",0,Calculations!C131) -> 7547504.8 | DU4: =IF(Calculations!D131="",0,Calculations!D131) -> 7377524.3 | DV4: =IF(Calculations!E131="",0,Calculations!E131) -> 7980270.3 | DW4: =IF(Calculations!F131="",0,Calculations!F131) -> 8798436.1 | DX4: =IF(Calculations!G131="",0,Calculations!G131) -> 8506001 | DY4: =IF(Calculations!H131="",0,Calculations!H131) -> 8870389 | DZ4: =IF(Calculations!I131="",0,Calculations!I131) -> 7997709.4 | ... ED4: =IF(Calculations!M131="",0,Calculations!M131) -> 9395762 | EE4: =ED4 -> 9395762 | EF4: =EE4 -> 9395762 | EG4: =EF4 -> 9395762 | EH4: =EG4 -> 9395762 | EI4: =EH4 -> 9395762 | EJ4: =EI4 -> 9395762 | EK4: =EJ4 -> 9395762 | EL4: =EK4 -> 9395762 | ... HC4: =HB4 -> 9395762
A5: nuclear | B5: 0 | C5: 0 | D5: 0 | E5: 0 | F5: 0 | G5: 0 | H5: 0 | I5: 0 | J5: 0 | K5: 0 | L5: 0 | M5: 0 | N5: 0 | O5: 0 | P5: 0 | Q5: 0 | R5: 0 | S5: 0 | T5: 0 | U5: 0 | V5: 0 | W5: 0 | X5: 0 | Y5: 0 | Z5: 0 | AA5: 0 | AB5: 0 | AC5: 0 | AD5: 0 | AE5: 0 | AF5: 0 | AG5: 0 | AH5: 0 | AI5: 0 | AJ5: 0 | AK5: 0 | AL5: 0 | AM5: 0 | AN5: 0 | AO5: 0 | AP5: 0 | AQ5: 0 | AR5: 0 | AS5: 0 | AT5: 0 | AU5: 0 | AV5: 0 | AW5: 0 | AX5: 0 | AY5: 0 | AZ5: 0 | BA5: 0 | BB5: 0 | BC5: 0 | BD5: 0 | BE5: 0 | BF5: 0 | BG5: 0 | BH5: 0 | BI5: 0 | BJ5: 0 | BK5: 0 | BL5: 0 | BM5: 0 | BN5: 0 | BO5: 0 | BP5: 0 | BQ5: 0 | BR5: 0 | BS5: =$DS5 -> 10565191 | BT5: =$DS5 -> 10565191 | BU5: =$DS5 -> 10565191 | BV5: =$DS5 -> 10565191 | BW5: =$DS5 -> 10565191 | BX5: =$DS5 -> 10565191 | BY5: =$DS5 -> 10565191 | BZ5: =$DS5 -> 10565191 | ... DR5: =$DS5 -> 10565191 | DS5: =IF(Calculations!B132="",0,Calculations!B132) -> 10565191 | DT5: =IF(Calculations!C132="",0,Calculations!C132) -> 10203472 | DU5: =IF(Calculations!D132="",0,Calculations!D132) -> 9722543.9 | DV5: =IF(Calculations!E132="",0,Calculations!E132) -> 9726033.8 | DW5: =IF(Calculations!F132="",0,Calculations!F132) -> 9769755.9 | DX5: =IF(Calculations!G132="",0,Calculations!G132) -> 10151938 | DY5: =IF(Calculations!H132="",0,Calculations!H132) -> 11203102 | DZ5: =IF(Calculations!I132="",0,Calculations!I132) -> 10875147 | ... ED5: =IF(Calculations!M132="",0,Calculations!M132) -> 13828353 | EE5: =ED5 -> 13828353 | EF5: =EE5 -> 13828353 | EG5: =EF5 -> 13828353 | EH5: =EG5 -> 13828353 | EI5: =EH5 -> 13828353 | EJ5: =EI5 -> 13828353 | EK5: =EJ5 -> 13828353 | EL5: =EK5 -> 13828353 | ... HC5: =HB5 -> 13828353
A6: hydro | B6: 0 | C6: 0 | D6: 0 | E6: 0 | F6: 0 | G6: 0 | H6: 0 | I6: 0 | J6: 0 | K6: 0 | L6: 0 | M6: 0 | N6: 0 | O6: 0 | P6: 0 | Q6: 0 | R6: 0 | S6: 0 | T6: 0 | U6: 0 | V6: 0 | W6: 0 | X6: 0 | Y6: 0 | Z6: 0 | AA6: 0 | AB6: 0 | AC6: 0 | AD6: 0 | AE6: 0 | AF6: 0 | AG6: 0 | AH6: 0 | AI6: 0 | AJ6: 0 | AK6: 0 | AL6: 0 | AM6: 0 | AN6: 0 | AO6: 0 | AP6: 0 | AQ6: 0 | AR6: 0 | AS6: 0 | AT6: 0 | AU6: 0 | AV6: 0 | AW6: 0 | AX6: 0 | AY6: 0 | AZ6: 0 | BA6: 0 | BB6: 0 | BC6: 0 | BD6: 0 | BE6: 0 | BF6: 0 | BG6: 0 | BH6: 0 | BI6: 0 | BJ6: 0 | BK6: 0 | BL6: 0 | BM6: 0 | BN6: 0 | BO6: 0 | BP6: 0 | BQ6: 0 | BR6: 0 | BS6: =$DS6 -> 0 | BT6: =$DS6 -> 0 | BU6: =$DS6 -> 0 | BV6: =$DS6 -> 0 | BW6: =$DS6 -> 0 | BX6: =$DS6 -> 0 | BY6: =$DS6 -> 0 | BZ6: =$DS6 -> 0 | ... DR6: =$DS6 -> 0 | DS6: =IF(Calculations!B133="",0,Calculations!B133) -> 0 | DT6: =IF(Calculations!C133="",0,Calculations!C133) -> 0 | DU6: =IF(Calculations!D133="",0,Calculations!D133) -> 0 | DV6: =IF(Calculations!E133="",0,Calculations!E133) -> 0 | DW6: =IF(Calculations!F133="",0,Calculations!F133) -> 0 | DX6: =IF(Calculations!G133="",0,Calculations!G133) -> 0 | DY6: =IF(Calculations!H133="",0,Calculations!H133) -> 0 | DZ6: =IF(Calculations!I133="",0,Calculations!I133) -> 0 | ... ED6: =IF(Calculations!M133="",0,Calculations!M133) -> 0 | EE6: =ED6 -> 0 | EF6: =EE6 -> 0 | EG6: =EF6 -> 0 | EH6: =EG6 -> 0 | EI6: =EH6 -> 0 | EJ6: =EI6 -> 0 | EK6: =EJ6 -> 0 | EL6: =EK6 -> 0 | ... HC6: =HB6 -> 0
A7: onshore wind | B7: 0 | C7: 0 | D7: 0 | E7: 0 | F7: 0 | G7: 0 | H7: 0 | I7: 0 | J7: 0 | K7: 0 | L7: 0 | M7: 0 | N7: 0 | O7: 0 | P7: 0 | Q7: 0 | R7: 0 | S7: 0 | T7: 0 | U7: 0 | V7: 0 | W7: 0 | X7: 0 | Y7: 0 | Z7: 0 | AA7: 0 | AB7: 0 | AC7: 0 | AD7: 0 | AE7: 0 | AF7: 0 | AG7: 0 | AH7: 0 | AI7: 0 | AJ7: 0 | AK7: 0 | AL7: 0 | AM7: 0 | AN7: 0 | AO7: 0 | AP7: 0 | AQ7: 0 | AR7: 0 | AS7: 0 | AT7: 0 | AU7: 0 | AV7: 0 | AW7: 0 | AX7: 0 | AY7: 0 | AZ7: 0 | BA7: 0 | BB7: 0 | BC7: 0 | BD7: 0 | BE7: 0 | BF7: 0 | BG7: 0 | BH7: 0 | BI7: 0 | BJ7: 0 | BK7: 0 | BL7: 0 | BM7: 0 | BN7: 0 | BO7: 0 | BP7: 0 | BQ7: 0 | BR7: 0 | BS7: =$DS7 -> 0 | BT7: =$DS7 -> 0 | BU7: =$DS7 -> 0 | BV7: =$DS7 -> 0 | BW7: =$DS7 -> 0 | BX7: =$DS7 -> 0 | BY7: =$DS7 -> 0 | BZ7: =$DS7 -> 0 | ... DR7: =$DS7 -> 0 | DS7: =IF(Calculations!B134="",0,Calculations!B134) -> 0 | DT7: =IF(Calculations!C134="",0,Calculations!C134) -> 0 | DU7: =IF(Calculations!D134="",0,Calculations!D134) -> 0 | DV7: =IF(Calculations!E134="",0,Calculations!E134) -> 0 | DW7: =IF(Calculations!F134="",0,Calculations!F134) -> 0 | DX7: =IF(Calculations!G134="",0,Calculations!G134) -> 0 | DY7: =IF(Calculations!H134="",0,Calculations!H134) -> 0 | DZ7: =IF(Calculations!I134="",0,Calculations!I134) -> 0 | ... ED7: =IF(Calculations!M134="",0,Calculations!M134) -> 0 | EE7: =ED7 -> 0 | EF7: =EE7 -> 0 | EG7: =EF7 -> 0 | EH7: =EG7 -> 0 | EI7: =EH7 -> 0 | EJ7: =EI7 -> 0 | EK7: =EJ7 -> 0 | EL7: =EK7 -> 0 | ... HC7: =HB7 -> 0
A8: solar PV | B8: 0 | C8: 0 | D8: 0 | E8: 0 | F8: 0 | G8: 0 | H8: 0 | I8: 0 | J8: 0 | K8: 0 | L8: 0 | M8: 0 | N8: 0 | O8: 0 | P8: 0 | Q8: 0 | R8: 0 | S8: 0 | T8: 0 | U8: 0 | V8: 0 | W8: 0 | X8: 0 | Y8: 0 | Z8: 0 | AA8: 0 | AB8: 0 | AC8: 0 | AD8: 0 | AE8: 0 | AF8: 0 | AG8: 0 | AH8: 0 | AI8: 0 | AJ8: 0 | AK8: 0 | AL8: 0 | AM8: 0 | AN8: 0 | AO8: 0 | AP8: 0 | AQ8: 0 | AR8: 0 | AS8: 0 | AT8: 0 | AU8: 0 | AV8: 0 | AW8: 0 | AX8: 0 | AY8: 0 | AZ8: 0 | BA8: 0 | BB8: 0 | BC8: 0 | BD8: 0 | BE8: 0 | BF8: 0 | BG8: 0 | BH8: 0 | BI8: 0 | BJ8: 0 | BK8: 0 | BL8: 0 | BM8: 0 | BN8: 0 | BO8: 0 | BP8: 0 | BQ8: 0 | BR8: 0 | BS8: =$DS8 -> 0 | BT8: =$DS8 -> 0 | BU8: =$DS8 -> 0 | BV8: =$DS8 -> 0 | BW8: =$DS8 -> 0 | BX8: =$DS8 -> 0 | BY8: =$DS8 -> 0 | BZ8: =$DS8 -> 0 | ... DR8: =$DS8 -> 0 | DS8: =IF(Calculations!B135="",0,Calculations!B135) -> 0 | DT8: =IF(Calculations!C135="",0,Calculations!C135) -> 0 | DU8: =IF(Calculations!D135="",0,Calculations!D135) -> 0 | DV8: =IF(Calculations!E135="",0,Calculations!E135) -> 0 | DW8: =IF(Calculations!F135="",0,Calculations!F135) -> 0 | DX8: =IF(Calculations!G135="",0,Calculations!G135) -> 0 | DY8: =IF(Calculations!H135="",0,Calculations!H135) -> 0 | DZ8: =IF(Calculations!I135="",0,Calculations!I135) -> 0 | ... ED8: =IF(Calculations!M135="",0,Calculations!M135) -> 0 | EE8: =ED8 -> 0 | EF8: =EE8 -> 0 | EG8: =EF8 -> 0 | EH8: =EG8 -> 0 | EI8: =EH8 -> 0 | EJ8: =EI8 -> 0 | EK8: =EJ8 -> 0 | EL8: =EK8 -> 0 | ... HC8: =HB8 -> 0
A9: solar thermal | B9: 0 | C9: 0 | D9: 0 | E9: 0 | F9: 0 | G9: 0 | H9: 0 | I9: 0 | J9: 0 | K9: 0 | L9: 0 | M9: 0 | N9: 0 | O9: 0 | P9: 0 | Q9: 0 | R9: 0 | S9: 0 | T9: 0 | U9: 0 | V9: 0 | W9: 0 | X9: 0 | Y9: 0 | Z9: 0 | AA9: 0 | AB9: 0 | AC9: 0 | AD9: 0 | AE9: 0 | AF9: 0 | AG9: 0 | AH9: 0 | AI9: 0 | AJ9: 0 | AK9: 0 | AL9: 0 | AM9: 0 | AN9: 0 | AO9: 0 | AP9: 0 | AQ9: 0 | AR9: 0 | AS9: 0 | AT9: 0 | AU9: 0 | AV9: 0 | AW9: 0 | AX9: 0 | AY9: 0 | AZ9: 0 | BA9: 0 | BB9: 0 | BC9: 0 | BD9: 0 | BE9: 0 | BF9: 0 | BG9: 0 | BH9: 0 | BI9: 0 | BJ9: 0 | BK9: 0 | BL9: 0 | BM9: 0 | BN9: 0 | BO9: 0 | BP9: 0 | BQ9: 0 | BR9: 0 | BS9: =$DS9 -> 0 | BT9: =$DS9 -> 0 | BU9: =$DS9 -> 0 | BV9: =$DS9 -> 0 | BW9: =$DS9 -> 0 | BX9: =$DS9 -> 0 | BY9: =$DS9 -> 0 | BZ9: =$DS9 -> 0 | ... DR9: =$DS9 -> 0 | DS9: =IF(Calculations!B136="",0,Calculations!B136) -> 0 | DT9: =IF(Calculations!C136="",0,Calculations!C136) -> 0 | DU9: =IF(Calculations!D136="",0,Calculations!D136) -> 0 | DV9: =IF(Calculations!E136="",0,Calculations!E136) -> 0 | DW9: =IF(Calculations!F136="",0,Calculations!F136) -> 0 | DX9: =IF(Calculations!G136="",0,Calculations!G136) -> 0 | DY9: =IF(Calculations!H136="",0,Calculations!H136) -> 0 | DZ9: =IF(Calculations!I136="",0,Calculations!I136) -> 0 | ... ED9: =IF(Calculations!M136="",0,Calculations!M136) -> 0 | EE9: =ED9 -> 0 | EF9: =EE9 -> 0 | EG9: =EF9 -> 0 | EH9: =EG9 -> 0 | EI9: =EH9 -> 0 | EJ9: =EI9 -> 0 | EK9: =EJ9 -> 0 | EL9: =EK9 -> 0 | ... HC9: =HB9 -> 0
A10: biomass | B10: 0 | C10: 0 | D10: 0 | E10: 0 | F10: 0 | G10: 0 | H10: 0 | I10: 0 | J10: 0 | K10: 0 | L10: 0 | M10: 0 | N10: 0 | O10: 0 | P10: 0 | Q10: 0 | R10: 0 | S10: 0 | T10: 0 | U10: 0 | V10: 0 | W10: 0 | X10: 0 | Y10: 0 | Z10: 0 | AA10: 0 | AB10: 0 | AC10: 0 | AD10: 0 | AE10: 0 | AF10: 0 | AG10: 0 | AH10: 0 | AI10: 0 | AJ10: 0 | AK10: 0 | AL10: 0 | AM10: 0 | AN10: 0 | AO10: 0 | AP10: 0 | AQ10: 0 | AR10: 0 | AS10: 0 | AT10: 0 | AU10: 0 | AV10: 0 | AW10: 0 | AX10: 0 | AY10: 0 | AZ10: 0 | BA10: 0 | BB10: 0 | BC10: 0 | BD10: 0 | BE10: 0 | BF10: 0 | BG10: 0 | BH10: 0 | BI10: 0 | BJ10: 0 | BK10: 0 | BL10: 0 | BM10: 0 | BN10: 0 | BO10: 0 | BP10: 0 | BQ10: 0 | BR10: 0 | BS10: =$DS10 -> 40776442 | BT10: =$DS10 -> 40776442 | BU10: =$DS10 -> 40776442 | BV10: =$DS10 -> 40776442 | BW10: =$DS10 -> 40776442 | BX10: =$DS10 -> 40776442 | BY10: =$DS10 -> 40776442 | BZ10: =$DS10 -> 40776442 | ... DR10: =$DS10 -> 40776442 | DS10: =IF(Calculations!B137="",0,Calculations!B137) -> 40776442 | DT10: =IF(Calculations!C137="",0,Calculations!C137) -> 51080070 | DU10: =IF(Calculations!D137="",0,Calculations!D137) -> 45943262 | DV10: =IF(Calculations!E137="",0,Calculations!E137) -> 46703152 | DW10: =IF(Calculations!F137="",0,Calculations!F137) -> 44940551 | DX10: =IF(Calculations!G137="",0,Calculations!G137) -> 32919108 | DY10: =IF(Calculations!H137="",0,Calculations!H137) -> 30788398 | DZ10: =IF(Calculations!I137="",0,Calculations!I137) -> 38478115 | ... ED10: =IF(Calculations!M137="",0,Calculations!M137) -> 26982083 | EE10: =ED10 -> 26982083 | EF10: =EE10 -> 26982083 | EG10: =EF10 -> 26982083 | EH10: =EG10 -> 26982083 | EI10: =EH10 -> 26982083 | EJ10: =EI10 -> 26982083 | EK10: =EJ10 -> 26982083 | EL10: =EK10 -> 26982083 | ... HC10: =HB10 -> 26982083
A11: geothermal | B11: 0 | C11: 0 | D11: 0 | E11: 0 | F11: 0 | G11: 0 | H11: 0 | I11: 0 | J11: 0 | K11: 0 | L11: 0 | M11: 0 | N11: 0 | O11: 0 | P11: 0 | Q11: 0 | R11: 0 | S11: 0 | T11: 0 | U11: 0 | V11: 0 | W11: 0 | X11: 0 | Y11: 0 | Z11: 0 | AA11: 0 | AB11: 0 | AC11: 0 | AD11: 0 | AE11: 0 | AF11: 0 | AG11: 0 | AH11: 0 | AI11: 0 | AJ11: 0 | AK11: 0 | AL11: 0 | AM11: 0 | AN11: 0 | AO11: 0 | AP11: 0 | AQ11: 0 | AR11: 0 | AS11: 0 | AT11: 0 | AU11: 0 | AV11: 0 | AW11: 0 | AX11: 0 | AY11: 0 | AZ11: 0 | BA11: 0 | BB11: 0 | BC11: 0 | BD11: 0 | BE11: 0 | BF11: 0 | BG11: 0 | BH11: 0 | BI11: 0 | BJ11: 0 | BK11: 0 | BL11: 0 | BM11: 0 | BN11: 0 | BO11: 0 | BP11: 0 | BQ11: 0 | BR11: 0 | BS11: =$DS11 -> 0 | BT11: =$DS11 -> 0 | BU11: =$DS11 -> 0 | BV11: =$DS11 -> 0 | BW11: =$DS11 -> 0 | BX11: =$DS11 -> 0 | BY11: =$DS11 -> 0 | BZ11: =$DS11 -> 0 | ... DR11: =$DS11 -> 0 | DS11: =IF(Calculations!B138="",0,Calculations!B138) -> 0 | DT11: =IF(Calculations!C138="",0,Calculations!C138) -> 0 | DU11: =IF(Calculations!D138="",0,Calculations!D138) -> 0 | DV11: =IF(Calculations!E138="",0,Calculations!E138) -> 0 | DW11: =IF(Calculations!F138="",0,Calculations!F138) -> 0 | DX11: =IF(Calculations!G138="",0,Calculations!G138) -> 0 | DY11: =IF(Calculations!H138="",0,Calculations!H138) -> 0 | DZ11: =IF(Calculations!I138="",0,Calculations!I138) -> 0 | ... ED11: =IF(Calculations!M138="",0,Calculations!M138) -> 0 | EE11: =ED11 -> 0 | EF11: =EE11 -> 0 | EG11: =EF11 -> 0 | EH11: =EG11 -> 0 | EI11: =EH11 -> 0 | EJ11: =EI11 -> 0 | EK11: =EJ11 -> 0 | EL11: =EK11 -> 0 | ... HC11: =HB11 -> 0
A12: petroleum | B12: 0 | C12: 0 | D12: 0 | E12: 0 | F12: 0 | G12: 0 | H12: 0 | I12: 0 | J12: 0 | K12: 0 | L12: 0 | M12: 0 | N12: 0 | O12: 0 | P12: 0 | Q12: 0 | R12: 0 | S12: 0 | T12: 0 | U12: 0 | V12: 0 | W12: 0 | X12: 0 | Y12: 0 | Z12: 0 | AA12: 0 | AB12: 0 | AC12: 0 | AD12: 0 | AE12: 0 | AF12: 0 | AG12: 0 | AH12: 0 | AI12: 0 | AJ12: 0 | AK12: 0 | AL12: 0 | AM12: 0 | AN12: 0 | AO12: 0 | AP12: 0 | AQ12: 0 | AR12: 0 | AS12: 0 | AT12: 0 | AU12: 0 | AV12: 0 | AW12: 0 | AX12: 0 | AY12: 0 | AZ12: 0 | BA12: 0 | BB12: 0 | BC12: 0 | BD12: 0 | BE12: 0 | BF12: 0 | BG12: 0 | BH12: 0 | BI12: 0 | BJ12: 0 | BK12: 0 | BL12: 0 | BM12: 0 | BN12: 0 | BO12: 0 | BP12: 0 | BQ12: 0 | BR12: 0 | BS12: =$DS12 -> 0 | BT12: =$DS12 -> 0 | BU12: =$DS12 -> 0 | BV12: =$DS12 -> 0 | BW12: =$DS12 -> 0 | BX12: =$DS12 -> 0 | BY12: =$DS12 -> 0 | BZ12: =$DS12 -> 0 | ... DR12: =$DS12 -> 0 | DS12: =IF(Calculations!B139="",0,Calculations!B139) -> 0 | DT12: =IF(Calculations!C139="",0,Calculations!C139) -> 0 | DU12: =IF(Calculations!D139="",0,Calculations!D139) -> 0 | DV12: =IF(Calculations!E139="",0,Calculations!E139) -> 0 | DW12: =IF(Calculations!F139="",0,Calculations!F139) -> 0 | DX12: =IF(Calculations!G139="",0,Calculations!G139) -> 0 | DY12: =IF(Calculations!H139="",0,Calculations!H139) -> 0 | DZ12: =IF(Calculations!I139="",0,Calculations!I139) -> 0 | EA12: =IF(Calculations!J139="",0,Calculations!J139) -> 0 | EB12: =INDEX('[1]Heat Rates_post2020'!$C$2:$CD$25,MATCH($A12,'[1]Heat Rates_post2020'!$B$2:$B$25,0),MATCH(EB$1,'[1]Heat Rates_post2020'!$C$1:$CD$1,0)) -> 8663571.9 | EC12: =INDEX('[1]Heat Rates_post2020'!$C$2:$CD$25,MATCH($A12,'[1]Heat Rates_post2020'!$B$2:$B$25,0),MATCH(EC$1,'[1]Heat Rates_post2020'!$C$1:$CD$1,0)) -> 8663571.9 | ED12: =INDEX('[1]Heat Rates_post2020'!$C$2:$CD$25,MATCH($A12,'[1]Heat Rates_post2020'!$B$2:$B$25,0),MATCH(ED$1,'[1]Heat Rates_post2020'!$C$1:$CD$1,0)) -> 8663571.9 | EE12: =INDEX('[1]Heat Rates_post2020'!$C$2:$CD$25,MATCH($A12,'[1]Heat Rates_post2020'!$B$2:$B$25,0),MATCH(EE$1,'[1]Heat Rates_post2020'!$C$1:$CD$1,0)) -> 8663571.9 | EF12: =INDEX('[1]Heat Rates_post2020'!$C$2:$CD$25,MATCH($A12,'[1]Heat Rates_post2020'!$B$2:$B$25,0),MATCH(EF$1,'[1]Heat Rates_post2020'!$C$1:$CD$1,0)) -> 8663571.9 | EG12: =INDEX('[1]Heat Rates_post2020'!$C$2:$CD$25,MATCH($A12,'[1]Heat Rates_post2020'!$B$2:$B$25,0),MATCH(EG$1,'[1]Heat Rates_post2020'!$C$1:$CD$1,0)) -> 8663571.9 | EH12: =INDEX('[1]Heat Rates_post2020'!$C$2:$CD$25,MATCH($A12,'[1]Heat Rates_post2020'!$B$2:$B$25,0),MATCH(EH$1,'[1]Heat Rates_post2020'!$C$1:$CD$1,0)) -> 8663571.9 | EI12: =INDEX('[1]Heat Rates_post2020'!$C$2:$CD$25,MATCH($A12,'[1]Heat Rates_post2020'!$B$2:$B$25,0),MATCH(EI$1,'[1]Heat Rates_post2020'!$C$1:$CD$1,0)) -> 8663571.9 | ... HC12: =INDEX('[1]Heat Rates_post2020'!$C$2:$CD$25,MATCH($A12,'[1]Heat Rates_post2020'!$B$2:$B$25,0),MATCH(HC$1,'[1]Heat Rates_post2020'!$C$1:$CD$1,0)) -> 8663571.9
A13: natural gas peaker | B13: 0 | C13: 0 | D13: 0 | E13: 0 | F13: 0 | G13: 0 | H13: 0 | I13: 0 | J13: 0 | K13: 0 | L13: 0 | M13: 0 | N13: 0 | O13: 0 | P13: 0 | Q13: 0 | R13: 0 | S13: 0 | T13: 0 | U13: 0 | V13: 0 | W13: 0 | X13: 0 | Y13: 0 | Z13: 0 | AA13: 0 | AB13: 0 | AC13: 0 | AD13: 0 | AE13: 0 | AF13: 0 | AG13: 0 | AH13: 0 | AI13: 0 | AJ13: 0 | AK13: 0 | AL13: 0 | AM13: 0 | AN13: 0 | AO13: 0 | AP13: 0 | AQ13: 0 | AR13: 0 | AS13: 0 | AT13: 0 | AU13: 0 | AV13: 0 | AW13: 0 | AX13: 0 | AY13: 0 | AZ13: 0 | BA13: 0 | BB13: 0 | BC13: 0 | BD13: 0 | BE13: 0 | BF13: 0 | BG13: 0 | BH13: 0 | BI13: 0 | BJ13: 0 | BK13: 0 | BL13: 0 | BM13: 0 | BN13: 0 | BO13: 0 | BP13: 0 | BQ13: 0 | BR13: 0 | BS13: =$DS13 -> 9853450.6 | BT13: =$DS13 -> 9853450.6 | BU13: =$DS13 -> 9853450.6 | BV13: =$DS13 -> 9853450.6 | BW13: =$DS13 -> 9853450.6 | BX13: =$DS13 -> 9853450.6 | BY13: =$DS13 -> 9853450.6 | BZ13: =$DS13 -> 9853450.6 | ... DR13: =$DS13 -> 9853450.6 | DS13: =IF(Calculations!B140="",0,Calculations!B140) -> 9853450.6 | DT13: =IF(Calculations!C140="",0,Calculations!C140) -> 9846781.1 | DU13: =IF(Calculations!D140="",0,Calculations!D140) -> 9218141.8 | DV13: =IF(Calculations!E140="",0,Calculations!E140) -> 8537985.3 | DW13: =IF(Calculations!F140="",0,Calculations!F140) -> 10716845 | DX13: =IF(Calculations!G140="",0,Calculations!G140) -> 10989477 | DY13: =IF(Calculations!H140="",0,Calculations!H140) -> 11229683 | DZ13: =IF(Calculations!I140="",0,Calculations!I140) -> 10383753 | ... ED13: =IF(Calculations!M140="",0,Calculations!M140) -> 10783680 | EE13: =ED13 -> 10783680 | EF13: =EE13 -> 10783680 | EG13: =EF13 -> 10783680 | EH13: =EG13 -> 10783680 | EI13: =EH13 -> 10783680 | EJ13: =EI13 -> 10783680 | EK13: =EJ13 -> 10783680 | EL13: =EK13 -> 10783680 | ... HC13: =HB13 -> 10783680
A14: lignite | B14: 0 | C14: 0 | D14: 0 | E14: 0 | F14: 0 | G14: 0 | H14: 0 | I14: 0 | J14: 0 | K14: 0 | L14: 0 | M14: 0 | N14: 0 | O14: 0 | P14: 0 | Q14: 0 | R14: 0 | S14: 0 | T14: 0 | U14: 0 | V14: 0 | W14: 0 | X14: 0 | Y14: 0 | Z14: 0 | AA14: 0 | AB14: 0 | AC14: 0 | AD14: 0 | AE14: 0 | AF14: 0 | AG14: 0 | AH14: 0 | AI14: 0 | AJ14: 0 | AK14: 0 | AL14: 0 | AM14: 0 | AN14: 0 | AO14: 0 | AP14: 0 | AQ14: 0 | AR14: 0 | AS14: 0 | AT14: 0 | AU14: 0 | AV14: 0 | AW14: 0 | AX14: 0 | AY14: 0 | AZ14: 0 | BA14: 0 | BB14: 0 | BC14: 0 | BD14: 0 | BE14: 0 | BF14: 0 | BG14: 0 | BH14: 0 | BI14: 0 | BJ14: 0 | BK14: 0 | BL14: 0 | BM14: 0 | BN14: 0 | BO14: 0 | BP14: 0 | BQ14: 0 | BR14: 0 | BS14: =$DS14 -> 0 | BT14: =$DS14 -> 0 | BU14: =$DS14 -> 0 | BV14: =$DS14 -> 0 | BW14: =$DS14 -> 0 | BX14: =$DS14 -> 0 | BY14: =$DS14 -> 0 | BZ14: =$DS14 -> 0 | ... DR14: =$DS14 -> 0 | DS14: =IF(Calculations!B141="",0,Calculations!B141) -> 0 | DT14: =IF(Calculations!C141="",0,Calculations!C141) -> 0 | DU14: =IF(Calculations!D141="",0,Calculations!D141) -> 0 | DV14: =IF(Calculations!E141="",0,Calculations!E141) -> 0 | DW14: =IF(Calculations!F141="",0,Calculations!F141) -> 0 | DX14: =IF(Calculations!G141="",0,Calculations!G141) -> 0 | DY14: =IF(Calculations!H141="",0,Calculations!H141) -> 0 | DZ14: =IF(Calculations!I141="",0,Calculations!I141) -> 0 | EA14: =IF(Calculations!J141="",0,Calculations!J141) -> 0 | EB14: =INDEX('[1]Heat Rates_post2020'!$C$2:$CD$25,MATCH($A14,'[1]Heat Rates_post2020'!$B$2:$B$25,0),MATCH(EB$1,'[1]Heat Rates_post2020'!$C$1:$CD$1,0)) -> 11911124 | EC14: =INDEX('[1]Heat Rates_post2020'!$C$2:$CD$25,MATCH($A14,'[1]Heat Rates_post2020'!$B$2:$B$25,0),MATCH(EC$1,'[1]Heat Rates_post2020'!$C$1:$CD$1,0)) -> 11911124 | ED14: =INDEX('[1]Heat Rates_post2020'!$C$2:$CD$25,MATCH($A14,'[1]Heat Rates_post2020'!$B$2:$B$25,0),MATCH(ED$1,'[1]Heat Rates_post2020'!$C$1:$CD$1,0)) -> 11911124 | EE14: =INDEX('[1]Heat Rates_post2020'!$C$2:$CD$25,MATCH($A14,'[1]Heat Rates_post2020'!$B$2:$B$25,0),MATCH(EE$1,'[1]Heat Rates_post2020'!$C$1:$CD$1,0)) -> 11911124 | EF14: =INDEX('[1]Heat Rates_post2020'!$C$2:$CD$25,MATCH($A14,'[1]Heat Rates_post2020'!$B$2:$B$25,0),MATCH(EF$1,'[1]Heat Rates_post2020'!$C$1:$CD$1,0)) -> 11911124 | EG14: =INDEX('[1]Heat Rates_post2020'!$C$2:$CD$25,MATCH($A14,'[1]Heat Rates_post2020'!$B$2:$B$25,0),MATCH(EG$1,'[1]Heat Rates_post2020'!$C$1:$CD$1,0)) -> 11911124 | EH14: =INDEX('[1]Heat Rates_post2020'!$C$2:$CD$25,MATCH($A14,'[1]Heat Rates_post2020'!$B$2:$B$25,0),MATCH(EH$1,'[1]Heat Rates_post2020'!$C$1:$CD$1,0)) -> 11911124 | EI14: =INDEX('[1]Heat Rates_post2020'!$C$2:$CD$25,MATCH($A14,'[1]Heat Rates_post2020'!$B$2:$B$25,0),MATCH(EI$1,'[1]Heat Rates_post2020'!$C$1:$CD$1,0)) -> 11911124 | ... HC14: =INDEX('[1]Heat Rates_post2020'!$C$2:$CD$25,MATCH($A14,'[1]Heat Rates_post2020'!$B$2:$B$25,0),MATCH(HC$1,'[1]Heat Rates_post2020'!$C$1:$CD$1,0)) -> 11911124
A15: offshore wind | B15: 0 | C15: 0 | D15: 0 | E15: 0 | F15: 0 | G15: 0 | H15: 0 | I15: 0 | J15: 0 | K15: 0 | L15: 0 | M15: 0 | N15: 0 | O15: 0 | P15: 0 | Q15: 0 | R15: 0 | S15: 0 | T15: 0 | U15: 0 | V15: 0 | W15: 0 | X15: 0 | Y15: 0 | Z15: 0 | AA15: 0 | AB15: 0 | AC15: 0 | AD15: 0 | AE15: 0 | AF15: 0 | AG15: 0 | AH15: 0 | AI15: 0 | AJ15: 0 | AK15: 0 | AL15: 0 | AM15: 0 | AN15: 0 | AO15: 0 | AP15: 0 | AQ15: 0 | AR15: 0 | AS15: 0 | AT15: 0 | AU15: 0 | AV15: 0 | AW15: 0 | AX15: 0 | AY15: 0 | AZ15: 0 | BA15: 0 | BB15: 0 | BC15: 0 | BD15: 0 | BE15: 0 | BF15: 0 | BG15: 0 | BH15: 0 | BI15: 0 | BJ15: 0 | BK15: 0 | BL15: 0 | BM15: 0 | BN15: 0 | BO15: 0 | BP15: 0 | BQ15: 0 | BR15: 0 | BS15: =$DS15 -> 0 | BT15: =$DS15 -> 0 | BU15: =$DS15 -> 0 | BV15: =$DS15 -> 0 | BW15: =$DS15 -> 0 | BX15: =$DS15 -> 0 | BY15: =$DS15 -> 0 | BZ15: =$DS15 -> 0 | ... DR15: =$DS15 -> 0 | DS15: =IF(Calculations!B142="",0,Calculations!B142) -> 0 | DT15: =IF(Calculations!C142="",0,Calculations!C142) -> 0 | DU15: =IF(Calculations!D142="",0,Calculations!D142) -> 0 | DV15: =IF(Calculations!E142="",0,Calculations!E142) -> 0 | DW15: =IF(Calculations!F142="",0,Calculations!F142) -> 0 | DX15: =IF(Calculations!G142="",0,Calculations!G142) -> 0 | DY15: =IF(Calculations!H142="",0,Calculations!H142) -> 0 | DZ15: =IF(Calculations!I142="",0,Calculations!I142) -> 0 | ... ED15: =IF(Calculations!M142="",0,Calculations!M142) -> 0 | EE15: =ED15 -> 0 | EF15: =EE15 -> 0 | EG15: =EF15 -> 0 | EH15: =EG15 -> 0 | EI15: =EH15 -> 0 | EJ15: =EI15 -> 0 | EK15: =EJ15 -> 0 | EL15: =EK15 -> 0 | ... HC15: =HB15 -> 0
A16: crude oil | B16: 0 | C16: 0 | D16: 0 | E16: 0 | F16: 0 | G16: 0 | H16: 0 | I16: 0 | J16: 0 | K16: 0 | L16: 0 | M16: 0 | N16: 0 | O16: 0 | P16: 0 | Q16: 0 | R16: 0 | S16: 0 | T16: 0 | U16: 0 | V16: 0 | W16: 0 | X16: 0 | Y16: 0 | Z16: 0 | AA16: 0 | AB16: 0 | AC16: 0 | AD16: 0 | AE16: 0 | AF16: 0 | AG16: 0 | AH16: 0 | AI16: 0 | AJ16: 0 | AK16: 0 | AL16: 0 | AM16: 0 | AN16: 0 | AO16: 0 | AP16: 0 | AQ16: 0 | AR16: 0 | AS16: 0 | AT16: 0 | AU16: 0 | AV16: 0 | AW16: 0 | AX16: 0 | AY16: 0 | AZ16: 0 | BA16: 0 | BB16: 0 | BC16: 0 | BD16: 0 | BE16: 0 | BF16: 0 | BG16: 0 | BH16: 0 | BI16: 0 | BJ16: 0 | BK16: 0 | BL16: 0 | BM16: 0 | BN16: 0 | BO16: 0 | BP16: 0 | BQ16: 0 | BR16: 0 | BS16: =$DS16 -> 0 | BT16: =$DS16 -> 0 | BU16: =$DS16 -> 0 | BV16: =$DS16 -> 0 | BW16: =$DS16 -> 0 | BX16: =$DS16 -> 0 | BY16: =$DS16 -> 0 | BZ16: =$DS16 -> 0 | ... DR16: =$DS16 -> 0 | DS16: =IF(Calculations!B143="",0,Calculations!B143) -> 0 | DT16: =IF(Calculations!C143="",0,Calculations!C143) -> 0 | DU16: =IF(Calculations!D143="",0,Calculations!D143) -> 0 | DV16: =IF(Calculations!E143="",0,Calculations!E143) -> 0 | DW16: =IF(Calculations!F143="",0,Calculations!F143) -> 0 | DX16: =IF(Calculations!G143="",0,Calculations!G143) -> 0 | DY16: =IF(Calculations!H143="",0,Calculations!H143) -> 0 | DZ16: =IF(Calculations!I143="",0,Calculations!I143) -> 0 | ... ED16: =IF(Calculations!M143="",0,Calculations!M143) -> 0 | EE16: =ED16 -> 0 | EF16: =EE16 -> 0 | EG16: =EF16 -> 0 | EH16: =EG16 -> 0 | EI16: =EH16 -> 0 | EJ16: =EI16 -> 0 | EK16: =EJ16 -> 0 | EL16: =EK16 -> 0 | ... HC16: =HB16 -> 0
A17: heavy or residual fuel oil | B17: 0 | C17: 0 | D17: 0 | E17: 0 | F17: 0 | G17: 0 | H17: 0 | I17: 0 | J17: 0 | K17: 0 | L17: 0 | M17: 0 | N17: 0 | O17: 0 | P17: 0 | Q17: 0 | R17: 0 | S17: 0 | T17: 0 | U17: 0 | V17: 0 | W17: 0 | X17: 0 | Y17: 0 | Z17: 0 | AA17: 0 | AB17: 0 | AC17: 0 | AD17: 0 | AE17: 0 | AF17: 0 | AG17: 0 | AH17: 0 | AI17: 0 | AJ17: 0 | AK17: 0 | AL17: 0 | AM17: 0 | AN17: 0 | AO17: 0 | AP17: 0 | AQ17: 0 | AR17: 0 | AS17: 0 | AT17: 0 | AU17: 0 | AV17: 0 | AW17: 0 | AX17: 0 | AY17: 0 | AZ17: 0 | BA17: 0 | BB17: 0 | BC17: 0 | BD17: 0 | BE17: 0 | BF17: 0 | BG17: 0 | BH17: 0 | BI17: 0 | BJ17: 0 | BK17: 0 | BL17: 0 | BM17: 0 | BN17: 0 | BO17: 0 | BP17: 0 | BQ17: 0 | BR17: 0 | BS17: =$DS17 -> 10214520 | BT17: =$DS17 -> 10214520 | BU17: =$DS17 -> 10214520 | BV17: =$DS17 -> 10214520 | BW17: =$DS17 -> 10214520 | BX17: =$DS17 -> 10214520 | BY17: =$DS17 -> 10214520 | BZ17: =$DS17 -> 10214520 | ... DR17: =$DS17 -> 10214520 | DS17: =IF(Calculations!B144="",0,Calculations!B144) -> 10214520 | DT17: =IF(Calculations!C144="",0,Calculations!C144) -> 10008665 | DU17: =IF(Calculations!D144="",0,Calculations!D144) -> 9776584.1 | DV17: =IF(Calculations!E144="",0,Calculations!E144) -> 9503797.2 | DW17: =IF(Calculations!F144="",0,Calculations!F144) -> 10722746 | DX17: =IF(Calculations!G144="",0,Calculations!G144) -> 10935365 | DY17: =IF(Calculations!H144="",0,Calculations!H144) -> 11185614 | DZ17: =IF(Calculations!I144="",0,Calculations!I144) -> 10787017 | ... ED17: =IF(Calculations!M144="",0,Calculations!M144) -> 13194654 | EE17: =ED17 -> 13194654 | EF17: =EE17 -> 13194654 | EG17: =EF17 -> 13194654 | EH17: =EG17 -> 13194654 | EI17: =EH17 -> 13194654 | EJ17: =EI17 -> 13194654 | EK17: =EJ17 -> 13194654 | EL17: =EK17 -> 13194654 | ... HC17: =HB17 -> 13194654
A18: municipal solid waste | B18: 0 | C18: 0 | D18: 0 | E18: 0 | F18: 0 | G18: 0 | H18: 0 | I18: 0 | J18: 0 | K18: 0 | L18: 0 | M18: 0 | N18: 0 | O18: 0 | P18: 0 | Q18: 0 | R18: 0 | S18: 0 | T18: 0 | U18: 0 | V18: 0 | W18: 0 | X18: 0 | Y18: 0 | Z18: 0 | AA18: 0 | AB18: 0 | AC18: 0 | AD18: 0 | AE18: 0 | AF18: 0 | AG18: 0 | AH18: 0 | AI18: 0 | AJ18: 0 | AK18: 0 | AL18: 0 | AM18: 0 | AN18: 0 | AO18: 0 | AP18: 0 | AQ18: 0 | AR18: 0 | AS18: 0 | AT18: 0 | AU18: 0 | AV18: 0 | AW18: 0 | AX18: 0 | AY18: 0 | AZ18: 0 | BA18: 0 | BB18: 0 | BC18: 0 | BD18: 0 | BE18: 0 | BF18: 0 | BG18: 0 | BH18: 0 | BI18: 0 | BJ18: 0 | BK18: 0 | BL18: 0 | BM18: 0 | BN18: 0 | BO18: 0 | BP18: 0 | BQ18: 0 | BR18: 0 | BS18: =$DS18 -> 0 | BT18: =$DS18 -> 0 | BU18: =$DS18 -> 0 | BV18: =$DS18 -> 0 | BW18: =$DS18 -> 0 | BX18: =$DS18 -> 0 | BY18: =$DS18 -> 0 | BZ18: =$DS18 -> 0 | ... DR18: =$DS18 -> 0 | DS18: =IF(Calculations!B145="",0,Calculations!B145) -> 0 | DT18: =IF(Calculations!C145="",0,Calculations!C145) -> 0 | DU18: =IF(Calculations!D145="",0,Calculations!D145) -> 0 | DV18: =IF(Calculations!E145="",0,Calculations!E145) -> 0 | DW18: =IF(Calculations!F145="",0,Calculations!F145) -> 0 | DX18: =IF(Calculations!G145="",0,Calculations!G145) -> 0 | DY18: =IF(Calculations!H145="",0,Calculations!H145) -> 0 | DZ18: =IF(Calculations!I145="",0,Calculations!I145) -> 0 | EA18: =IF(Calculations!J145="",0,Calculations!J145) -> 0 | EB18: =INDEX('[1]Heat Rates_post2020'!$C$2:$CD$25,MATCH($A18,'[1]Heat Rates_post2020'!$B$2:$B$25,0),MATCH(EB$1,'[1]Heat Rates_post2020'!$C$1:$CD$1,0)) -> 18734116 | EC18: =INDEX('[1]Heat Rates_post2020'!$C$2:$CD$25,MATCH($A18,'[1]Heat Rates_post2020'!$B$2:$B$25,0),MATCH(EC$1,'[1]Heat Rates_post2020'!$C$1:$CD$1,0)) -> 18734116 | ED18: =INDEX('[1]Heat Rates_post2020'!$C$2:$CD$25,MATCH($A18,'[1]Heat Rates_post2020'!$B$2:$B$25,0),MATCH(ED$1,'[1]Heat Rates_post2020'!$C$1:$CD$1,0)) -> 18734116 | EE18: =INDEX('[1]Heat Rates_post2020'!$C$2:$CD$25,MATCH($A18,'[1]Heat Rates_post2020'!$B$2:$B$25,0),MATCH(EE$1,'[1]Heat Rates_post2020'!$C$1:$CD$1,0)) -> 18734116 | EF18: =INDEX('[1]Heat Rates_post2020'!$C$2:$CD$25,MATCH($A18,'[1]Heat Rates_post2020'!$B$2:$B$25,0),MATCH(EF$1,'[1]Heat Rates_post2020'!$C$1:$CD$1,0)) -> 18734116 | EG18: =INDEX('[1]Heat Rates_post2020'!$C$2:$CD$25,MATCH($A18,'[1]Heat Rates_post2020'!$B$2:$B$25,0),MATCH(EG$1,'[1]Heat Rates_post2020'!$C$1:$CD$1,0)) -> 18734116 | EH18: =INDEX('[1]Heat Rates_post2020'!$C$2:$CD$25,MATCH($A18,'[1]Heat Rates_post2020'!$B$2:$B$25,0),MATCH(EH$1,'[1]Heat Rates_post2020'!$C$1:$CD$1,0)) -> 18734116 | EI18: =INDEX('[1]Heat Rates_post2020'!$C$2:$CD$25,MATCH($A18,'[1]Heat Rates_post2020'!$B$2:$B$25,0),MATCH(EI$1,'[1]Heat Rates_post2020'!$C$1:$CD$1,0)) -> 18734116 | ... HC18: =INDEX('[1]Heat Rates_post2020'!$C$2:$CD$25,MATCH($A18,'[1]Heat Rates_post2020'!$B$2:$B$25,0),MATCH(HC$1,'[1]Heat Rates_post2020'!$C$1:$CD$1,0)) -> 18734116
A19: hard coal w CCS | B19: 0 | C19: 0 | D19: 0 | E19: 0 | F19: 0 | G19: 0 | H19: 0 | I19: 0 | J19: 0 | K19: 0 | L19: 0 | M19: 0 | N19: 0 | O19: 0 | P19: 0 | Q19: 0 | R19: 0 | S19: 0 | T19: 0 | U19: 0 | V19: 0 | W19: 0 | X19: 0 | Y19: 0 | Z19: 0 | AA19: 0 | AB19: 0 | AC19: 0 | AD19: 0 | AE19: 0 | AF19: 0 | AG19: 0 | AH19: 0 | AI19: 0 | AJ19: 0 | AK19: 0 | AL19: 0 | AM19: 0 | AN19: 0 | AO19: 0 | AP19: 0 | AQ19: 0 | AR19: 0 | AS19: 0 | AT19: 0 | AU19: 0 | AV19: 0 | AW19: 0 | AX19: 0 | AY19: 0 | AZ19: 0 | BA19: 0 | BB19: 0 | BC19: 0 | BD19: 0 | BE19: 0 | BF19: 0 | BG19: 0 | BH19: 0 | BI19: 0 | BJ19: 0 | BK19: 0 | BL19: 0 | BM19: 0 | BN19: 0 | BO19: 0 | BP19: 0 | BQ19: 0 | BR19: 0 | BS19: =$DS19 -> 0 | BT19: =$DS19 -> 0 | BU19: =$DS19 -> 0 | BV19: =$DS19 -> 0 | BW19: =$DS19 -> 0 | BX19: =$DS19 -> 0 | BY19: =$DS19 -> 0 | BZ19: =$DS19 -> 0 | ... DR19: =$DS19 -> 0 | DS19: =IF(Calculations!B146="",0,Calculations!B146) -> 0 | DT19: =IF(Calculations!C146="",0,Calculations!C146) -> 0 | DU19: =IF(Calculations!D146="",0,Calculations!D146) -> 0 | DV19: =IF(Calculations!E146="",0,Calculations!E146) -> 0 | DW19: =IF(Calculations!F146="",0,Calculations!F146) -> 0 | DX19: =IF(Calculations!G146="",0,Calculations!G146) -> 0 | DY19: =IF(Calculations!H146="",0,Calculations!H146) -> 0 | DZ19: =IF(Calculations!I146="",0,Calculations!I146) -> 0 | EA19: =IF(Calculations!J146="",0,Calculations!J146) -> 0 | EB19: =INDEX('[1]Heat Rates_post2020'!$C$2:$CD$25,MATCH($A19,'[1]Heat Rates_post2020'!$B$2:$B$25,0),MATCH(EB$1,'[1]Heat Rates_post2020'!$C$1:$CD$1,0)) -> 11116000 | EC19: =INDEX('[1]Heat Rates_post2020'!$C$2:$CD$25,MATCH($A19,'[1]Heat Rates_post2020'!$B$2:$B$25,0),MATCH(EC$1,'[1]Heat Rates_post2020'!$C$1:$CD$1,0)) -> 11116000 | ED19: =INDEX('[1]Heat Rates_post2020'!$C$2:$CD$25,MATCH($A19,'[1]Heat Rates_post2020'!$B$2:$B$25,0),MATCH(ED$1,'[1]Heat Rates_post2020'!$C$1:$CD$1,0)) -> 11057000 | EE19: =INDEX('[1]Heat Rates_post2020'!$C$2:$CD$25,MATCH($A19,'[1]Heat Rates_post2020'!$B$2:$B$25,0),MATCH(EE$1,'[1]Heat Rates_post2020'!$C$1:$CD$1,0)) -> 10997000 | EF19: =INDEX('[1]Heat Rates_post2020'!$C$2:$CD$25,MATCH($A19,'[1]Heat Rates_post2020'!$B$2:$B$25,0),MATCH(EF$1,'[1]Heat Rates_post2020'!$C$1:$CD$1,0)) -> 10938000 | EG19: =INDEX('[1]Heat Rates_post2020'!$C$2:$CD$25,MATCH($A19,'[1]Heat Rates_post2020'!$B$2:$B$25,0),MATCH(EG$1,'[1]Heat Rates_post2020'!$C$1:$CD$1,0)) -> 10879000 | EH19: =INDEX('[1]Heat Rates_post2020'!$C$2:$CD$25,MATCH($A19,'[1]Heat Rates_post2020'!$B$2:$B$25,0),MATCH(EH$1,'[1]Heat Rates_post2020'!$C$1:$CD$1,0)) -> 10820000 | EI19: =INDEX('[1]Heat Rates_post2020'!$C$2:$CD$25,MATCH($A19,'[1]Heat Rates_post2020'!$B$2:$B$25,0),MATCH(EI$1,'[1]Heat Rates_post2020'!$C$1:$CD$1,0)) -> 10761000 | ... HC19: =INDEX('[1]Heat Rates_post2020'!$C$2:$CD$25,MATCH($A19,'[1]Heat Rates_post2020'!$B$2:$B$25,0),MATCH(HC$1,'[1]Heat Rates_post2020'!$C$1:$CD$1,0)) -> 10348000
A20: natural gas combined cycle w CCS | B20: 0 | C20: 0 | D20: 0 | E20: 0 | F20: 0 | G20: 0 | H20: 0 | I20: 0 | J20: 0 | K20: 0 | L20: 0 | M20: 0 | N20: 0 | O20: 0 | P20: 0 | Q20: 0 | R20: 0 | S20: 0 | T20: 0 | U20: 0 | V20: 0 | W20: 0 | X20: 0 | Y20: 0 | Z20: 0 | AA20: 0 | AB20: 0 | AC20: 0 | AD20: 0 | AE20: 0 | AF20: 0 | AG20: 0 | AH20: 0 | AI20: 0 | AJ20: 0 | AK20: 0 | AL20: 0 | AM20: 0 | AN20: 0 | AO20: 0 | AP20: 0 | AQ20: 0 | AR20: 0 | AS20: 0 | AT20: 0 | AU20: 0 | AV20: 0 | AW20: 0 | AX20: 0 | AY20: 0 | AZ20: 0 | BA20: 0 | BB20: 0 | BC20: 0 | BD20: 0 | BE20: 0 | BF20: 0 | BG20: 0 | BH20: 0 | BI20: 0 | BJ20: 0 | BK20: 0 | BL20: 0 | BM20: 0 | BN20: 0 | BO20: 0 | BP20: 0 | BQ20: 0 | BR20: 0 | BS20: =$DS20 -> 0 | BT20: =$DS20 -> 0 | BU20: =$DS20 -> 0 | BV20: =$DS20 -> 0 | BW20: =$DS20 -> 0 | BX20: =$DS20 -> 0 | BY20: =$DS20 -> 0 | BZ20: =$DS20 -> 0 | ... DR20: =$DS20 -> 0 | DS20: =IF(Calculations!B147="",0,Calculations!B147) -> 0 | DT20: =IF(Calculations!C147="",0,Calculations!C147) -> 0 | DU20: =IF(Calculations!D147="",0,Calculations!D147) -> 0 | DV20: =IF(Calculations!E147="",0,Calculations!E147) -> 0 | DW20: =IF(Calculations!F147="",0,Calculations!F147) -> 0 | DX20: =IF(Calculations!G147="",0,Calculations!G147) -> 0 | DY20: =IF(Calculations!H147="",0,Calculations!H147) -> 0 | DZ20: =IF(Calculations!I147="",0,Calculations!I147) -> 0 | EA20: =IF(Calculations!J147="",0,Calculations!J147) -> 0 | EB20: =INDEX('[1]Heat Rates_post2020'!$C$2:$CD$25,MATCH($A20,'[1]Heat Rates_post2020'!$B$2:$B$25,0),MATCH(EB$1,'[1]Heat Rates_post2020'!$C$1:$CD$1,0)) -> 7113500 | EC20: =INDEX('[1]Heat Rates_post2020'!$C$2:$CD$25,MATCH($A20,'[1]Heat Rates_post2020'!$B$2:$B$25,0),MATCH(EC$1,'[1]Heat Rates_post2020'!$C$1:$CD$1,0)) -> 7113500 | ED20: =INDEX('[1]Heat Rates_post2020'!$C$2:$CD$25,MATCH($A20,'[1]Heat Rates_post2020'!$B$2:$B$25,0),MATCH(ED$1,'[1]Heat Rates_post2020'!$C$1:$CD$1,0)) -> 7088500 | EE20: =INDEX('[1]Heat Rates_post2020'!$C$2:$CD$25,MATCH($A20,'[1]Heat Rates_post2020'!$B$2:$B$25,0),MATCH(EE$1,'[1]Heat Rates_post2020'!$C$1:$CD$1,0)) -> 7064000 | EF20: =INDEX('[1]Heat Rates_post2020'!$C$2:$CD$25,MATCH($A20,'[1]Heat Rates_post2020'!$B$2:$B$25,0),MATCH(EF$1,'[1]Heat Rates_post2020'!$C$1:$CD$1,0)) -> 7039500 | EG20: =INDEX('[1]Heat Rates_post2020'!$C$2:$CD$25,MATCH($A20,'[1]Heat Rates_post2020'!$B$2:$B$25,0),MATCH(EG$1,'[1]Heat Rates_post2020'!$C$1:$CD$1,0)) -> 7015000 | EH20: =INDEX('[1]Heat Rates_post2020'!$C$2:$CD$25,MATCH($A20,'[1]Heat Rates_post2020'!$B$2:$B$25,0),MATCH(EH$1,'[1]Heat Rates_post2020'!$C$1:$CD$1,0)) -> 6990000 | EI20: =INDEX('[1]Heat Rates_post2020'!$C$2:$CD$25,MATCH($A20,'[1]Heat Rates_post2020'!$B$2:$B$25,0),MATCH(EI$1,'[1]Heat Rates_post2020'!$C$1:$CD$1,0)) -> 6966000 | ... HC20: =INDEX('[1]Heat Rates_post2020'!$C$2:$CD$25,MATCH($A20,'[1]Heat Rates_post2020'!$B$2:$B$25,0),MATCH(HC$1,'[1]Heat Rates_post2020'!$C$1:$CD$1,0)) -> 6793500
A21: biomass w CCS | B21: 0 | C21: 0 | D21: 0 | E21: 0 | F21: 0 | G21: 0 | H21: 0 | I21: 0 | J21: 0 | K21: 0 | L21: 0 | M21: 0 | N21: 0 | O21: 0 | P21: 0 | Q21: 0 | R21: 0 | S21: 0 | T21: 0 | U21: 0 | V21: 0 | W21: 0 | X21: 0 | Y21: 0 | Z21: 0 | AA21: 0 | AB21: 0 | AC21: 0 | AD21: 0 | AE21: 0 | AF21: 0 | AG21: 0 | AH21: 0 | AI21: 0 | AJ21: 0 | AK21: 0 | AL21: 0 | AM21: 0 | AN21: 0 | AO21: 0 | AP21: 0 | AQ21: 0 | AR21: 0 | AS21: 0 | AT21: 0 | AU21: 0 | AV21: 0 | AW21: 0 | AX21: 0 | AY21: 0 | AZ21: 0 | BA21: 0 | BB21: 0 | BC21: 0 | BD21: 0 | BE21: 0 | BF21: 0 | BG21: 0 | BH21: 0 | BI21: 0 | BJ21: 0 | BK21: 0 | BL21: 0 | BM21: 0 | BN21: 0 | BO21: 0 | BP21: 0 | BQ21: 0 | BR21: 0 | BS21: =$DS21 -> 0 | BT21: =$DS21 -> 0 | BU21: =$DS21 -> 0 | BV21: =$DS21 -> 0 | BW21: =$DS21 -> 0 | BX21: =$DS21 -> 0 | BY21: =$DS21 -> 0 | BZ21: =$DS21 -> 0 | ... DR21: =$DS21 -> 0 | DS21: =IF(Calculations!B148="",0,Calculations!B148) -> 0 | DT21: =IF(Calculations!C148="",0,Calculations!C148) -> 0 | DU21: =IF(Calculations!D148="",0,Calculations!D148) -> 0 | DV21: =IF(Calculations!E148="",0,Calculations!E148) -> 0 | DW21: =IF(Calculations!F148="",0,Calculations!F148) -> 0 | DX21: =IF(Calculations!G148="",0,Calculations!G148) -> 0 | DY21: =IF(Calculations!H148="",0,Calculations!H148) -> 0 | DZ21: =IF(Calculations!I148="",0,Calculations!I148) -> 0 | EA21: =IF(Calculations!J148="",0,Calculations!J148) -> 0 | EB21: =INDEX('[1]Heat Rates_post2020'!$C$2:$CD$25,MATCH($A21,'[1]Heat Rates_post2020'!$B$2:$B$25,0),MATCH(EB$1,'[1]Heat Rates_post2020'!$C$1:$CD$1,0)) -> 15244000 | EC21: =INDEX('[1]Heat Rates_post2020'!$C$2:$CD$25,MATCH($A21,'[1]Heat Rates_post2020'!$B$2:$B$25,0),MATCH(EC$1,'[1]Heat Rates_post2020'!$C$1:$CD$1,0)) -> 15193000 | ED21: =INDEX('[1]Heat Rates_post2020'!$C$2:$CD$25,MATCH($A21,'[1]Heat Rates_post2020'!$B$2:$B$25,0),MATCH(ED$1,'[1]Heat Rates_post2020'!$C$1:$CD$1,0)) -> 15142000 | EE21: =INDEX('[1]Heat Rates_post2020'!$C$2:$CD$25,MATCH($A21,'[1]Heat Rates_post2020'!$B$2:$B$25,0),MATCH(EE$1,'[1]Heat Rates_post2020'!$C$1:$CD$1,0)) -> 15091000 | EF21: =INDEX('[1]Heat Rates_post2020'!$C$2:$CD$25,MATCH($A21,'[1]Heat Rates_post2020'!$B$2:$B$25,0),MATCH(EF$1,'[1]Heat Rates_post2020'!$C$1:$CD$1,0)) -> 15040000 | EG21: =INDEX('[1]Heat Rates_post2020'!$C$2:$CD$25,MATCH($A21,'[1]Heat Rates_post2020'!$B$2:$B$25,0),MATCH(EG$1,'[1]Heat Rates_post2020'!$C$1:$CD$1,0)) -> 14989000 | EH21: =INDEX('[1]Heat Rates_post2020'!$C$2:$CD$25,MATCH($A21,'[1]Heat Rates_post2020'!$B$2:$B$25,0),MATCH(EH$1,'[1]Heat Rates_post2020'!$C$1:$CD$1,0)) -> 14938000 | EI21: =INDEX('[1]Heat Rates_post2020'!$C$2:$CD$25,MATCH($A21,'[1]Heat Rates_post2020'!$B$2:$B$25,0),MATCH(EI$1,'[1]Heat Rates_post2020'!$C$1:$CD$1,0)) -> 14887000 | ... HC21: =INDEX('[1]Heat Rates_post2020'!$C$2:$CD$25,MATCH($A21,'[1]Heat Rates_post2020'!$B$2:$B$25,0),MATCH(HC$1,'[1]Heat Rates_post2020'!$C$1:$CD$1,0)) -> 13861000
A22: lignite w CCS | B22: 0 | C22: 0 | D22: 0 | E22: 0 | F22: 0 | G22: 0 | H22: 0 | I22: 0 | J22: 0 | K22: 0 | L22: 0 | M22: 0 | N22: 0 | O22: 0 | P22: 0 | Q22: 0 | R22: 0 | S22: 0 | T22: 0 | U22: 0 | V22: 0 | W22: 0 | X22: 0 | Y22: 0 | Z22: 0 | AA22: 0 | AB22: 0 | AC22: 0 | AD22: 0 | AE22: 0 | AF22: 0 | AG22: 0 | AH22: 0 | AI22: 0 | AJ22: 0 | AK22: 0 | AL22: 0 | AM22: 0 | AN22: 0 | AO22: 0 | AP22: 0 | AQ22: 0 | AR22: 0 | AS22: 0 | AT22: 0 | AU22: 0 | AV22: 0 | AW22: 0 | AX22: 0 | AY22: 0 | AZ22: 0 | BA22: 0 | BB22: 0 | BC22: 0 | BD22: 0 | BE22: 0 | BF22: 0 | BG22: 0 | BH22: 0 | BI22: 0 | BJ22: 0 | BK22: 0 | BL22: 0 | BM22: 0 | BN22: 0 | BO22: 0 | BP22: 0 | BQ22: 0 | BR22: 0 | BS22: =$DS22 -> 0 | BT22: =$DS22 -> 0 | BU22: =$DS22 -> 0 | BV22: =$DS22 -> 0 | BW22: =$DS22 -> 0 | BX22: =$DS22 -> 0 | BY22: =$DS22 -> 0 | BZ22: =$DS22 -> 0 | ... DR22: =$DS22 -> 0 | DS22: =IF(Calculations!B149="",0,Calculations!B149) -> 0 | DT22: =IF(Calculations!C149="",0,Calculations!C149) -> 0 | DU22: =IF(Calculations!D149="",0,Calculations!D149) -> 0 | DV22: =IF(Calculations!E149="",0,Calculations!E149) -> 0 | DW22: =IF(Calculations!F149="",0,Calculations!F149) -> 0 | DX22: =IF(Calculations!G149="",0,Calculations!G149) -> 0 | DY22: =IF(Calculations!H149="",0,Calculations!H149) -> 0 | DZ22: =IF(Calculations!I149="",0,Calculations!I149) -> 0 | EA22: =IF(Calculations!J149="",0,Calculations!J149) -> 0 | EB22: =INDEX('[1]Heat Rates_post2020'!$C$2:$CD$25,MATCH($A22,'[1]Heat Rates_post2020'!$B$2:$B$25,0),MATCH(EB$1,'[1]Heat Rates_post2020'!$C$1:$CD$1,0)) -> 11116000 | EC22: =INDEX('[1]Heat Rates_post2020'!$C$2:$CD$25,MATCH($A22,'[1]Heat Rates_post2020'!$B$2:$B$25,0),MATCH(EC$1,'[1]Heat Rates_post2020'!$C$1:$CD$1,0)) -> 11116000 | ED22: =INDEX('[1]Heat Rates_post2020'!$C$2:$CD$25,MATCH($A22,'[1]Heat Rates_post2020'!$B$2:$B$25,0),MATCH(ED$1,'[1]Heat Rates_post2020'!$C$1:$CD$1,0)) -> 11057000 | EE22: =INDEX('[1]Heat Rates_post2020'!$C$2:$CD$25,MATCH($A22,'[1]Heat Rates_post2020'!$B$2:$B$25,0),MATCH(EE$1,'[1]Heat Rates_post2020'!$C$1:$CD$1,0)) -> 10997000 | EF22: =INDEX('[1]Heat Rates_post2020'!$C$2:$CD$25,MATCH($A22,'[1]Heat Rates_post2020'!$B$2:$B$25,0),MATCH(EF$1,'[1]Heat Rates_post2020'!$C$1:$CD$1,0)) -> 10938000 | EG22: =INDEX('[1]Heat Rates_post2020'!$C$2:$CD$25,MATCH($A22,'[1]Heat Rates_post2020'!$B$2:$B$25,0),MATCH(EG$1,'[1]Heat Rates_post2020'!$C$1:$CD$1,0)) -> 10879000 | EH22: =INDEX('[1]Heat Rates_post2020'!$C$2:$CD$25,MATCH($A22,'[1]Heat Rates_post2020'!$B$2:$B$25,0),MATCH(EH$1,'[1]Heat Rates_post2020'!$C$1:$CD$1,0)) -> 10820000 | EI22: =INDEX('[1]Heat Rates_post2020'!$C$2:$CD$25,MATCH($A22,'[1]Heat Rates_post2020'!$B$2:$B$25,0),MATCH(EI$1,'[1]Heat Rates_post2020'!$C$1:$CD$1,0)) -> 10761000 | ... HC22: =INDEX('[1]Heat Rates_post2020'!$C$2:$CD$25,MATCH($A22,'[1]Heat Rates_post2020'!$B$2:$B$25,0),MATCH(HC$1,'[1]Heat Rates_post2020'!$C$1:$CD$1,0)) -> 10348000
A23: small modular reactor | B23: 0 | C23: 0 | D23: 0 | E23: 0 | F23: 0 | G23: 0 | H23: 0 | I23: 0 | J23: 0 | K23: 0 | L23: 0 | M23: 0 | N23: 0 | O23: 0 | P23: 0 | Q23: 0 | R23: 0 | S23: 0 | T23: 0 | U23: 0 | V23: 0 | W23: 0 | X23: 0 | Y23: 0 | Z23: 0 | AA23: 0 | AB23: 0 | AC23: 0 | AD23: 0 | AE23: 0 | AF23: 0 | AG23: 0 | AH23: 0 | AI23: 0 | AJ23: 0 | AK23: 0 | AL23: 0 | AM23: 0 | AN23: 0 | AO23: 0 | AP23: 0 | AQ23: 0 | AR23: 0 | AS23: 0 | AT23: 0 | AU23: 0 | AV23: 0 | AW23: 0 | AX23: 0 | AY23: 0 | AZ23: 0 | BA23: 0 | BB23: 0 | BC23: 0 | BD23: 0 | BE23: 0 | BF23: 0 | BG23: 0 | BH23: 0 | BI23: 0 | BJ23: 0 | BK23: 0 | BL23: 0 | BM23: 0 | BN23: 0 | BO23: 0 | BP23: 0 | BQ23: 0 | BR23: 0 | BS23: =$DS23 -> 0 | BT23: =$DS23 -> 0 | BU23: =$DS23 -> 0 | BV23: =$DS23 -> 0 | BW23: =$DS23 -> 0 | BX23: =$DS23 -> 0 | BY23: =$DS23 -> 0 | BZ23: =$DS23 -> 0 | ... DR23: =$DS23 -> 0 | DS23: =IF(Calculations!B150="",0,Calculations!B150) -> 0 | DT23: =IF(Calculations!C150="",0,Calculations!C150) -> 0 | DU23: =IF(Calculations!D150="",0,Calculations!D150) -> 0 | DV23: =IF(Calculations!E150="",0,Calculations!E150) -> 0 | DW23: =IF(Calculations!F150="",0,Calculations!F150) -> 0 | DX23: =IF(Calculations!G150="",0,Calculations!G150) -> 0 | DY23: =IF(Calculations!H150="",0,Calculations!H150) -> 0 | DZ23: =IF(Calculations!I150="",0,Calculations!I150) -> 0 | EA23: =IF(Calculations!J150="",0,Calculations!J150) -> 0 | EB23: =INDEX('[1]Heat Rates_post2020'!$C$2:$CD$25,MATCH($A23,'[1]Heat Rates_post2020'!$B$2:$B$25,0),MATCH(EB$1,'[1]Heat Rates_post2020'!$C$1:$CD$1,0)) -> 10447000 | EC23: =INDEX('[1]Heat Rates_post2020'!$C$2:$CD$25,MATCH($A23,'[1]Heat Rates_post2020'!$B$2:$B$25,0),MATCH(EC$1,'[1]Heat Rates_post2020'!$C$1:$CD$1,0)) -> 10447000 | ED23: =INDEX('[1]Heat Rates_post2020'!$C$2:$CD$25,MATCH($A23,'[1]Heat Rates_post2020'!$B$2:$B$25,0),MATCH(ED$1,'[1]Heat Rates_post2020'!$C$1:$CD$1,0)) -> 10447000 | EE23: =INDEX('[1]Heat Rates_post2020'!$C$2:$CD$25,MATCH($A23,'[1]Heat Rates_post2020'!$B$2:$B$25,0),MATCH(EE$1,'[1]Heat Rates_post2020'!$C$1:$CD$1,0)) -> 10447000 | EF23: =INDEX('[1]Heat Rates_post2020'!$C$2:$CD$25,MATCH($A23,'[1]Heat Rates_post2020'!$B$2:$B$25,0),MATCH(EF$1,'[1]Heat Rates_post2020'!$C$1:$CD$1,0)) -> 10447000 | EG23: =INDEX('[1]Heat Rates_post2020'!$C$2:$CD$25,MATCH($A23,'[1]Heat Rates_post2020'!$B$2:$B$25,0),MATCH(EG$1,'[1]Heat Rates_post2020'!$C$1:$CD$1,0)) -> 10447000 | EH23: =INDEX('[1]Heat Rates_post2020'!$C$2:$CD$25,MATCH($A23,'[1]Heat Rates_post2020'!$B$2:$B$25,0),MATCH(EH$1,'[1]Heat Rates_post2020'!$C$1:$CD$1,0)) -> 10447000 | EI23: =INDEX('[1]Heat Rates_post2020'!$C$2:$CD$25,MATCH($A23,'[1]Heat Rates_post2020'!$B$2:$B$25,0),MATCH(EI$1,'[1]Heat Rates_post2020'!$C$1:$CD$1,0)) -> 10447000 | ... HC23: =INDEX('[1]Heat Rates_post2020'!$C$2:$CD$25,MATCH($A23,'[1]Heat Rates_post2020'!$B$2:$B$25,0),MATCH(HC$1,'[1]Heat Rates_post2020'!$C$1:$CD$1,0)) -> 10447000
A24: hydrogen combustion turbine | B24: 0 | C24: 0 | D24: 0 | E24: 0 | F24: 0 | G24: 0 | H24: 0 | I24: 0 | J24: 0 | K24: 0 | L24: 0 | M24: 0 | N24: 0 | O24: 0 | P24: 0 | Q24: 0 | R24: 0 | S24: 0 | T24: 0 | U24: 0 | V24: 0 | W24: 0 | X24: 0 | Y24: 0 | Z24: 0 | AA24: 0 | AB24: 0 | AC24: 0 | AD24: 0 | AE24: 0 | AF24: 0 | AG24: 0 | AH24: 0 | AI24: 0 | AJ24: 0 | AK24: 0 | AL24: 0 | AM24: 0 | AN24: 0 | AO24: 0 | AP24: 0 | AQ24: 0 | AR24: 0 | AS24: 0 | AT24: 0 | AU24: 0 | AV24: 0 | AW24: 0 | AX24: 0 | AY24: 0 | AZ24: 0 | BA24: 0 | BB24: 0 | BC24: 0 | BD24: 0 | BE24: 0 | BF24: 0 | BG24: 0 | BH24: 0 | BI24: 0 | BJ24: 0 | BK24: 0 | BL24: 0 | BM24: 0 | BN24: 0 | BO24: 0 | BP24: 0 | BQ24: 0 | BR24: 0 | BS24: =$DS24 -> 9853450.6 | BT24: =$DS24 -> 9853450.6 | BU24: =$DS24 -> 9853450.6 | BV24: =$DS24 -> 9853450.6 | BW24: =$DS24 -> 9853450.6 | BX24: =$DS24 -> 9853450.6 | BY24: =$DS24 -> 9853450.6 | BZ24: =$DS24 -> 9853450.6 | ... DR24: =$DS24 -> 9853450.6 | DS24: =IF(Calculations!B151="",0,Calculations!B151) -> 9853450.6 | DT24: =IF(Calculations!C151="",0,Calculations!C151) -> 9846781.1 | DU24: =IF(Calculations!D151="",0,Calculations!D151) -> 9218141.8 | DV24: =IF(Calculations!E151="",0,Calculations!E151) -> 8537985.3 | DW24: =IF(Calculations!F151="",0,Calculations!F151) -> 10716845 | DX24: =IF(Calculations!G151="",0,Calculations!G151) -> 10989477 | DY24: =IF(Calculations!H151="",0,Calculations!H151) -> 11229683 | DZ24: =IF(Calculations!I151="",0,Calculations!I151) -> 10383753 | ... ED24: =IF(Calculations!M151="",0,Calculations!M151) -> 10783680 | EE24: =ED24 -> 10783680 | EF24: =EE24 -> 10783680 | EG24: =EF24 -> 10783680 | EH24: =EG24 -> 10783680 | EI24: =EH24 -> 10783680 | EJ24: =EI24 -> 10783680 | EK24: =EJ24 -> 10783680 | EL24: =EK24 -> 10783680 | ... HC24: =HB24 -> 10783680
A25: hydrogen combined cycle | B25: 0 | C25: 0 | D25: 0 | E25: 0 | F25: 0 | G25: 0 | H25: 0 | I25: 0 | J25: 0 | K25: 0 | L25: 0 | M25: 0 | N25: 0 | O25: 0 | P25: 0 | Q25: 0 | R25: 0 | S25: 0 | T25: 0 | U25: 0 | V25: 0 | W25: 0 | X25: 0 | Y25: 0 | Z25: 0 | AA25: 0 | AB25: 0 | AC25: 0 | AD25: 0 | AE25: 0 | AF25: 0 | AG25: 0 | AH25: 0 | AI25: 0 | AJ25: 0 | AK25: 0 | AL25: 0 | AM25: 0 | AN25: 0 | AO25: 0 | AP25: 0 | AQ25: 0 | AR25: 0 | AS25: 0 | AT25: 0 | AU25: 0 | AV25: 0 | AW25: 0 | AX25: 0 | AY25: 0 | AZ25: 0 | BA25: 0 | BB25: 0 | BC25: 0 | BD25: 0 | BE25: 0 | BF25: 0 | BG25: 0 | BH25: 0 | BI25: 0 | BJ25: 0 | BK25: 0 | BL25: 0 | BM25: 0 | BN25: 0 | BO25: 0 | BP25: 0 | BQ25: 0 | BR25: 0 | BS25: =$DS25 -> 7396614.8 | BT25: =$DS25 -> 7396614.8 | BU25: =$DS25 -> 7396614.8 | BV25: =$DS25 -> 7396614.8 | BW25: =$DS25 -> 7396614.8 | BX25: =$DS25 -> 7396614.8 | BY25: =$DS25 -> 7396614.8 | BZ25: =$DS25 -> 7396614.8 | ... DR25: =$DS25 -> 7396614.8 | DS25: =IF(Calculations!B152="",0,Calculations!B152) -> 7396614.8 | DT25: =IF(Calculations!C152="",0,Calculations!C152) -> 7547504.8 | DU25: =IF(Calculations!D152="",0,Calculations!D152) -> 7377524.3 | DV25: =IF(Calculations!E152="",0,Calculations!E152) -> 7980270.3 | DW25: =IF(Calculations!F152="",0,Calculations!F152) -> 8798436.1 | DX25: =IF(Calculations!G152="",0,Calculations!G152) -> 8506001 | DY25: =IF(Calculations!H152="",0,Calculations!H152) -> 8870389 | DZ25: =IF(Calculations!I152="",0,Calculations!I152) -> 7997709.4 | ... ED25: =IF(Calculations!M152="",0,Calculations!M152) -> 9395762 | EE25: =ED25 -> 9395762 | EF25: =EE25 -> 9395762 | EG25: =EF25 -> 9395762 | EH25: =EG25 -> 9395762 | EI25: =EH25 -> 9395762 | EJ25: =EI25 -> 9395762 | EK25: =EJ25 -> 9395762 | EL25: =EK25 -> 9395762 | ... HC25: =HB25 -> 9395762

Sheet BHRaSYC-StartYearCapacities
A1: Start Year Capacities (MW) | B1: Vintage1891 | C1: Vintage1892 | D1: Vintage1893 | E1: Vintage1894 | F1: Vintage1895 | G1: Vintage1896 | H1: Vintage1897 | I1: Vintage1898 | J1: Vintage1899 | K1: Vintage1900 | L1: Vintage1901 | M1: Vintage1902 | N1: Vintage1903 | O1: Vintage1904 | P1: Vintage1905 | Q1: Vintage1906 | R1: Vintage1907 | S1: Vintage1908 | T1: Vintage1909 | U1: Vintage1910 | V1: Vintage1911 | W1: Vintage1912 | X1: Vintage1913 | Y1: Vintage1914 | Z1: Vintage1915 | AA1: Vintage1916 | AB1: Vintage1917 | AC1: Vintage1918 | AD1: Vintage1919 | AE1: Vintage1920 | AF1: Vintage1921 | AG1: Vintage1922 | AH1: Vintage1923 | AI1: Vintage1924 | AJ1: Vintage1925 | AK1: Vintage1926 | AL1: Vintage1927 | AM1: Vintage1928 | AN1: Vintage1929 | AO1: Vintage1930 | AP1: Vintage1931 | AQ1: Vintage1932 | AR1: Vintage1933 | AS1: Vintage1934 | AT1: Vintage1935 | AU1: Vintage1936 | AV1: Vintage1937 | AW1: Vintage1938 | AX1: Vintage1939 | AY1: Vintage1940 | AZ1: Vintage1941 | BA1: Vintage1942 | BB1: Vintage1943 | BC1: Vintage1944 | BD1: Vintage1945 | BE1: Vintage1946 | BF1: Vintage1947 | BG1: Vintage1948 | BH1: Vintage1949 | BI1: Vintage1950 | BJ1: Vintage1951 | BK1: Vintage1952 | BL1: Vintage1953 | BM1: Vintage1954 | BN1: Vintage1955 | BO1: Vintage1956 | BP1: Vintage1957 | BQ1: Vintage1958 | BR1: Vintage1959 | BS1: Vintage1960 | BT1: Vintage1961 | BU1: Vintage1962 | BV1: Vintage1963 | BW1: Vintage1964 | BX1: Vintage1965 | BY1: Vintage1966 | BZ1: Vintage1967 | CA1: Vintage1968 | CB1: Vintage1969 | CC1: Vintage1970 | CD1: Vintage1971 | CE1: Vintage1972 | CF1: Vintage1973 | CG1: Vintage1974 | CH1: Vintage1975 | CI1: Vintage1976 | CJ1: Vintage1977 | CK1: Vintage1978 | CL1: Vintage1979 | CM1: Vintage1980 | CN1: Vintage1981 | CO1: Vintage1982 | CP1: Vintage1983 | CQ1: Vintage1984 | CR1: Vintage1985 | CS1: Vintage1986 | CT1: Vintage1987 | CU1: Vintage1988 | CV1: Vintage1989 | CW1: Vintage1990 | CX1: Vintage1991 | CY1: Vintage1992 | CZ1: Vintage1993 | DA1: Vintage1994 | DB1: Vintage1995 | DC1: Vintage1996 | DD1: Vintage1997 | DE1: Vintage1998 | DF1: Vintage1999 | DG1: Vintage2000 | DH1: Vintage2001 | DI1: Vintage2002 | DJ1: Vintage2003 | DK1: Vintage2004 | DL1: Vintage2005 | DM1: Vintage2006 | DN1: Vintage2007 | DO1: Vintage2008 | DP1: Vintage2009 | DQ1: Vintage2010 | DR1: Vintage2011 | DS1: Vintage2012 | DT1: Vintage2013 | DU1: Vintage2014 | DV1: Vintage2015 | DW1: Vintage2016 | DX1: Vintage2017 | DY1: Vintage2018 | DZ1: Vintage2019 | EA1: Vintage2020 | EB1: Vintage2021 | EC1: Vintage2022 | ED1: Vintage2023 | EE1: Vintage2024 | EF1: Vintage2025 | EG1: Vintage2026 | EH1: Vintage2027 | EI1: Vintage2028 | EJ1: Vintage2029 | EK1: Vintage2030 | EL1: Vintage2031 | EM1: Vintage2032 | EN1: Vintage2033 | EO1: Vintage2034 | EP1: Vintage2035 | EQ1: Vintage2036 | ER1: Vintage2037 | ES1: Vintage2038 | ET1: Vintage2039 | EU1: Vintage2040 | EV1: Vintage2041 | EW1: Vintage2042 | EX1: Vintage2043 | EY1: Vintage2044 | EZ1: Vintage2045 | FA1: Vintage2046 | FB1: Vintage2047 | FC1: Vintage2048 | FD1: Vintage2049 | FE1: Vintage2050 | FF1: Vintage2051 | FG1: Vintage2052 | FH1: Vintage2053 | FI1: Vintage2054 | FJ1: Vintage2055 | FK1: Vintage2056 | FL1: Vintage2057 | FM1: Vintage2058 | FN1: Vintage2059 | FO1: Vintage2060 | FP1: Vintage2061 | FQ1: Vintage2062 | FR1: Vintage2063 | FS1: Vintage2064 | FT1: Vintage2065 | FU1: Vintage2066 | FV1: Vintage2067 | FW1: Vintage2068 | FX1: Vintage2069 | FY1: Vintage2070 | FZ1: Vintage2071 | GA1: Vintage2072 | GB1: Vintage2073 | GC1: Vintage2074 | GD1: Vintage2075 | GE1: Vintage2076 | GF1: Vintage2077 | GG1: Vintage2078 | GH1: Vintage2079 | GI1: Vintage2080 | GJ1: Vintage2081 | GK1: Vintage2082 | GL1: Vintage2083 | GM1: Vintage2084 | GN1: Vintage2085 | GO1: Vintage2086 | GP1: Vintage2087 | GQ1: Vintage2088 | GR1: Vintage2089 | GS1: Vintage2090 | GT1: Vintage2091 | GU1: Vintage2092 | GV1: Vintage2093 | GW1: Vintage2094 | GX1: Vintage2095 | GY1: Vintage2096 | GZ1: Vintage2097 | HA1: Vintage2098 | HB1: Vintage2099 | HC1: Vintage2100
A2: hard coal | B2: 0 | C2: 0 | D2: 0 | E2: 0 | F2: 0 | G2: 0 | H2: 0 | I2: 0 | J2: 0 | K2: 0 | L2: 0 | M2: 0 | N2: 0 | O2: 0 | P2: 0 | Q2: 0 | R2: 0 | S2: 0 | T2: 0 | U2: 0 | V2: 0 | W2: 0 | X2: 0 | Y2: 0 | Z2: 0 | AA2: 0 | AB2: 0 | AC2: 0 | AD2: 0 | AE2: 0 | AF2: 0 | AG2: 0 | AH2: 0 | AI2: 0 | AJ2: 0 | AK2: 0 | AL2: 0 | AM2: 0 | AN2: 0 | AO2: 0 | AP2: 0 | AQ2: 0 | AR2: 0 | AS2: 0 | AT2: 0 | AU2: 0 | AV2: 0 | AW2: 0 | AX2: 0 | AY2: 0 | AZ2: 0 | BA2: 0 | BB2: 0 | BC2: 0 | BD2: 0 | BE2: 0 | BF2: 0 | BG2: 0 | BH2: 0 | BI2: 0 | BJ2: 0 | BK2: 0 | BL2: 0 | BM2: 0 | BN2: 0 | BO2: 0 | BP2: 0 | BQ2: 0 | BR2: 0 | BS2: 0 | BT2: 0 | BU2: 0 | BV2: 0 | BW2: 0 | BX2: 0 | BY2: 0 | BZ2: 0 | CA2: 0 | CB2: 0 | CC2: 0 | CD2: 0 | CE2: 0 | CF2: 0 | CG2: 0 | CH2: 0 | CI2: 0 | CJ2: 0 | CK2: 0 | CL2: 0 | CM2: 0 | CN2: 0 | CO2: 0 | CP2: 0 | CQ2: 0 | CR2: 0 | CS2: 0 | CT2: 0 | CU2: 0 | CV2: 0 | CW2: 0 | CX2: 0 | CY2: 0 | CZ2: 0 | DA2: 0 | DB2: 0 | DC2: 0 | DD2: 0 | DE2: 0 | DF2: 0 | DG2: 0 | DH2: 0 | DI2: 0 | DJ2: 0 | DK2: 0 | DL2: 0 | DM2: 0 | DN2: 0 | DO2: 0 | DP2: 0 | DQ2: 0 | DR2: 0 | DS2: =Calculations!B75 -> 5378 | DT2: =Calculations!C75 -> 0 | DU2: =Calculations!D75 -> 0 | DV2: =Calculations!E75 -> 0 | DW2: =Calculations!F75 -> 0 | DX2: =Calculations!G75 -> 0 | DY2: =Calculations!H75 -> 120 | DZ2: =Calculations!I75 -> 0 | EA2: =Calculations!J75 -> 0 | EB2: 0 | EC2: 0 | ED2: 0 | EE2: 0 | EF2: 0 | EG2: 0 | EH2: 0 | EI2: 0 | EJ2: 0 | EK2: 0 | EL2: 0 | EM2: 0 | EN2: 0 | EO2: 0 | EP2: 0 | EQ2: 0 | ER2: 0 | ES2: 0 | ET2: 0 | EU2: 0 | EV2: 0 | EW2: 0 | EX2: 0 | EY2: 0 | EZ2: 0 | FA2: 0 | FB2: 0 | FC2: 0 | FD2: 0 | FE2: 0 | FF2: 0 | FG2: 0 | FH2: 0 | FI2: 0 | FJ2: 0 | FK2: 0 | FL2: 0 | FM2: 0 | FN2: 0 | FO2: 0 | FP2: 0 | FQ2: 0 | FR2: 0 | FS2: 0 | FT2: 0 | FU2: 0 | FV2: 0 | FW2: 0 | FX2: 0 | FY2: 0 | FZ2: 0 | GA2: 0 | GB2: 0 | GC2: 0 | GD2: 0 | GE2: 0 | GF2: 0 | GG2: 0 | GH2: 0 | GI2: 0 | GJ2: 0 | GK2: 0 | GL2: 0 | GM2: 0 | GN2: 0 | GO2: 0 | GP2: 0 | GQ2: 0 | GR2: 0 | GS2: 0 | GT2: 0 | GU2: 0 | GV2: 0 | GW2: 0 | GX2: 0 | GY2: 0 | GZ2: 0 | HA2: 0 | HB2: 0 | HC2: 0
A3: natural gas steam turbine | B3: 0 | C3: 0 | D3: 0 | E3: 0 | F3: 0 | G3: 0 | H3: 0 | I3: 0 | J3: 0 | K3: 0 | L3: 0 | M3: 0 | N3: 0 | O3: 0 | P3: 0 | Q3: 0 | R3: 0 | S3: 0 | T3: 0 | U3: 0 | V3: 0 | W3: 0 | X3: 0 | Y3: 0 | Z3: 0 | AA3: 0 | AB3: 0 | AC3: 0 | AD3: 0 | AE3: 0 | AF3: 0 | AG3: 0 | AH3: 0 | AI3: 0 | AJ3: 0 | AK3: 0 | AL3: 0 | AM3: 0 | AN3: 0 | AO3: 0 | AP3: 0 | AQ3: 0 | AR3: 0 | AS3: 0 | AT3: 0 | AU3: 0 | AV3: 0 | AW3: 0 | AX3: 0 | AY3: 0 | AZ3: 0 | BA3: 0 | BB3: 0 | BC3: 0 | BD3: 0 | BE3: 0 | BF3: 0 | BG3: 0 | BH3: 0 | BI3: 0 | BJ3: 0 | BK3: 0 | BL3: 0 | BM3: 0 | BN3: 0 | BO3: 0 | BP3: 0 | BQ3: 0 | BR3: 0 | BS3: 0 | BT3: 0 | BU3: 0 | BV3: 0 | BW3: 0 | BX3: 0 | BY3: 0 | BZ3: 0 | CA3: 0 | CB3: 0 | CC3: 0 | CD3: 0 | CE3: 0 | CF3: 0 | CG3: 0 | CH3: 0 | CI3: 0 | CJ3: 0 | CK3: 0 | CL3: 0 | CM3: 0 | CN3: 0 | CO3: 0 | CP3: 0 | CQ3: 0 | CR3: 0 | CS3: 0 | CT3: 0 | CU3: 0 | CV3: 0 | CW3: 0 | CX3: 0 | CY3: 0 | CZ3: 0 | DA3: 0 | DB3: 0 | DC3: 0 | DD3: 0 | DE3: 0 | DF3: 0 | DG3: 0 | DH3: 0 | DI3: 0 | DJ3: 0 | DK3: 0 | DL3: 0 | DM3: 0 | DN3: 0 | DO3: 0 | DP3: 0 | DQ3: 0 | DR3: 0 | DS3: =Calculations!B76 -> 211.25 | DT3: =Calculations!C76 -> 94 | DU3: =Calculations!D76 -> 166 | DV3: =Calculations!E76 -> 0 | DW3: =Calculations!F76 -> 290 | DX3: =Calculations!G76 -> 181 | DY3: =Calculations!H76 -> 411 | DZ3: =Calculations!I76 -> 73 | EA3: =Calculations!J76 -> 0 | EB3: 0 | EC3: 0 | ED3: 0 | EE3: 0 | EF3: 0 | EG3: 0 | EH3: 0 | EI3: 0 | EJ3: 0 | EK3: 0 | EL3: 0 | EM3: 0 | EN3: 0 | EO3: 0 | EP3: 0 | EQ3: 0 | ER3: 0 | ES3: 0 | ET3: 0 | EU3: 0 | EV3: 0 | EW3: 0 | EX3: 0 | EY3: 0 | EZ3: 0 | FA3: 0 | FB3: 0 | FC3: 0 | FD3: 0 | FE3: 0 | FF3: 0 | FG3: 0 | FH3: 0 | FI3: 0 | FJ3: 0 | FK3: 0 | FL3: 0 | FM3: 0 | FN3: 0 | FO3: 0 | FP3: 0 | FQ3: 0 | FR3: 0 | FS3: 0 | FT3: 0 | FU3: 0 | FV3: 0 | FW3: 0 | FX3: 0 | FY3: 0 | FZ3: 0 | GA3: 0 | GB3: 0 | GC3: 0 | GD3: 0 | GE3: 0 | GF3: 0 | GG3: 0 | GH3: 0 | GI3: 0 | GJ3: 0 | GK3: 0 | GL3: 0 | GM3: 0 | GN3: 0 | GO3: 0 | GP3: 0 | GQ3: 0 | GR3: 0 | GS3: 0 | GT3: 0 | GU3: 0 | GV3: 0 | GW3: 0 | GX3: 0 | GY3: 0 | GZ3: 0 | HA3: 0 | HB3: 0 | HC3: 0
A4: natural gas combined cycle | B4: 0 | C4: 0 | D4: 0 | E4: 0 | F4: 0 | G4: 0 | H4: 0 | I4: 0 | J4: 0 | K4: 0 | L4: 0 | M4: 0 | N4: 0 | O4: 0 | P4: 0 | Q4: 0 | R4: 0 | S4: 0 | T4: 0 | U4: 0 | V4: 0 | W4: 0 | X4: 0 | Y4: 0 | Z4: 0 | AA4: 0 | AB4: 0 | AC4: 0 | AD4: 0 | AE4: 0 | AF4: 0 | AG4: 0 | AH4: 0 | AI4: 0 | AJ4: 0 | AK4: 0 | AL4: 0 | AM4: 0 | AN4: 0 | AO4: 0 | AP4: 0 | AQ4: 0 | AR4: 0 | AS4: 0 | AT4: 0 | AU4: 0 | AV4: 0 | AW4: 0 | AX4: 0 | AY4: 0 | AZ4: 0 | BA4: 0 | BB4: 0 | BC4: 0 | BD4: 0 | BE4: 0 | BF4: 0 | BG4: 0 | BH4: 0 | BI4: 0 | BJ4: 0 | BK4: 0 | BL4: 0 | BM4: 0 | BN4: 0 | BO4: 0 | BP4: 0 | BQ4: 0 | BR4: 0 | BS4: 0 | BT4: 0 | BU4: 0 | BV4: 0 | BW4: 0 | BX4: 0 | BY4: 0 | BZ4: 0 | CA4: 0 | CB4: 0 | CC4: 0 | CD4: 0 | CE4: 0 | CF4: 0 | CG4: 0 | CH4: 0 | CI4: 0 | CJ4: 0 | CK4: 0 | CL4: 0 | CM4: 0 | CN4: 0 | CO4: 0 | CP4: 0 | CQ4: 0 | CR4: 0 | CS4: 0 | CT4: 0 | CU4: 0 | CV4: 0 | CW4: 0 | CX4: 0 | CY4: 0 | CZ4: 0 | DA4: 0 | DB4: 0 | DC4: 0 | DD4: 0 | DE4: 0 | DF4: 0 | DG4: 0 | DH4: 0 | DI4: 0 | DJ4: 0 | DK4: 0 | DL4: 0 | DM4: 0 | DN4: 0 | DO4: 0 | DP4: 0 | DQ4: 0 | DR4: 0 | DS4: =Calculations!B77 -> 18029 | DT4: =Calculations!C77 -> 4801 | DU4: =Calculations!D77 -> 479 | DV4: =Calculations!E77 -> 734 | DW4: =Calculations!F77 -> 3231 | DX4: =Calculations!G77 -> 810 | DY4: =Calculations!H77 -> 1932 | DZ4: =Calculations!I77 -> 1812 | EA4: =Calculations!J77 -> 120 | EB4: 0 | EC4: 0 | ED4: 0 | EE4: 0 | EF4: 0 | EG4: 0 | EH4: 0 | EI4: 0 | EJ4: 0 | EK4: 0 | EL4: 0 | EM4: 0 | EN4: 0 | EO4: 0 | EP4: 0 | EQ4: 0 | ER4: 0 | ES4: 0 | ET4: 0 | EU4: 0 | EV4: 0 | EW4: 0 | EX4: 0 | EY4: 0 | EZ4: 0 | FA4: 0 | FB4: 0 | FC4: 0 | FD4: 0 | FE4: 0 | FF4: 0 | FG4: 0 | FH4: 0 | FI4: 0 | FJ4: 0 | FK4: 0 | FL4: 0 | FM4: 0 | FN4: 0 | FO4: 0 | FP4: 0 | FQ4: 0 | FR4: 0 | FS4: 0 | FT4: 0 | FU4: 0 | FV4: 0 | FW4: 0 | FX4: 0 | FY4: 0 | FZ4: 0 | GA4: 0 | GB4: 0 | GC4: 0 | GD4: 0 | GE4: 0 | GF4: 0 | GG4: 0 | GH4: 0 | GI4: 0 | GJ4: 0 | GK4: 0 | GL4: 0 | GM4: 0 | GN4: 0 | GO4: 0 | GP4: 0 | GQ4: 0 | GR4: 0 | GS4: 0 | GT4: 0 | GU4: 0 | GV4: 0 | GW4: 0 | GX4: 0 | GY4: 0 | GZ4: 0 | HA4: 0 | HB4: 0 | HC4: 0
A5: nuclear | B5: 0 | C5: 0 | D5: 0 | E5: 0 | F5: 0 | G5: 0 | H5: 0 | I5: 0 | J5: 0 | K5: 0 | L5: 0 | M5: 0 | N5: 0 | O5: 0 | P5: 0 | Q5: 0 | R5: 0 | S5: 0 | T5: 0 | U5: 0 | V5: 0 | W5: 0 | X5: 0 | Y5: 0 | Z5: 0 | AA5: 0 | AB5: 0 | AC5: 0 | AD5: 0 | AE5: 0 | AF5: 0 | AG5: 0 | AH5: 0 | AI5: 0 | AJ5: 0 | AK5: 0 | AL5: 0 | AM5: 0 | AN5: 0 | AO5: 0 | AP5: 0 | AQ5: 0 | AR5: 0 | AS5: 0 | AT5: 0 | AU5: 0 | AV5: 0 | AW5: 0 | AX5: 0 | AY5: 0 | AZ5: 0 | BA5: 0 | BB5: 0 | BC5: 0 | BD5: 0 | BE5: 0 | BF5: 0 | BG5: 0 | BH5: 0 | BI5: 0 | BJ5: 0 | BK5: 0 | BL5: 0 | BM5: 0 | BN5: 0 | BO5: 0 | BP5: 0 | BQ5: 0 | BR5: 0 | BS5: 0 | BT5: 0 | BU5: 0 | BV5: 0 | BW5: 0 | BX5: 0 | BY5: 0 | BZ5: 0 | CA5: 0 | CB5: 0 | CC5: 0 | CD5: 0 | CE5: 0 | CF5: 0 | CG5: 0 | CH5: 0 | CI5: 0 | CJ5: 0 | CK5: 0 | CL5: 0 | CM5: 0 | CN5: 0 | CO5: 0 | CP5: 0 | CQ5: 0 | CR5: 0 | CS5: 0 | CT5: 0 | CU5: 0 | CV5: 0 | CW5: 0 | CX5: 0 | CY5: 0 | CZ5: 0 | DA5: 0 | DB5: 0 | DC5: 0 | DD5: 0 | DE5: 0 | DF5: 0 | DG5: 0 | DH5: 0 | DI5: 0 | DJ5: 0 | DK5: 0 | DL5: 0 | DM5: 0 | DN5: 0 | DO5: 0 | DP5: 0 | DQ5: 0 | DR5: 0 | DS5: =Calculations!B78 -> 1400 | DT5: =Calculations!C78 -> 0 | DU5: =Calculations!D78 -> 0 | DV5: =Calculations!E78 -> 110 | DW5: =Calculations!F78 -> 98 | DX5: =Calculations!G78 -> 0 | DY5: =Calculations!H78 -> 26 | DZ5: =Calculations!I78 -> 0 | EA5: =Calculations!J78 -> 0 | EB5: 0 | EC5: 0 | ED5: 0 | EE5: 0 | EF5: 0 | EG5: 0 | EH5: 0 | EI5: 0 | EJ5: 0 | EK5: 0 | EL5: 0 | EM5: 0 | EN5: 0 | EO5: 0 | EP5: 0 | EQ5: 0 | ER5: 0 | ES5: 0 | ET5: 0 | EU5: 0 | EV5: 0 | EW5: 0 | EX5: 0 | EY5: 0 | EZ5: 0 | FA5: 0 | FB5: 0 | FC5: 0 | FD5: 0 | FE5: 0 | FF5: 0 | FG5: 0 | FH5: 0 | FI5: 0 | FJ5: 0 | FK5: 0 | FL5: 0 | FM5: 0 | FN5: 0 | FO5: 0 | FP5: 0 | FQ5: 0 | FR5: 0 | FS5: 0 | FT5: 0 | FU5: 0 | FV5: 0 | FW5: 0 | FX5: 0 | FY5: 0 | FZ5: 0 | GA5: 0 | GB5: 0 | GC5: 0 | GD5: 0 | GE5: 0 | GF5: 0 | GG5: 0 | GH5: 0 | GI5: 0 | GJ5: 0 | GK5: 0 | GL5: 0 | GM5: 0 | GN5: 0 | GO5: 0 | GP5: 0 | GQ5: 0 | GR5: 0 | GS5: 0 | GT5: 0 | GU5: 0 | GV5: 0 | GW5: 0 | GX5: 0 | GY5: 0 | GZ5: 0 | HA5: 0 | HB5: 0 | HC5: 0
A6: hydro | B6: 0 | C6: 0 | D6: 0 | E6: 0 | F6: 0 | G6: 0 | H6: 0 | I6: 0 | J6: 0 | K6: 0 | L6: 0 | M6: 0 | N6: 0 | O6: 0 | P6: 0 | Q6: 0 | R6: 0 | S6: 0 | T6: 0 | U6: 0 | V6: 0 | W6: 0 | X6: 0 | Y6: 0 | Z6: 0 | AA6: 0 | AB6: 0 | AC6: 0 | AD6: 0 | AE6: 0 | AF6: 0 | AG6: 0 | AH6: 0 | AI6: 0 | AJ6: 0 | AK6: 0 | AL6: 0 | AM6: 0 | AN6: 0 | AO6: 0 | AP6: 0 | AQ6: 0 | AR6: 0 | AS6: 0 | AT6: 0 | AU6: 0 | AV6: 0 | AW6: 0 | AX6: 0 | AY6: 0 | AZ6: 0 | BA6: 0 | BB6: 0 | BC6: 0 | BD6: 0 | BE6: 0 | BF6: 0 | BG6: 0 | BH6: 0 | BI6: 0 | BJ6: 0 | BK6: 0 | BL6: 0 | BM6: 0 | BN6: 0 | BO6: 0 | BP6: 0 | BQ6: 0 | BR6: 0 | BS6: 0 | BT6: 0 | BU6: 0 | BV6: 0 | BW6: 0 | BX6: 0 | BY6: 0 | BZ6: 0 | CA6: 0 | CB6: 0 | CC6: 0 | CD6: 0 | CE6: 0 | CF6: 0 | CG6: 0 | CH6: 0 | CI6: 0 | CJ6: 0 | CK6: 0 | CL6: 0 | CM6: 0 | CN6: 0 | CO6: 0 | CP6: 0 | CQ6: 0 | CR6: 0 | CS6: 0 | CT6: 0 | CU6: 0 | CV6: 0 | CW6: 0 | CX6: 0 | CY6: 0 | CZ6: 0 | DA6: 0 | DB6: 0 | DC6: 0 | DD6: 0 | DE6: 0 | DF6: 0 | DG6: 0 | DH6: 0 | DI6: 0 | DJ6: 0 | DK6: 0 | DL6: 0 | DM6: 0 | DN6: 0 | DO6: 0 | DP6: 0 | DQ6: 0 | DR6: 0 | DS6: =Calculations!B79 -> 11497 | DT6: =Calculations!C79 -> 181 | DU6: =Calculations!D79 -> 750 | DV6: =Calculations!E79 -> 60 | DW6: =Calculations!F79 -> 100 | DX6: =Calculations!G79 -> 53 | DY6: =Calculations!H79 -> 0 | DZ6: =Calculations!I79 -> 0 | EA6: =Calculations!J79 -> 0 | EB6: 0 | EC6: 0 | ED6: 0 | EE6: 0 | EF6: 0 | EG6: 0 | EH6: 0 | EI6: 0 | EJ6: 0 | EK6: 0 | EL6: 0 | EM6: 0 | EN6: 0 | EO6: 0 | EP6: 0 | EQ6: 0 | ER6: 0 | ES6: 0 | ET6: 0 | EU6: 0 | EV6: 0 | EW6: 0 | EX6: 0 | EY6: 0 | EZ6: 0 | FA6: 0 | FB6: 0 | FC6: 0 | FD6: 0 | FE6: 0 | FF6: 0 | FG6: 0 | FH6: 0 | FI6: 0 | FJ6: 0 | FK6: 0 | FL6: 0 | FM6: 0 | FN6: 0 | FO6: 0 | FP6: 0 | FQ6: 0 | FR6: 0 | FS6: 0 | FT6: 0 | FU6: 0 | FV6: 0 | FW6: 0 | FX6: 0 | FY6: 0 | FZ6: 0 | GA6: 0 | GB6: 0 | GC6: 0 | GD6: 0 | GE6: 0 | GF6: 0 | GG6: 0 | GH6: 0 | GI6: 0 | GJ6: 0 | GK6: 0 | GL6: 0 | GM6: 0 | GN6: 0 | GO6: 0 | GP6: 0 | GQ6: 0 | GR6: 0 | GS6: 0 | GT6: 0 | GU6: 0 | GV6: 0 | GW6: 0 | GX6: 0 | GY6: 0 | GZ6: 0 | HA6: 0 | HB6: 0 | HC6: 0
A7: onshore wind | B7: 0 | C7: 0 | D7: 0 | E7: 0 | F7: 0 | G7: 0 | H7: 0 | I7: 0 | J7: 0 | K7: 0 | L7: 0 | M7: 0 | N7: 0 | O7: 0 | P7: 0 | Q7: 0 | R7: 0 | S7: 0 | T7: 0 | U7: 0 | V7: 0 | W7: 0 | X7: 0 | Y7: 0 | Z7: 0 | AA7: 0 | AB7: 0 | AC7: 0 | AD7: 0 | AE7: 0 | AF7: 0 | AG7: 0 | AH7: 0 | AI7: 0 | AJ7: 0 | AK7: 0 | AL7: 0 | AM7: 0 | AN7: 0 | AO7: 0 | AP7: 0 | AQ7: 0 | AR7: 0 | AS7: 0 | AT7: 0 | AU7: 0 | AV7: 0 | AW7: 0 | AX7: 0 | AY7: 0 | AZ7: 0 | BA7: 0 | BB7: 0 | BC7: 0 | BD7: 0 | BE7: 0 | BF7: 0 | BG7: 0 | BH7: 0 | BI7: 0 | BJ7: 0 | BK7: 0 | BL7: 0 | BM7: 0 | BN7: 0 | BO7: 0 | BP7: 0 | BQ7: 0 | BR7: 0 | BS7: 0 | BT7: 0 | BU7: 0 | BV7: 0 | BW7: 0 | BX7: 0 | BY7: 0 | BZ7: 0 | CA7: 0 | CB7: 0 | CC7: 0 | CD7: 0 | CE7: 0 | CF7: 0 | CG7: 0 | CH7: 0 | CI7: 0 | CJ7: 0 | CK7: 0 | CL7: 0 | CM7: 0 | CN7: 0 | CO7: 0 | CP7: 0 | CQ7: 0 | CR7: 0 | CS7: 0 | CT7: 0 | CU7: 0 | CV7: 0 | CW7: 0 | CX7: 0 | CY7: 0 | CZ7: 0 | DA7: 0 | DB7: 0 | DC7: 0 | DD7: 0 | DE7: 0 | DF7: 0 | DG7: 0 | DH7: 0 | DI7: 0 | DJ7: 0 | DK7: 0 | DL7: 0 | DM7: 0 | DN7: 0 | DO7: 0 | DP7: 0 | DQ7: 0 | DR7: 0 | DS7: =Calculations!B80 -> 1158 | DT7: =Calculations!C80 -> 453 | DU7: =Calculations!D80 -> 425 | DV7: =Calculations!E80 -> 769 | DW7: =Calculations!F80 -> 930 | DX7: =Calculations!G80 -> 464 | DY7: =Calculations!H80 -> 656 | DZ7: =Calculations!I80 -> 1185 | EA7: =Calculations!J80 -> 414 | EB7: 0 | EC7: 0 | ED7: 0 | EE7: 0 | EF7: 0 | EG7: 0 | EH7: 0 | EI7: 0 | EJ7: 0 | EK7: 0 | EL7: 0 | EM7: 0 | EN7: 0 | EO7: 0 | EP7: 0 | EQ7: 0 | ER7: 0 | ES7: 0 | ET7: 0 | EU7: 0 | EV7: 0 | EW7: 0 | EX7: 0 | EY7: 0 | EZ7: 0 | FA7: 0 | FB7: 0 | FC7: 0 | FD7: 0 | FE7: 0 | FF7: 0 | FG7: 0 | FH7: 0 | FI7: 0 | FJ7: 0 | FK7: 0 | FL7: 0 | FM7: 0 | FN7: 0 | FO7: 0 | FP7: 0 | FQ7: 0 | FR7: 0 | FS7: 0 | FT7: 0 | FU7: 0 | FV7: 0 | FW7: 0 | FX7: 0 | FY7: 0 | FZ7: 0 | GA7: 0 | GB7: 0 | GC7: 0 | GD7: 0 | GE7: 0 | GF7: 0 | GG7: 0 | GH7: 0 | GI7: 0 | GJ7: 0 | GK7: 0 | GL7: 0 | GM7: 0 | GN7: 0 | GO7: 0 | GP7: 0 | GQ7: 0 | GR7: 0 | GS7: 0 | GT7: 0 | GU7: 0 | GV7: 0 | GW7: 0 | GX7: 0 | GY7: 0 | GZ7: 0 | HA7: 0 | HB7: 0 | HC7: 0
A8: solar PV | B8: 0 | C8: 0 | D8: 0 | E8: 0 | F8: 0 | G8: 0 | H8: 0 | I8: 0 | J8: 0 | K8: 0 | L8: 0 | M8: 0 | N8: 0 | O8: 0 | P8: 0 | Q8: 0 | R8: 0 | S8: 0 | T8: 0 | U8: 0 | V8: 0 | W8: 0 | X8: 0 | Y8: 0 | Z8: 0 | AA8: 0 | AB8: 0 | AC8: 0 | AD8: 0 | AE8: 0 | AF8: 0 | AG8: 0 | AH8: 0 | AI8: 0 | AJ8: 0 | AK8: 0 | AL8: 0 | AM8: 0 | AN8: 0 | AO8: 0 | AP8: 0 | AQ8: 0 | AR8: 0 | AS8: 0 | AT8: 0 | AU8: 0 | AV8: 0 | AW8: 0 | AX8: 0 | AY8: 0 | AZ8: 0 | BA8: 0 | BB8: 0 | BC8: 0 | BD8: 0 | BE8: 0 | BF8: 0 | BG8: 0 | BH8: 0 | BI8: 0 | BJ8: 0 | BK8: 0 | BL8: 0 | BM8: 0 | BN8: 0 | BO8: 0 | BP8: 0 | BQ8: 0 | BR8: 0 | BS8: 0 | BT8: 0 | BU8: 0 | BV8: 0 | BW8: 0 | BX8: 0 | BY8: 0 | BZ8: 0 | CA8: 0 | CB8: 0 | CC8: 0 | CD8: 0 | CE8: 0 | CF8: 0 | CG8: 0 | CH8: 0 | CI8: 0 | CJ8: 0 | CK8: 0 | CL8: 0 | CM8: 0 | CN8: 0 | CO8: 0 | CP8: 0 | CQ8: 0 | CR8: 0 | CS8: 0 | CT8: 0 | CU8: 0 | CV8: 0 | CW8: 0 | CX8: 0 | CY8: 0 | CZ8: 0 | DA8: 0 | DB8: 0 | DC8: 0 | DD8: 0 | DE8: 0 | DF8: 0 | DG8: 0 | DH8: 0 | DI8: 0 | DJ8: 0 | DK8: 0 | DL8: 0 | DM8: 0 | DN8: 0 | DO8: 0 | DP8: 0 | DQ8: 0 | DR8: 0 | DS8: =Calculations!B81 -> 6 | DT8: =Calculations!C81 -> 40 | DU8: =Calculations!D81 -> 10 | DV8: =Calculations!E81 -> 0 | DW8: =Calculations!F81 -> 89 | DX8: =Calculations!G81 -> 69 | DY8: =Calculations!H81 -> 1732 | DZ8: =Calculations!I81 -> 2652 | EA8: =Calculations!J81 -> 1032 | EB8: 0 | EC8: 0 | ED8: 0 | EE8: 0 | EF8: 0 | EG8: 0 | EH8: 0 | EI8: 0 | EJ8: 0 | EK8: 0 | EL8: 0 | EM8: 0 | EN8: 0 | EO8: 0 | EP8: 0 | EQ8: 0 | ER8: 0 | ES8: 0 | ET8: 0 | EU8: 0 | EV8: 0 | EW8: 0 | EX8: 0 | EY8: 0 | EZ8: 0 | FA8: 0 | FB8: 0 | FC8: 0 | FD8: 0 | FE8: 0 | FF8: 0 | FG8: 0 | FH8: 0 | FI8: 0 | FJ8: 0 | FK8: 0 | FL8: 0 | FM8: 0 | FN8: 0 | FO8: 0 | FP8: 0 | FQ8: 0 | FR8: 0 | FS8: 0 | FT8: 0 | FU8: 0 | FV8: 0 | FW8: 0 | FX8: 0 | FY8: 0 | FZ8: 0 | GA8: 0 | GB8: 0 | GC8: 0 | GD8: 0 | GE8: 0 | GF8: 0 | GG8: 0 | GH8: 0 | GI8: 0 | GJ8: 0 | GK8: 0 | GL8: 0 | GM8: 0 | GN8: 0 | GO8: 0 | GP8: 0 | GQ8: 0 | GR8: 0 | GS8: 0 | GT8: 0 | GU8: 0 | GV8: 0 | GW8: 0 | GX8: 0 | GY8: 0 | GZ8: 0 | HA8: 0 | HB8: 0 | HC8: 0
A9: solar thermal | B9: 0 | C9: 0 | D9: 0 | E9: 0 | F9: 0 | G9: 0 | H9: 0 | I9: 0 | J9: 0 | K9: 0 | L9: 0 | M9: 0 | N9: 0 | O9: 0 | P9: 0 | Q9: 0 | R9: 0 | S9: 0 | T9: 0 | U9: 0 | V9: 0 | W9: 0 | X9: 0 | Y9: 0 | Z9: 0 | AA9: 0 | AB9: 0 | AC9: 0 | AD9: 0 | AE9: 0 | AF9: 0 | AG9: 0 | AH9: 0 | AI9: 0 | AJ9: 0 | AK9: 0 | AL9: 0 | AM9: 0 | AN9: 0 | AO9: 0 | AP9: 0 | AQ9: 0 | AR9: 0 | AS9: 0 | AT9: 0 | AU9: 0 | AV9: 0 | AW9: 0 | AX9: 0 | AY9: 0 | AZ9: 0 | BA9: 0 | BB9: 0 | BC9: 0 | BD9: 0 | BE9: 0 | BF9: 0 | BG9: 0 | BH9: 0 | BI9: 0 | BJ9: 0 | BK9: 0 | BL9: 0 | BM9: 0 | BN9: 0 | BO9: 0 | BP9: 0 | BQ9: 0 | BR9: 0 | BS9: 0 | BT9: 0 | BU9: 0 | BV9: 0 | BW9: 0 | BX9: 0 | BY9: 0 | BZ9: 0 | CA9: 0 | CB9: 0 | CC9: 0 | CD9: 0 | CE9: 0 | CF9: 0 | CG9: 0 | CH9: 0 | CI9: 0 | CJ9: 0 | CK9: 0 | CL9: 0 | CM9: 0 | CN9: 0 | CO9: 0 | CP9: 0 | CQ9: 0 | CR9: 0 | CS9: 0 | CT9: 0 | CU9: 0 | CV9: 0 | CW9: 0 | CX9: 0 | CY9: 0 | CZ9: 0 | DA9: 0 | DB9: 0 | DC9: 0 | DD9: 0 | DE9: 0 | DF9: 0 | DG9: 0 | DH9: 0 | DI9: 0 | DJ9: 0 | DK9: 0 | DL9: 0 | DM9: 0 | DN9: 0 | DO9: 0 | DP9: 0 | DQ9: 0 | DR9: 0 | DS9: =Calculations!B82 -> 0 | DT9: =Calculations!C82 -> 0 | DU9: =Calculations!D82 -> 0 | DV9: =Calculations!E82 -> 0 | DW9: =Calculations!F82 -> 0 | DX9: =Calculations!G82 -> 0 | DY9: =Calculations!H82 -> 0 | DZ9: =Calculations!I82 -> 0 | EA9: =Calculations!J82 -> 0 | EB9: 0 | EC9: 0 | ED9: 0 | EE9: 0 | EF9: 0 | EG9: 0 | EH9: 0 | EI9: 0 | EJ9: 0 | EK9: 0 | EL9: 0 | EM9: 0 | EN9: 0 | EO9: 0 | EP9: 0 | EQ9: 0 | ER9: 0 | ES9: 0 | ET9: 0 | EU9: 0 | EV9: 0 | EW9: 0 | EX9: 0 | EY9: 0 | EZ9: 0 | FA9: 0 | FB9: 0 | FC9: 0 | FD9: 0 | FE9: 0 | FF9: 0 | FG9: 0 | FH9: 0 | FI9: 0 | FJ9: 0 | FK9: 0 | FL9: 0 | FM9: 0 | FN9: 0 | FO9: 0 | FP9: 0 | FQ9: 0 | FR9: 0 | FS9: 0 | FT9: 0 | FU9: 0 | FV9: 0 | FW9: 0 | FX9: 0 | FY9: 0 | FZ9: 0 | GA9: 0 | GB9: 0 | GC9: 0 | GD9: 0 | GE9: 0 | GF9: 0 | GG9: 0 | GH9: 0 | GI9: 0 | GJ9: 0 | GK9: 0 | GL9: 0 | GM9: 0 | GN9: 0 | GO9: 0 | GP9: 0 | GQ9: 0 | GR9: 0 | GS9: 0 | GT9: 0 | GU9: 0 | GV9: 0 | GW9: 0 | GX9: 0 | GY9: 0 | GZ9: 0 | HA9: 0 | HB9: 0 | HC9: 0
A10: biomass | B10: 0 | C10: 0 | D10: 0 | E10: 0 | F10: 0 | G10: 0 | H10: 0 | I10: 0 | J10: 0 | K10: 0 | L10: 0 | M10: 0 | N10: 0 | O10: 0 | P10: 0 | Q10: 0 | R10: 0 | S10: 0 | T10: 0 | U10: 0 | V10: 0 | W10: 0 | X10: 0 | Y10: 0 | Z10: 0 | AA10: 0 | AB10: 0 | AC10: 0 | AD10: 0 | AE10: 0 | AF10: 0 | AG10: 0 | AH10: 0 | AI10: 0 | AJ10: 0 | AK10: 0 | AL10: 0 | AM10: 0 | AN10: 0 | AO10: 0 | AP10: 0 | AQ10: 0 | AR10: 0 | AS10: 0 | AT10: 0 | AU10: 0 | AV10: 0 | AW10: 0 | AX10: 0 | AY10: 0 | AZ10: 0 | BA10: 0 | BB10: 0 | BC10: 0 | BD10: 0 | BE10: 0 | BF10: 0 | BG10: 0 | BH10: 0 | BI10: 0 | BJ10: 0 | BK10: 0 | BL10: 0 | BM10: 0 | BN10: 0 | BO10: 0 | BP10: 0 | BQ10: 0 | BR10: 0 | BS10: 0 | BT10: 0 | BU10: 0 | BV10: 0 | BW10: 0 | BX10: 0 | BY10: 0 | BZ10: 0 | CA10: 0 | CB10: 0 | CC10: 0 | CD10: 0 | CE10: 0 | CF10: 0 | CG10: 0 | CH10: 0 | CI10: 0 | CJ10: 0 | CK10: 0 | CL10: 0 | CM10: 0 | CN10: 0 | CO10: 0 | CP10: 0 | CQ10: 0 | CR10: 0 | CS10: 0 | CT10: 0 | CU10: 0 | CV10: 0 | CW10: 0 | CX10: 0 | CY10: 0 | CZ10: 0 | DA10: 0 | DB10: 0 | DC10: 0 | DD10: 0 | DE10: 0 | DF10: 0 | DG10: 0 | DH10: 0 | DI10: 0 | DJ10: 0 | DK10: 0 | DL10: 0 | DM10: 0 | DN10: 0 | DO10: 0 | DP10: 0 | DQ10: 0 | DR10: 0 | DS10: =Calculations!B83 -> 364.25 | DT10: =Calculations!C83 -> 62 | DU10: =Calculations!D83 -> 131 | DV10: =Calculations!E83 -> 75 | DW10: =Calculations!F83 -> 129 | DX10: =Calculations!G83 -> 118 | DY10: =Calculations!H83 -> 75 | DZ10: =Calculations!I83 -> 0 | EA10: =Calculations!J83 -> 0 | EB10: 0 | EC10: 0 | ED10: 0 | EE10: 0 | EF10: 0 | EG10: 0 | EH10: 0 | EI10: 0 | EJ10: 0 | EK10: 0 | EL10: 0 | EM10: 0 | EN10: 0 | EO10: 0 | EP10: 0 | EQ10: 0 | ER10: 0 | ES10: 0 | ET10: 0 | EU10: 0 | EV10: 0 | EW10: 0 | EX10: 0 | EY10: 0 | EZ10: 0 | FA10: 0 | FB10: 0 | FC10: 0 | FD10: 0 | FE10: 0 | FF10: 0 | FG10: 0 | FH10: 0 | FI10: 0 | FJ10: 0 | FK10: 0 | FL10: 0 | FM10: 0 | FN10: 0 | FO10: 0 | FP10: 0 | FQ10: 0 | FR10: 0 | FS10: 0 | FT10: 0 | FU10: 0 | FV10: 0 | FW10: 0 | FX10: 0 | FY10: 0 | FZ10: 0 | GA10: 0 | GB10: 0 | GC10: 0 | GD10: 0 | GE10: 0 | GF10: 0 | GG10: 0 | GH10: 0 | GI10: 0 | GJ10: 0 | GK10: 0 | GL10: 0 | GM10: 0 | GN10: 0 | GO10: 0 | GP10: 0 | GQ10: 0 | GR10: 0 | GS10: 0 | GT10: 0 | GU10: 0 | GV10: 0 | GW10: 0 | GX10: 0 | GY10: 0 | GZ10: 0 | HA10: 0 | HB10: 0 | HC10: 0
A11: geothermal | B11: 0 | C11: 0 | D11: 0 | E11: 0 | F11: 0 | G11: 0 | H11: 0 | I11: 0 | J11: 0 | K11: 0 | L11: 0 | M11: 0 | N11: 0 | O11: 0 | P11: 0 | Q11: 0 | R11: 0 | S11: 0 | T11: 0 | U11: 0 | V11: 0 | W11: 0 | X11: 0 | Y11: 0 | Z11: 0 | AA11: 0 | AB11: 0 | AC11: 0 | AD11: 0 | AE11: 0 | AF11: 0 | AG11: 0 | AH11: 0 | AI11: 0 | AJ11: 0 | AK11: 0 | AL11: 0 | AM11: 0 | AN11: 0 | AO11: 0 | AP11: 0 | AQ11: 0 | AR11: 0 | AS11: 0 | AT11: 0 | AU11: 0 | AV11: 0 | AW11: 0 | AX11: 0 | AY11: 0 | AZ11: 0 | BA11: 0 | BB11: 0 | BC11: 0 | BD11: 0 | BE11: 0 | BF11: 0 | BG11: 0 | BH11: 0 | BI11: 0 | BJ11: 0 | BK11: 0 | BL11: 0 | BM11: 0 | BN11: 0 | BO11: 0 | BP11: 0 | BQ11: 0 | BR11: 0 | BS11: 0 | BT11: 0 | BU11: 0 | BV11: 0 | BW11: 0 | BX11: 0 | BY11: 0 | BZ11: 0 | CA11: 0 | CB11: 0 | CC11: 0 | CD11: 0 | CE11: 0 | CF11: 0 | CG11: 0 | CH11: 0 | CI11: 0 | CJ11: 0 | CK11: 0 | CL11: 0 | CM11: 0 | CN11: 0 | CO11: 0 | CP11: 0 | CQ11: 0 | CR11: 0 | CS11: 0 | CT11: 0 | CU11: 0 | CV11: 0 | CW11: 0 | CX11: 0 | CY11: 0 | CZ11: 0 | DA11: 0 | DB11: 0 | DC11: 0 | DD11: 0 | DE11: 0 | DF11: 0 | DG11: 0 | DH11: 0 | DI11: 0 | DJ11: 0 | DK11: 0 | DL11: 0 | DM11: 0 | DN11: 0 | DO11: 0 | DP11: 0 | DQ11: 0 | DR11: 0 | DS11: =Calculations!B84 -> 785 | DT11: =Calculations!C84 -> 11 | DU11: =Calculations!D84 -> 0 | DV11: =Calculations!E84 -> 113 | DW11: =Calculations!F84 -> 0 | DX11: =Calculations!G84 -> 17 | DY11: =Calculations!H84 -> 0 | DZ11: =Calculations!I84 -> 25 | EA11: =Calculations!J84 -> 0 | EB11: 0 | EC11: 0 | ED11: 0 | EE11: 0 | EF11: 0 | EG11: 0 | EH11: 0 | EI11: 0 | EJ11: 0 | EK11: 0 | EL11: 0 | EM11: 0 | EN11: 0 | EO11: 0 | EP11: 0 | EQ11: 0 | ER11: 0 | ES11: 0 | ET11: 0 | EU11: 0 | EV11: 0 | EW11: 0 | EX11: 0 | EY11: 0 | EZ11: 0 | FA11: 0 | FB11: 0 | FC11: 0 | FD11: 0 | FE11: 0 | FF11: 0 | FG11: 0 | FH11: 0 | FI11: 0 | FJ11: 0 | FK11: 0 | FL11: 0 | FM11: 0 | FN11: 0 | FO11: 0 | FP11: 0 | FQ11: 0 | FR11: 0 | FS11: 0 | FT11: 0 | FU11: 0 | FV11: 0 | FW11: 0 | FX11: 0 | FY11: 0 | FZ11: 0 | GA11: 0 | GB11: 0 | GC11: 0 | GD11: 0 | GE11: 0 | GF11: 0 | GG11: 0 | GH11: 0 | GI11: 0 | GJ11: 0 | GK11: 0 | GL11: 0 | GM11: 0 | GN11: 0 | GO11: 0 | GP11: 0 | GQ11: 0 | GR11: 0 | GS11: 0 | GT11: 0 | GU11: 0 | GV11: 0 | GW11: 0 | GX11: 0 | GY11: 0 | GZ11: 0 | HA11: 0 | HB11: 0 | HC11: 0
A12: petroleum | B12: 0 | C12: 0 | D12: 0 | E12: 0 | F12: 0 | G12: 0 | H12: 0 | I12: 0 | J12: 0 | K12: 0 | L12: 0 | M12: 0 | N12: 0 | O12: 0 | P12: 0 | Q12: 0 | R12: 0 | S12: 0 | T12: 0 | U12: 0 | V12: 0 | W12: 0 | X12: 0 | Y12: 0 | Z12: 0 | AA12: 0 | AB12: 0 | AC12: 0 | AD12: 0 | AE12: 0 | AF12: 0 | AG12: 0 | AH12: 0 | AI12: 0 | AJ12: 0 | AK12: 0 | AL12: 0 | AM12: 0 | AN12: 0 | AO12: 0 | AP12: 0 | AQ12: 0 | AR12: 0 | AS12: 0 | AT12: 0 | AU12: 0 | AV12: 0 | AW12: 0 | AX12: 0 | AY12: 0 | AZ12: 0 | BA12: 0 | BB12: 0 | BC12: 0 | BD12: 0 | BE12: 0 | BF12: 0 | BG12: 0 | BH12: 0 | BI12: 0 | BJ12: 0 | BK12: 0 | BL12: 0 | BM12: 0 | BN12: 0 | BO12: 0 | BP12: 0 | BQ12: 0 | BR12: 0 | BS12: 0 | BT12: 0 | BU12: 0 | BV12: 0 | BW12: 0 | BX12: 0 | BY12: 0 | BZ12: 0 | CA12: 0 | CB12: 0 | CC12: 0 | CD12: 0 | CE12: 0 | CF12: 0 | CG12: 0 | CH12: 0 | CI12: 0 | CJ12: 0 | CK12: 0 | CL12: 0 | CM12: 0 | CN12: 0 | CO12: 0 | CP12: 0 | CQ12: 0 | CR12: 0 | CS12: 0 | CT12: 0 | CU12: 0 | CV12: 0 | CW12: 0 | CX12: 0 | CY12: 0 | CZ12: 0 | DA12: 0 | DB12: 0 | DC12: 0 | DD12: 0 | DE12: 0 | DF12: 0 | DG12: 0 | DH12: 0 | DI12: 0 | DJ12: 0 | DK12: 0 | DL12: 0 | DM12: 0 | DN12: 0 | DO12: 0 | DP12: 0 | DQ12: 0 | DR12: 0 | DS12: =Calculations!B85 -> 0 | DT12: =Calculations!C85 -> 0 | DU12: =Calculations!D85 -> 0 | DV12: =Calculations!E85 -> 0 | DW12: =Calculations!F85 -> 0 | DX12: =Calculations!G85 -> 0 | DY12: =Calculations!H85 -> 0 | DZ12: =Calculations!I85 -> 0 | EA12: =Calculations!J85 -> 0 | EB12: 0 | EC12: 0 | ED12: 0 | EE12: 0 | EF12: 0 | EG12: 0 | EH12: 0 | EI12: 0 | EJ12: 0 | EK12: 0 | EL12: 0 | EM12: 0 | EN12: 0 | EO12: 0 | EP12: 0 | EQ12: 0 | ER12: 0 | ES12: 0 | ET12: 0 | EU12: 0 | EV12: 0 | EW12: 0 | EX12: 0 | EY12: 0 | EZ12: 0 | FA12: 0 | FB12: 0 | FC12: 0 | FD12: 0 | FE12: 0 | FF12: 0 | FG12: 0 | FH12: 0 | FI12: 0 | FJ12: 0 | FK12: 0 | FL12: 0 | FM12: 0 | FN12: 0 | FO12: 0 | FP12: 0 | FQ12: 0 | FR12: 0 | FS12: 0 | FT12: 0 | FU12: 0 | FV12: 0 | FW12: 0 | FX12: 0 | FY12: 0 | FZ12: 0 | GA12: 0 | GB12: 0 | GC12: 0 | GD12: 0 | GE12: 0 | GF12: 0 | GG12: 0 | GH12: 0 | GI12: 0 | GJ12: 0 | GK12: 0 | GL12: 0 | GM12: 0 | GN12: 0 | GO12: 0 | GP12: 0 | GQ12: 0 | GR12: 0 | GS12: 0 | GT12: 0 | GU12: 0 | GV12: 0 | GW12: 0 | GX12: 0 | GY12: 0 | GZ12: 0 | HA12: 0 | HB12: 0 | HC12: 0
A13: natural gas peaker | B13: 0 | C13: 0 | D13: 0 | E13: 0 | F13: 0 | G13: 0 | H13: 0 | I13: 0 | J13: 0 | K13: 0 | L13: 0 | M13: 0 | N13: 0 | O13: 0 | P13: 0 | Q13: 0 | R13: 0 | S13: 0 | T13: 0 | U13: 0 | V13: 0 | W13: 0 | X13: 0 | Y13: 0 | Z13: 0 | AA13: 0 | AB13: 0 | AC13: 0 | AD13: 0 | AE13: 0 | AF13: 0 | AG13: 0 | AH13: 0 | AI13: 0 | AJ13: 0 | AK13: 0 | AL13: 0 | AM13: 0 | AN13: 0 | AO13: 0 | AP13: 0 | AQ13: 0 | AR13: 0 | AS13: 0 | AT13: 0 | AU13: 0 | AV13: 0 | AW13: 0 | AX13: 0 | AY13: 0 | AZ13: 0 | BA13: 0 | BB13: 0 | BC13: 0 | BD13: 0 | BE13: 0 | BF13: 0 | BG13: 0 | BH13: 0 | BI13: 0 | BJ13: 0 | BK13: 0 | BL13: 0 | BM13: 0 | BN13: 0 | BO13: 0 | BP13: 0 | BQ13: 0 | BR13: 0 | BS13: 0 | BT13: 0 | BU13: 0 | BV13: 0 | BW13: 0 | BX13: 0 | BY13: 0 | BZ13: 0 | CA13: 0 | CB13: 0 | CC13: 0 | CD13: 0 | CE13: 0 | CF13: 0 | CG13: 0 | CH13: 0 | CI13: 0 | CJ13: 0 | CK13: 0 | CL13: 0 | CM13: 0 | CN13: 0 | CO13: 0 | CP13: 0 | CQ13: 0 | CR13: 0 | CS13: 0 | CT13: 0 | CU13: 0 | CV13: 0 | CW13: 0 | CX13: 0 | CY13: 0 | CZ13: 0 | DA13: 0 | DB13: 0 | DC13: 0 | DD13: 0 | DE13: 0 | DF13: 0 | DG13: 0 | DH13: 0 | DI13: 0 | DJ13: 0 | DK13: 0 | DL13: 0 | DM13: 0 | DN13: 0 | DO13: 0 | DP13: 0 | DQ13: 0 | DR13: 0 | DS13: =Calculations!B86 -> 1998.5 | DT13: =Calculations!C86 -> 760 | DU13: =Calculations!D86 -> 1 | DV13: =Calculations!E86 -> 1485 | DW13: =Calculations!F86 -> 148 | DX13: =Calculations!G86 -> 84 | DY13: =Calculations!H86 -> 0 | DZ13: =Calculations!I86 -> 221 | EA13: =Calculations!J86 -> 0 | EB13: 0 | EC13: 0 | ED13: 0 | EE13: 0 | EF13: 0 | EG13: 0 | EH13: 0 | EI13: 0 | EJ13: 0 | EK13: 0 | EL13: 0 | EM13: 0 | EN13: 0 | EO13: 0 | EP13: 0 | EQ13: 0 | ER13: 0 | ES13: 0 | ET13: 0 | EU13: 0 | EV13: 0 | EW13: 0 | EX13: 0 | EY13: 0 | EZ13: 0 | FA13: 0 | FB13: 0 | FC13: 0 | FD13: 0 | FE13: 0 | FF13: 0 | FG13: 0 | FH13: 0 | FI13: 0 | FJ13: 0 | FK13: 0 | FL13: 0 | FM13: 0 | FN13: 0 | FO13: 0 | FP13: 0 | FQ13: 0 | FR13: 0 | FS13: 0 | FT13: 0 | FU13: 0 | FV13: 0 | FW13: 0 | FX13: 0 | FY13: 0 | FZ13: 0 | GA13: 0 | GB13: 0 | GC13: 0 | GD13: 0 | GE13: 0 | GF13: 0 | GG13: 0 | GH13: 0 | GI13: 0 | GJ13: 0 | GK13: 0 | GL13: 0 | GM13: 0 | GN13: 0 | GO13: 0 | GP13: 0 | GQ13: 0 | GR13: 0 | GS13: 0 | GT13: 0 | GU13: 0 | GV13: 0 | GW13: 0 | GX13: 0 | GY13: 0 | GZ13: 0 | HA13: 0 | HB13: 0 | HC13: 0
... A17: heavy or residual fuel oil | B17: 0 | C17: 0 | D17: 0 | E17: 0 | F17: 0 | G17: 0 | H17: 0 | I17: 0 | J17: 0 | K17: 0 | L17: 0 | M17: 0 | N17: 0 | O17: 0 | P17: 0 | Q17: 0 | R17: 0 | S17: 0 | T17: 0 | U17: 0 | V17: 0 | W17: 0 | X17: 0 | Y17: 0 | Z17: 0 | AA17: 0 | AB17: 0 | AC17: 0 | AD17: 0 | AE17: 0 | AF17: 0 | AG17: 0 | AH17: 0 | AI17: 0 | AJ17: 0 | AK17: 0 | AL17: 0 | AM17: 0 | AN17: 0 | AO17: 0 | AP17: 0 | AQ17: 0 | AR17: 0 | AS17: 0 | AT17: 0 | AU17: 0 | AV17: 0 | AW17: 0 | AX17: 0 | AY17: 0 | AZ17: 0 | BA17: 0 | BB17: 0 | BC17: 0 | BD17: 0 | BE17: 0 | BF17: 0 | BG17: 0 | BH17: 0 | BI17: 0 | BJ17: 0 | BK17: 0 | BL17: 0 | BM17: 0 | BN17: 0 | BO17: 0 | BP17: 0 | BQ17: 0 | BR17: 0 | BS17: 0 | BT17: 0 | BU17: 0 | BV17: 0 | BW17: 0 | BX17: 0 | BY17: 0 | BZ17: 0 | CA17: 0 | CB17: 0 | CC17: 0 | CD17: 0 | CE17: 0 | CF17: 0 | CG17: 0 | CH17: 0 | CI17: 0 | CJ17: 0 | CK17: 0 | CL17: 0 | CM17: 0 | CN17: 0 | CO17: 0 | CP17: 0 | CQ17: 0 | CR17: 0 | CS17: 0 | CT17: 0 | CU17: 0 | CV17: 0 | CW17: 0 | CX17: 0 | CY17: 0 | CZ17: 0 | DA17: 0 | DB17: 0 | DC17: 0 | DD17: 0 | DE17: 0 | DF17: 0 | DG17: 0 | DH17: 0 | DI17: 0 | DJ17: 0 | DK17: 0 | DL17: 0 | DM17: 0 | DN17: 0 | DO17: 0 | DP17: 0 | DQ17: 0 | DR17: 0 | DS17: =Calculations!B90 -> 10335 | DT17: =Calculations!C90 -> 1481 | DU17: =Calculations!D90 -> 0 | DV17: =Calculations!E90 -> 0 | DW17: =Calculations!F90 -> 336 | DX17: =Calculations!G90 -> 166 | DY17: =Calculations!H90 -> 0 | DZ17: =Calculations!I90 -> 81 | EA17: =Calculations!J90 -> 0 | EB17: 0 | EC17: 0 | ED17: 0 | EE17: 0 | EF17: 0 | EG17: 0 | EH17: 0 | EI17: 0 | EJ17: 0 | EK17: 0 | EL17: 0 | EM17: 0 | EN17: 0 | EO17: 0 | EP17: 0 | EQ17: 0 | ER17: 0 | ES17: 0 | ET17: 0 | EU17: 0 | EV17: 0 | EW17: 0 | EX17: 0 | EY17: 0 | EZ17: 0 | FA17: 0 | FB17: 0 | FC17: 0 | FD17: 0 | FE17: 0 | FF17: 0 | FG17: 0 | FH17: 0 | FI17: 0 | FJ17: 0 | FK17: 0 | FL17: 0 | FM17: 0 | FN17: 0 | FO17: 0 | FP17: 0 | FQ17: 0 | FR17: 0 | FS17: 0 | FT17: 0 | FU17: 0 | FV17: 0 | FW17: 0 | FX17: 0 | FY17: 0 | FZ17: 0 | GA17: 0 | GB17: 0 | GC17: 0 | GD17: 0 | GE17: 0 | GF17: 0 | GG17: 0 | GH17: 0 | GI17: 0 | GJ17: 0 | GK17: 0 | GL17: 0 | GM17: 0 | GN17: 0 | GO17: 0 | GP17: 0 | GQ17: 0 | GR17: 0 | GS17: 0 | GT17: 0 | GU17: 0 | GV17: 0 | GW17: 0 | GX17: 0 | GY17: 0 | GZ17: 0 | HA17: 0 | HB17: 0 | HC17: 0
A18: municipal solid waste | B18: 0 | C18: 0 | D18: 0 | E18: 0 | F18: 0 | G18: 0 | H18: 0 | I18: 0 | J18: 0 | K18: 0 | L18: 0 | M18: 0 | N18: 0 | O18: 0 | P18: 0 | Q18: 0 | R18: 0 | S18: 0 | T18: 0 | U18: 0 | V18: 0 | W18: 0 | X18: 0 | Y18: 0 | Z18: 0 | AA18: 0 | AB18: 0 | AC18: 0 | AD18: 0 | AE18: 0 | AF18: 0 | AG18: 0 | AH18: 0 | AI18: 0 | AJ18: 0 | AK18: 0 | AL18: 0 | AM18: 0 | AN18: 0 | AO18: 0 | AP18: 0 | AQ18: 0 | AR18: 0 | AS18: 0 | AT18: 0 | AU18: 0 | AV18: 0 | AW18: 0 | AX18: 0 | AY18: 0 | AZ18: 0 | BA18: 0 | BB18: 0 | BC18: 0 | BD18: 0 | BE18: 0 | BF18: 0 | BG18: 0 | BH18: 0 | BI18: 0 | BJ18: 0 | BK18: 0 | BL18: 0 | BM18: 0 | BN18: 0 | BO18: 0 | BP18: 0 | BQ18: 0 | BR18: 0 | BS18: 0 | BT18: 0 | BU18: 0 | BV18: 0 | BW18: 0 | BX18: 0 | BY18: 0 | BZ18: 0 | CA18: 0 | CB18: 0 | CC18: 0 | CD18: 0 | CE18: 0 | CF18: 0 | CG18: 0 | CH18: 0 | CI18: 0 | CJ18: 0 | CK18: 0 | CL18: 0 | CM18: 0 | CN18: 0 | CO18: 0 | CP18: 0 | CQ18: 0 | CR18: 0 | CS18: 0 | CT18: 0 | CU18: 0 | CV18: 0 | CW18: 0 | CX18: 0 | CY18: 0 | CZ18: 0 | DA18: 0 | DB18: 0 | DC18: 0 | DD18: 0 | DE18: 0 | DF18: 0 | DG18: 0 | DH18: 0 | DI18: 0 | DJ18: 0 | DK18: 0 | DL18: 0 | DM18: 0 | DN18: 0 | DO18: 0 | DP18: 0 | DQ18: 0 | DR18: 0 | DS18: =Calculations!B91 -> 0 | DT18: =Calculations!C91 -> 0 | DU18: =Calculations!D91 -> 0 | DV18: =Calculations!E91 -> 0 | DW18: =Calculations!F91 -> 0 | DX18: =Calculations!G91 -> 0 | DY18: =Calculations!H91 -> 0 | DZ18: =Calculations!I91 -> 0 | EA18: =Calculations!J91 -> 0 | EB18: =IF(Calculations!K64="",0,Calculations!K64) -> 0 | EC18: =IF(Calculations!L64="",0,Calculations!L64) -> 0 | ED18: 0 | EE18: 0 | EF18: 0 | EG18: 0 | EH18: 0 | EI18: 0 | EJ18: 0 | EK18: 0 | EL18: 0 | EM18: 0 | EN18: 0 | EO18: 0 | EP18: 0 | EQ18: 0 | ER18: 0 | ES18: 0 | ET18: 0 | EU18: 0 | EV18: 0 | EW18: 0 | EX18: 0 | EY18: 0 | EZ18: 0 | FA18: 0 | FB18: 0 | FC18: 0 | FD18: 0 | FE18: 0 | FF18: 0 | FG18: 0 | FH18: 0 | FI18: 0 | FJ18: 0 | FK18: 0 | FL18: 0 | FM18: 0 | FN18: 0 | FO18: 0 | FP18: 0 | FQ18: 0 | FR18: 0 | FS18: 0 | FT18: 0 | FU18: 0 | FV18: 0 | FW18: 0 | FX18: 0 | FY18: 0 | FZ18: 0 | GA18: 0 | GB18: 0 | GC18: 0 | GD18: 0 | GE18: 0 | GF18: 0 | GG18: 0 | GH18: 0 | GI18: 0 | GJ18: 0 | GK18: 0 | GL18: 0 | GM18: 0 | GN18: 0 | GO18: 0 | GP18: 0 | GQ18: 0 | GR18: 0 | GS18: 0 | GT18: 0 | GU18: 0 | GV18: 0 | GW18: 0 | GX18: 0 | GY18: 0 | GZ18: 0 | HA18: 0 | HB18: 0 | HC18: 0
A19: hard coal w CCS | B19: 0 | C19: 0 | D19: 0 | E19: 0 | F19: 0 | G19: 0 | H19: 0 | I19: 0 | J19: 0 | K19: 0 | L19: 0 | M19: 0 | N19: 0 | O19: 0 | P19: 0 | Q19: 0 | R19: 0 | S19: 0 | T19: 0 | U19: 0 | V19: 0 | W19: 0 | X19: 0 | Y19: 0 | Z19: 0 | AA19: 0 | AB19: 0 | AC19: 0 | AD19: 0 | AE19: 0 | AF19: 0 | AG19: 0 | AH19: 0 | AI19: 0 | AJ19: 0 | AK19: 0 | AL19: 0 | AM19: 0 | AN19: 0 | AO19: 0 | AP19: 0 | AQ19: 0 | AR19: 0 | AS19: 0 | AT19: 0 | AU19: 0 | AV19: 0 | AW19: 0 | AX19: 0 | AY19: 0 | AZ19: 0 | BA19: 0 | BB19: 0 | BC19: 0 | BD19: 0 | BE19: 0 | BF19: 0 | BG19: 0 | BH19: 0 | BI19: 0 | BJ19: 0 | BK19: 0 | BL19: 0 | BM19: 0 | BN19: 0 | BO19: 0 | BP19: 0 | BQ19: 0 | BR19: 0 | BS19: =$DS19 -> 0 | BT19: =$DS19 -> 0 | BU19: =$DS19 -> 0 | BV19: =$DS19 -> 0 | BW19: =$DS19 -> 0 | BX19: =$DS19 -> 0 | BY19: =$DS19 -> 0 | BZ19: =$DS19 -> 0 | ... DR19: =$DS19 -> 0 | DS19: =Calculations!B92 -> 0 | DT19: =Calculations!C92 -> 0 | DU19: =Calculations!D92 -> 0 | DV19: =Calculations!E92 -> 0 | DW19: =Calculations!F92 -> 0 | DX19: =Calculations!G92 -> 0 | DY19: =Calculations!H92 -> 0 | DZ19: =Calculations!I92 -> 0 | EA19: =Calculations!J92 -> 0 | EB19: =IF(Calculations!K65="",0,Calculations!K65) -> 0 | EC19: =IF(Calculations!L65="",0,Calculations!L65) -> 0 | ED19: 0 | EE19: 0 | EF19: 0 | EG19: 0 | EH19: 0 | EI19: 0 | EJ19: 0 | EK19: 0 | EL19: 0 | EM19: 0 | EN19: 0 | EO19: 0 | EP19: 0 | EQ19: 0 | ER19: 0 | ES19: 0 | ET19: 0 | EU19: 0 | EV19: 0 | EW19: 0 | EX19: 0 | EY19: 0 | EZ19: 0 | FA19: 0 | FB19: 0 | FC19: 0 | FD19: 0 | FE19: 0 | FF19: 0 | FG19: 0 | FH19: 0 | FI19: 0 | FJ19: 0 | FK19: 0 | FL19: 0 | FM19: 0 | FN19: 0 | FO19: 0 | FP19: 0 | FQ19: 0 | FR19: 0 | FS19: 0 | FT19: 0 | FU19: 0 | FV19: 0 | FW19: 0 | FX19: 0 | FY19: 0 | FZ19: 0 | GA19: 0 | GB19: 0 | GC19: 0 | GD19: 0 | GE19: 0 | GF19: 0 | GG19: 0 | GH19: 0 | GI19: 0 | GJ19: 0 | GK19: 0 | GL19: 0 | GM19: 0 | GN19: 0 | GO19: 0 | GP19: 0 | GQ19: 0 | GR19: 0 | GS19: 0 | GT19: 0 | GU19: 0 | GV19: 0 | GW19: 0 | GX19: 0 | GY19: 0 | GZ19: 0 | HA19: 0 | HB19: 0 | HC19: 0
A20: natural gas combined cycle w CCS | B20: 0 | C20: 0 | D20: 0 | E20: 0 | F20: 0 | G20: 0 | H20: 0 | I20: 0 | J20: 0 | K20: 0 | L20: 0 | M20: 0 | N20: 0 | O20: 0 | P20: 0 | Q20: 0 | R20: 0 | S20: 0 | T20: 0 | U20: 0 | V20: 0 | W20: 0 | X20: 0 | Y20: 0 | Z20: 0 | AA20: 0 | AB20: 0 | AC20: 0 | AD20: 0 | AE20: 0 | AF20: 0 | AG20: 0 | AH20: 0 | AI20: 0 | AJ20: 0 | AK20: 0 | AL20: 0 | AM20: 0 | AN20: 0 | AO20: 0 | AP20: 0 | AQ20: 0 | AR20: 0 | AS20: 0 | AT20: 0 | AU20: 0 | AV20: 0 | AW20: 0 | AX20: 0 | AY20: 0 | AZ20: 0 | BA20: 0 | BB20: 0 | BC20: 0 | BD20: 0 | BE20: 0 | BF20: 0 | BG20: 0 | BH20: 0 | BI20: 0 | BJ20: 0 | BK20: 0 | BL20: 0 | BM20: 0 | BN20: 0 | BO20: 0 | BP20: 0 | BQ20: 0 | BR20: 0 | BS20: =$DS20 -> 0 | BT20: =$DS20 -> 0 | BU20: =$DS20 -> 0 | BV20: =$DS20 -> 0 | BW20: =$DS20 -> 0 | BX20: =$DS20 -> 0 | BY20: =$DS20 -> 0 | BZ20: =$DS20 -> 0 | ... DR20: =$DS20 -> 0 | DS20: =Calculations!B93 -> 0 | DT20: =Calculations!C93 -> 0 | DU20: =Calculations!D93 -> 0 | DV20: =Calculations!E93 -> 0 | DW20: =Calculations!F93 -> 0 | DX20: =Calculations!G93 -> 0 | DY20: =Calculations!H93 -> 0 | DZ20: =Calculations!I93 -> 0 | EA20: =Calculations!J93 -> 0 | EB20: =IF(Calculations!K66="",0,Calculations!K66) -> 0 | EC20: =IF(Calculations!L66="",0,Calculations!L66) -> 0 | ED20: 0 | EE20: 0 | EF20: 0 | EG20: 0 | EH20: 0 | EI20: 0 | EJ20: 0 | EK20: 0 | EL20: 0 | EM20: 0 | EN20: 0 | EO20: 0 | EP20: 0 | EQ20: 0 | ER20: 0 | ES20: 0 | ET20: 0 | EU20: 0 | EV20: 0 | EW20: 0 | EX20: 0 | EY20: 0 | EZ20: 0 | FA20: 0 | FB20: 0 | FC20: 0 | FD20: 0 | FE20: 0 | FF20: 0 | FG20: 0 | FH20: 0 | FI20: 0 | FJ20: 0 | FK20: 0 | FL20: 0 | FM20: 0 | FN20: 0 | FO20: 0 | FP20: 0 | FQ20: 0 | FR20: 0 | FS20: 0 | FT20: 0 | FU20: 0 | FV20: 0 | FW20: 0 | FX20: 0 | FY20: 0 | FZ20: 0 | GA20: 0 | GB20: 0 | GC20: 0 | GD20: 0 | GE20: 0 | GF20: 0 | GG20: 0 | GH20: 0 | GI20: 0 | GJ20: 0 | GK20: 0 | GL20: 0 | GM20: 0 | GN20: 0 | GO20: 0 | GP20: 0 | GQ20: 0 | GR20: 0 | GS20: 0 | GT20: 0 | GU20: 0 | GV20: 0 | GW20: 0 | GX20: 0 | GY20: 0 | GZ20: 0 | HA20: 0 | HB20: 0 | HC20: 0
A21: biomass w CCS | B21: 0 | C21: 0 | D21: 0 | E21: 0 | F21: 0 | G21: 0 | H21: 0 | I21: 0 | J21: 0 | K21: 0 | L21: 0 | M21: 0 | N21: 0 | O21: 0 | P21: 0 | Q21: 0 | R21: 0 | S21: 0 | T21: 0 | U21: 0 | V21: 0 | W21: 0 | X21: 0 | Y21: 0 | Z21: 0 | AA21: 0 | AB21: 0 | AC21: 0 | AD21: 0 | AE21: 0 | AF21: 0 | AG21: 0 | AH21: 0 | AI21: 0 | AJ21: 0 | AK21: 0 | AL21: 0 | AM21: 0 | AN21: 0 | AO21: 0 | AP21: 0 | AQ21: 0 | AR21: 0 | AS21: 0 | AT21: 0 | AU21: 0 | AV21: 0 | AW21: 0 | AX21: 0 | AY21: 0 | AZ21: 0 | BA21: 0 | BB21: 0 | BC21: 0 | BD21: 0 | BE21: 0 | BF21: 0 | BG21: 0 | BH21: 0 | BI21: 0 | BJ21: 0 | BK21: 0 | BL21: 0 | BM21: 0 | BN21: 0 | BO21: 0 | BP21: 0 | BQ21: 0 | BR21: 0 | BS21: =$DS21 -> 0 | BT21: =$DS21 -> 0 | BU21: =$DS21 -> 0 | BV21: =$DS21 -> 0 | BW21: =$DS21 -> 0 | BX21: =$DS21 -> 0 | BY21: =$DS21 -> 0 | BZ21: =$DS21 -> 0 | ... DR21: =$DS21 -> 0 | DS21: =Calculations!B94 -> 0 | DT21: =Calculations!C94 -> 0 | DU21: =Calculations!D94 -> 0 | DV21: =Calculations!E94 -> 0 | DW21: =Calculations!F94 -> 0 | DX21: =Calculations!G94 -> 0 | DY21: =Calculations!H94 -> 0 | DZ21: =Calculations!I94 -> 0 | EA21: =Calculations!J94 -> 0 | EB21: =IF(Calculations!K67="",0,Calculations!K67) -> 0 | EC21: =IF(Calculations!L67="",0,Calculations!L67) -> 0 | ED21: 0 | EE21: 0 | EF21: 0 | EG21: 0 | EH21: 0 | EI21: 0 | EJ21: 0 | EK21: 0 | EL21: 0 | EM21: 0 | EN21: 0 | EO21: 0 | EP21: 0 | EQ21: 0 | ER21: 0 | ES21: 0 | ET21: 0 | EU21: 0 | EV21: 0 | EW21: 0 | EX21: 0 | EY21: 0 | EZ21: 0 | FA21: 0 | FB21: 0 | FC21: 0 | FD21: 0 | FE21: 0 | FF21: 0 | FG21: 0 | FH21: 0 | FI21: 0 | FJ21: 0 | FK21: 0 | FL21: 0 | FM21: 0 | FN21: 0 | FO21: 0 | FP21: 0 | FQ21: 0 | FR21: 0 | FS21: 0 | FT21: 0 | FU21: 0 | FV21: 0 | FW21: 0 | FX21: 0 | FY21: 0 | FZ21: 0 | GA21: 0 | GB21: 0 | GC21: 0 | GD21: 0 | GE21: 0 | GF21: 0 | GG21: 0 | GH21: 0 | GI21: 0 | GJ21: 0 | GK21: 0 | GL21: 0 | GM21: 0 | GN21: 0 | GO21: 0 | GP21: 0 | GQ21: 0 | GR21: 0 | GS21: 0 | GT21: 0 | GU21: 0 | GV21: 0 | GW21: 0 | GX21: 0 | GY21: 0 | GZ21: 0 | HA21: 0 | HB21: 0 | HC21: 0
A22: lignite w CCS | B22: 0 | C22: 0 | D22: 0 | E22: 0 | F22: 0 | G22: 0 | H22: 0 | I22: 0 | J22: 0 | K22: 0 | L22: 0 | M22: 0 | N22: 0 | O22: 0 | P22: 0 | Q22: 0 | R22: 0 | S22: 0 | T22: 0 | U22: 0 | V22: 0 | W22: 0 | X22: 0 | Y22: 0 | Z22: 0 | AA22: 0 | AB22: 0 | AC22: 0 | AD22: 0 | AE22: 0 | AF22: 0 | AG22: 0 | AH22: 0 | AI22: 0 | AJ22: 0 | AK22: 0 | AL22: 0 | AM22: 0 | AN22: 0 | AO22: 0 | AP22: 0 | AQ22: 0 | AR22: 0 | AS22: 0 | AT22: 0 | AU22: 0 | AV22: 0 | AW22: 0 | AX22: 0 | AY22: 0 | AZ22: 0 | BA22: 0 | BB22: 0 | BC22: 0 | BD22: 0 | BE22: 0 | BF22: 0 | BG22: 0 | BH22: 0 | BI22: 0 | BJ22: 0 | BK22: 0 | BL22: 0 | BM22: 0 | BN22: 0 | BO22: 0 | BP22: 0 | BQ22: 0 | BR22: 0 | BS22: =$DS22 -> 0 | BT22: =$DS22 -> 0 | BU22: =$DS22 -> 0 | BV22: =$DS22 -> 0 | BW22: =$DS22 -> 0 | BX22: =$DS22 -> 0 | BY22: =$DS22 -> 0 | BZ22: =$DS22 -> 0 | ... DR22: =$DS22 -> 0 | DS22: =Calculations!B95 -> 0 | DT22: =Calculations!C95 -> 0 | DU22: =Calculations!D95 -> 0 | DV22: =Calculations!E95 -> 0 | DW22: =Calculations!F95 -> 0 | DX22: =Calculations!G95 -> 0 | DY22: =Calculations!H95 -> 0 | DZ22: =Calculations!I95 -> 0 | EA22: =Calculations!J95 -> 0 | EB22: =IF(Calculations!K68="",0,Calculations!K68) -> 0 | EC22: =IF(Calculations!L68="",0,Calculations!L68) -> 0 | ED22: 0 | EE22: 0 | EF22: 0 | EG22: 0 | EH22: 0 | EI22: 0 | EJ22: 0 | EK22: 0 | EL22: 0 | EM22: 0 | EN22: 0 | EO22: 0 | EP22: 0 | EQ22: 0 | ER22: 0 | ES22: 0 | ET22: 0 | EU22: 0 | EV22: 0 | EW22: 0 | EX22: 0 | EY22: 0 | EZ22: 0 | FA22: 0 | FB22: 0 | FC22: 0 | FD22: 0 | FE22: 0 | FF22: 0 | FG22: 0 | FH22: 0 | FI22: 0 | FJ22: 0 | FK22: 0 | FL22: 0 | FM22: 0 | FN22: 0 | FO22: 0 | FP22: 0 | FQ22: 0 | FR22: 0 | FS22: 0 | FT22: 0 | FU22: 0 | FV22: 0 | FW22: 0 | FX22: 0 | FY22: 0 | FZ22: 0 | GA22: 0 | GB22: 0 | GC22: 0 | GD22: 0 | GE22: 0 | GF22: 0 | GG22: 0 | GH22: 0 | GI22: 0 | GJ22: 0 | GK22: 0 | GL22: 0 | GM22: 0 | GN22: 0 | GO22: 0 | GP22: 0 | GQ22: 0 | GR22: 0 | GS22: 0 | GT22: 0 | GU22: 0 | GV22: 0 | GW22: 0 | GX22: 0 | GY22: 0 | GZ22: 0 | HA22: 0 | HB22: 0 | HC22: 0
A23: small modular reactor | B23: 0 | C23: 0 | D23: 0 | E23: 0 | F23: 0 | G23: 0 | H23: 0 | I23: 0 | J23: 0 | K23: 0 | L23: 0 | M23: 0 | N23: 0 | O23: 0 | P23: 0 | Q23: 0 | R23: 0 | S23: 0 | T23: 0 | U23: 0 | V23: 0 | W23: 0 | X23: 0 | Y23: 0 | Z23: 0 | AA23: 0 | AB23: 0 | AC23: 0 | AD23: 0 | AE23: 0 | AF23: 0 | AG23: 0 | AH23: 0 | AI23: 0 | AJ23: 0 | AK23: 0 | AL23: 0 | AM23: 0 | AN23: 0 | AO23: 0 | AP23: 0 | AQ23: 0 | AR23: 0 | AS23: 0 | AT23: 0 | AU23: 0 | AV23: 0 | AW23: 0 | AX23: 0 | AY23: 0 | AZ23: 0 | BA23: 0 | BB23: 0 | BC23: 0 | BD23: 0 | BE23: 0 | BF23: 0 | BG23: 0 | BH23: 0 | BI23: 0 | BJ23: 0 | BK23: 0 | BL23: 0 | BM23: 0 | BN23: 0 | BO23: 0 | BP23: 0 | BQ23: 0 | BR23: 0 | BS23: =$DS23 -> 0 | BT23: =$DS23 -> 0 | BU23: =$DS23 -> 0 | BV23: =$DS23 -> 0 | BW23: =$DS23 -> 0 | BX23: =$DS23 -> 0 | BY23: =$DS23 -> 0 | BZ23: =$DS23 -> 0 | ... DR23: =$DS23 -> 0 | DS23: =Calculations!B96 -> 0 | DT23: =Calculations!C96 -> 0 | DU23: =Calculations!D96 -> 0 | DV23: =Calculations!E96 -> 0 | DW23: =Calculations!F96 -> 0 | DX23: =Calculations!G96 -> 0 | DY23: =Calculations!H96 -> 0 | DZ23: =Calculations!I96 -> 0 | EA23: =Calculations!J96 -> 0 | EB23: =IF(Calculations!K69="",0,Calculations!K69) -> 0 | EC23: =IF(Calculations!L69="",0,Calculations!L69) -> 0 | ED23: 0 | EE23: 0 | EF23: 0 | EG23: 0 | EH23: 0 | EI23: 0 | EJ23: 0 | EK23: 0 | EL23: 0 | EM23: 0 | EN23: 0 | EO23: 0 | EP23: 0 | EQ23: 0 | ER23: 0 | ES23: 0 | ET23: 0 | EU23: 0 | EV23: 0 | EW23: 0 | EX23: 0 | EY23: 0 | EZ23: 0 | FA23: 0 | FB23: 0 | FC23: 0 | FD23: 0 | FE23: 0 | FF23: 0 | FG23: 0 | FH23: 0 | FI23: 0 | FJ23: 0 | FK23: 0 | FL23: 0 | FM23: 0 | FN23: 0 | FO23: 0 | FP23: 0 | FQ23: 0 | FR23: 0 | FS23: 0 | FT23: 0 | FU23: 0 | FV23: 0 | FW23: 0 | FX23: 0 | FY23: 0 | FZ23: 0 | GA23: 0 | GB23: 0 | GC23: 0 | GD23: 0 | GE23: 0 | GF23: 0 | GG23: 0 | GH23: 0 | GI23: 0 | GJ23: 0 | GK23: 0 | GL23: 0 | GM23: 0 | GN23: 0 | GO23: 0 | GP23: 0 | GQ23: 0 | GR23: 0 | GS23: 0 | GT23: 0 | GU23: 0 | GV23: 0 | GW23: 0 | GX23: 0 | GY23: 0 | GZ23: 0 | HA23: 0 | HB23: 0 | HC23: 0
A24: hydrogen combustion turbine | B24: 0 | C24: 0 | D24: 0 | E24: 0 | F24: 0 | G24: 0 | H24: 0 | I24: 0 | J24: 0 | K24: 0 | L24: 0 | M24: 0 | N24: 0 | O24: 0 | P24: 0 | Q24: 0 | R24: 0 | S24: 0 | T24: 0 | U24: 0 | V24: 0 | W24: 0 | X24: 0 | Y24: 0 | Z24: 0 | AA24: 0 | AB24: 0 | AC24: 0 | AD24: 0 | AE24: 0 | AF24: 0 | AG24: 0 | AH24: 0 | AI24: 0 | AJ24: 0 | AK24: 0 | AL24: 0 | AM24: 0 | AN24: 0 | AO24: 0 | AP24: 0 | AQ24: 0 | AR24: 0 | AS24: 0 | AT24: 0 | AU24: 0 | AV24: 0 | AW24: 0 | AX24: 0 | AY24: 0 | AZ24: 0 | BA24: 0 | BB24: 0 | BC24: 0 | BD24: 0 | BE24: 0 | BF24: 0 | BG24: 0 | BH24: 0 | BI24: 0 | BJ24: 0 | BK24: 0 | BL24: 0 | BM24: 0 | BN24: 0 | BO24: 0 | BP24: 0 | BQ24: 0 | BR24: 0 | BS24: =$DS24 -> 0 | BT24: =$DS24 -> 0 | BU24: =$DS24 -> 0 | BV24: =$DS24 -> 0 | BW24: =$DS24 -> 0 | BX24: =$DS24 -> 0 | BY24: =$DS24 -> 0 | BZ24: =$DS24 -> 0 | ... DR24: =$DS24 -> 0 | DS24: =Calculations!B97 -> 0 | DT24: =Calculations!C97 -> 0 | DU24: =Calculations!D97 -> 0 | DV24: =Calculations!E97 -> 0 | DW24: =Calculations!F97 -> 0 | DX24: =Calculations!G97 -> 0 | DY24: =Calculations!H97 -> 0 | DZ24: =Calculations!I97 -> 0 | EA24: =Calculations!J97 -> 0 | EB24: =IF(Calculations!K70="",0,Calculations!K70) -> 0 | EC24: =IF(Calculations!L70="",0,Calculations!L70) -> 0 | ED24: 0 | EE24: 0 | EF24: 0 | EG24: 0 | EH24: 0 | EI24: 0 | EJ24: 0 | EK24: 0 | EL24: 0 | EM24: 0 | EN24: 0 | EO24: 0 | EP24: 0 | EQ24: 0 | ER24: 0 | ES24: 0 | ET24: 0 | EU24: 0 | EV24: 0 | EW24: 0 | EX24: 0 | EY24: 0 | EZ24: 0 | FA24: 0 | FB24: 0 | FC24: 0 | FD24: 0 | FE24: 0 | FF24: 0 | FG24: 0 | FH24: 0 | FI24: 0 | FJ24: 0 | FK24: 0 | FL24: 0 | FM24: 0 | FN24: 0 | FO24: 0 | FP24: 0 | FQ24: 0 | FR24: 0 | FS24: 0 | FT24: 0 | FU24: 0 | FV24: 0 | FW24: 0 | FX24: 0 | FY24: 0 | FZ24: 0 | GA24: 0 | GB24: 0 | GC24: 0 | GD24: 0 | GE24: 0 | GF24: 0 | GG24: 0 | GH24: 0 | GI24: 0 | GJ24: 0 | GK24: 0 | GL24: 0 | GM24: 0 | GN24: 0 | GO24: 0 | GP24: 0 | GQ24: 0 | GR24: 0 | GS24: 0 | GT24: 0 | GU24: 0 | GV24: 0 | GW24: 0 | GX24: 0 | GY24: 0 | GZ24: 0 | HA24: 0 | HB24: 0 | HC24: 0
A25: hydrogen combined cycle | B25: 0 | C25: 0 | D25: 0 | E25: 0 | F25: 0 | G25: 0 | H25: 0 | I25: 0 | J25: 0 | K25: 0 | L25: 0 | M25: 0 | N25: 0 | O25: 0 | P25: 0 | Q25: 0 | R25: 0 | S25: 0 | T25: 0 | U25: 0 | V25: 0 | W25: 0 | X25: 0 | Y25: 0 | Z25: 0 | AA25: 0 | AB25: 0 | AC25: 0 | AD25: 0 | AE25: 0 | AF25: 0 | AG25: 0 | AH25: 0 | AI25: 0 | AJ25: 0 | AK25: 0 | AL25: 0 | AM25: 0 | AN25: 0 | AO25: 0 | AP25: 0 | AQ25: 0 | AR25: 0 | AS25: 0 | AT25: 0 | AU25: 0 | AV25: 0 | AW25: 0 | AX25: 0 | AY25: 0 | AZ25: 0 | BA25: 0 | BB25: 0 | BC25: 0 | BD25: 0 | BE25: 0 | BF25: 0 | BG25: 0 | BH25: 0 | BI25: 0 | BJ25: 0 | BK25: 0 | BL25: 0 | BM25: 0 | BN25: 0 | BO25: 0 | BP25: 0 | BQ25: 0 | BR25: 0 | BS25: =$DS25 -> 0 | BT25: =$DS25 -> 0 | BU25: =$DS25 -> 0 | BV25: =$DS25 -> 0 | BW25: =$DS25 -> 0 | BX25: =$DS25 -> 0 | BY25: =$DS25 -> 0 | BZ25: =$DS25 -> 0 | ... DR25: =$DS25 -> 0 | DS25: =Calculations!B98 -> 0 | DT25: =Calculations!C98 -> 0 | DU25: =Calculations!D98 -> 0 | DV25: =Calculations!E98 -> 0 | DW25: =Calculations!F98 -> 0 | DX25: =Calculations!G98 -> 0 | DY25: =Calculations!H98 -> 0 | DZ25: =Calculations!I98 -> 0 | EA25: =Calculations!J98 -> 0 | EB25: =IF(Calculations!K71="",0,Calculations!K71) -> 0 | EC25: =IF(Calculations!L71="",0,Calculations!L71) -> 0 | ED25: 0 | EE25: 0 | EF25: 0 | EG25: 0 | EH25: 0 | EI25: 0 | EJ25: 0 | EK25: 0 | EL25: 0 | EM25: 0 | EN25: 0 | EO25: 0 | EP25: 0 | EQ25: 0 | ER25: 0 | ES25: 0 | ET25: 0 | EU25: 0 | EV25: 0 | EW25: 0 | EX25: 0 | EY25: 0 | EZ25: 0 | FA25: 0 | FB25: 0 | FC25: 0 | FD25: 0 | FE25: 0 | FF25: 0 | FG25: 0 | FH25: 0 | FI25: 0 | FJ25: 0 | FK25: 0 | FL25: 0 | FM25: 0 | FN25: 0 | FO25: 0 | FP25: 0 | FQ25: 0 | FR25: 0 | FS25: 0 | FT25: 0 | FU25: 0 | FV25: 0 | FW25: 0 | FX25: 0 | FY25: 0 | FZ25: 0 | GA25: 0 | GB25: 0 | GC25: 0 | GD25: 0 | GE25: 0 | GF25: 0 | GG25: 0 | GH25: 0 | GI25: 0 | GJ25: 0 | GK25: 0 | GL25: 0 | GM25: 0 | GN25: 0 | GO25: 0 | GP25: 0 | GQ25: 0 | GR25: 0 | GS25: 0 | GT25: 0 | GU25: 0 | GV25: 0 | GW25: 0 | GX25: 0 | GY25: 0 | GZ25: 0 | HA25: 0 | HB25: 0 | HC25: 0
