Workbook
Name Fraction_coal: [1]About!#REF!
Name gal_per_barrel: [2]About!$A$63
Name Percent_rural: [1]About!#REF!
Name Percent_urban: [1]About!#REF!
Name quadrillion: [1]About!$B$62
Name Table4: #REF!
Name Table4_1: #REF!
Name Table4_A: #REF!
Name Table5: #REF!
Name Table5_1: #REF!
Name Table5_A: #REF!
Name UrbFrac: '[3]MX urban Rural'!$B$3

Sheet About
A1: SYCEU Start Year Components Energy Use
A3: Sources: | B3: Energy consumption (residential, commercial & public)
B4: Energy Ministry (SENER)
B5: National Energy Balance 2023
B6: https://www.gob.mx/cms/uploads/attachment/file/947752/BALANCE_NACIONAL_DE_ENERG_A_PRELIMINAR_2023.pdf
B7: CUADRO A.11 CONSUMO FINAL TOTAL DE ENERGÍA (Petajoules)
B8: CUADRO A.15 CONSUMO DE ENERGÍA EN LOS SECTORES RESIDENCIAL, COMERCIAL Y PÚBLICO (Petajoules)
B10: Energy consumption by end use (residential, commercial & public)
B11: National Council of Humanities, Sciences and Technologies (Conahcyt)
B12: Energy futures for Mexico by 2050 The path to a just and sustainable energy transition
B13: https://conahcyt.mx/wp-content/uploads/pronaces/micrositios/energia_y_cambio_climatico/energia/cuadernos_tematicos/Cuaderno_9.pdf
B14: CyS.UF1 | C14: Res.UF1 | D14: Pub.UF1
B15: CyS.UF2 | C15: Res.UF2 | D15: Pub.UF2
B16: CyS.UF3 | C16: Res.UF3
B17: CyS.UF4 | C17: Res.UF4
B18: CyS.UF5 | C18: Res.UF5
B19: CyS.UF6 | C19: Res.UF6
B20: CyS.UF7 | C20: Res.UF7
B21: CyS.UF8 | C21: Res.UF8
C22: Res.UF9
C23: Res.UF10
B25: National population commission
B26: 2023
B27: Demographic Reconciliation Databases 1950 to 2019 and Projections of the Population of Mexico 2020 to 2070
B28: https://www.gob.mx/conapo/documentos/bases-de-datos-de-la-conciliacion-demografica-1950-a-2019-y-proyecciones-de-la-poblacion-de-mexico-2020-a-2070?idiom=es
B29: Datasets, 0_Pob_1950_2070
B30: The rows for States of the Republic have been removed to reduce file size.
B32: National Institute of Statistics and Geography (INEGI)
B33: 2020
B34: Private inhabited homes 1950 2020
B35: https://www.inegi.org.mx/temas/vivienda/#tabulados
A38: Notes:
A40: Unit conversion
A41: BTU/PJ | B41: =5414093.87/0.00000571187 -> 9.4786714e+11
B42: 1 | C42: BEP | D42: 5414093.9 | E42: BTU
B43: 1 | C43: BEP | D43: 5.71187e-06 | E43: PJ
A44: Source: https://dof.gob.mx/nota_detalle.php?codigo=5278970&fecha=23/11/2012#gsc.tab=0
A46: Building type
B47: Building type en EPS | D47: Sectores en México
B48: Urban residential | D48: Residencial
B49: Rural residential | D49: Público
B50: Commercial | D50: Comercial y servicios
A52: Building component
B53: Building component en EPS | D53: Usos finales comercial y servicios en México | F53: Usos finales residencial en México | H53: Usos finales público en México | K53: FO @ Calibration
B54: Heating | D54: Cocción de alimentos | F54: Cocción de alimentos | K54: Cooling and refrigeration were being double counted.
B55: Cooling and ventilation | D55: Climatización | F55: Climatización | K55: Original values assigned to Cooling as appliances is reported elsewhere.
B56: Envelope
B57: Lighting | D57: Iluminación | F57: Iluminación | H57: Alumbrado público
B58: Appliances | D58: Refrigeración Motores Misceláneos Otros | F58: Refrigeración Otros Stand by Lavadoras Microondas Televisión
B59: Other components | D59: Calentamiento de agua | F59: Calentamiento de agua | H59: Bombeo de agua
A61: Building fuel
B62: Building fuel en EPS | D62: Energéticos
B63: Heat | D63: Radiación solar
B64: Biomass | D64: Leña
B65: Biomass | D65: Carbón vegetal
B66: Biomass | D66: BCS Procesados
B67: LPG propane or butane | D67: Gas licuado de petróleo
B68: natural gas | D68: Gas seco
B69: electricity | D69: Electricidad
A71: This variable is based on bldgs/BCEU and uses the same data sources.
A72: We separate the start year values into their own variable so that
A73: we do not need to access data from a year outside of the model's
A74: run range from BCEU, which helps people avoid introducing
A75: bugs when they update model data.

Sheet Cuadro A.11
A1: S2.2 | B1: CUADRO A.11 CONSUMO FINAL TOTAL DE ENERGÍA (Petajoules)
B2: 2013 | C2: 2014 | D2: 2015 | E2: 2016 | F2: 2017 | G2: 2018 | H2: 2019 | I2: 2020 | J2: 2021 | K2: 2022 | L2: 2023
A3: Consumo final total | B3: 5115.46 | C3: 5125.5 | D3: 5278.13 | E3: 5479.55 | F3: 5498.89 | G3: 5393.45 | H3: 4851.57 | I3: 4432.6 | J3: 5402.34 | K3: 5682.55 | L3: 5313.42
A4: Consumo no energético total | B4: 190.85 | C4: 232.22 | D4: 188.39 | E4: 173.69 | F4: 136.07 | G4: 109.74 | H4: 90.59 | I4: 49.23 | J4: 44.97 | K4: 60.32 | L4: 51.46
A5: PEMEX Petroquímica | B5: 136.53 | C5: 139.17 | D5: 113.22 | E5: 99.21 | F5: 70.53 | G5: 56.53 | H5: 47.93 | I5: 12.05 | J5: 7.81 | K5: 15.99 | L5: 16.22
A6: Otras ramas económicas | B6: 54.32 | C6: 93.05 | D6: 75.17 | E6: 74.48 | F6: 65.54 | G6: 53.22 | H6: 42.66 | I6: 37.17 | J6: 37.16 | K6: 44.33 | L6: 35.24
A7: Consumo energético total | B7: 4924.62 | C7: 4893.28 | D7: 5089.75 | E7: 5305.86 | F7: 5362.82 | G7: 5283.71 | H7: 4760.98 | I7: 4383.37 | J7: 5357.36 | K7: 5622.24 | L7: 5261.96
A8: Transporte | B8: 2261.27 | C8: 2246.4 | D8: 2361.75 | E8: 2484.95 | F8: 2360.16 | G8: 2454.7 | H8: 2027.05 | I8: 1703.68 | J8: 2784.64 | K8: 2670.78 | L8: 2567.72
A9: Industrial | B9: 1599.05 | C9: 1553.22 | D9: 1601.89 | E9: 1680.74 | F9: 1876.65 | G9: 1680.77 | H9: 1589.45 | I9: 1418.05 | J9: 1152.67 | K9: 1476.99 | L9: 1238.96
A10: Residencial, comercial y público | B10: 905.68 | C10: 934.18 | D10: 947.02 | E10: 959.92 | F10: 944.09 | G10: 958.97 | H10: 952.59 | I10: 1075.64 | J10: 940.95 | K10: 990.36 | L10: 972.58
A11: Agropecuario | B11: 158.62 | C11: 159.48 | D11: 179.09 | E11: 180.26 | F11: 181.91 | G11: 189.27 | H11: 191.89 | I11: 186.01 | J11: 178.71 | K11: 188.14 | L11: 183.22
A12: Sin clasificar 1 | B12: - | C12: - | D12: - | E12: - | F12: - | G12: - | H12: - | I12: - | J12: 300.4 | K12: 295.97 | L12: 299.49
A13: FUENTE: Sistema de Información Energética (SIE). SENER. NOTA: La suma de los parciales puede no coincidir con los totales debido al redondeo de las cifras. Las cifras pueden cambiar respecto al SIE, BDI o BDR debido al cierre de cifras. A partir del BNE 2021, se considera el consumo de combustibles nuevos (licor negro, gas residual y aceite residual). PEMEX reporta gasolina Magna, Premium, Naftas (Gasaviones) y gasolina de llenado inicial. PEMEX reporta Diésel automotriz, desulfurado, industrial, marino y pañoles. A partir del BNE 2021, el consumo de diésel, gasolinas y naftas en el sector autotransporte, se consideró a partir de las ventas en estaciones de servicio de expendio al público registradas por la CRE. Información preliminar 1A partir del BNE 2021 se comenzó a contabilizar este rubro., se refiere a suministro calificado, porteo y pérdidas no técnicas de energía eléctrica.

Sheet Cuadro A.15
A1: CUADRO A.15 CONSUMO DE ENERGÍA EN LOS SECTORES RESIDENCIAL, COMERCIAL Y PÚBLICO (Petajoules)
B3: 2013 | C3: 2014 | D3: 2015 | E3: 2016 | F3: 2017 | G3: 2018 | H3: 2019 | I3: 2020 | J3: 2021 | K3: 2022 | L3: 2023
A4: Total, sector residencial, comercial y público | B4: 920.57 | C4: 938.89 | D4: 952.23 | E4: 959.92 | F4: 944.09 | G4: 958.97 | H4: 952.59 | I4: 1075.64 | J4: 940.95 | K4: 990.36 | L4: 972.58
A5: Energía solar | B5: 7.14 | C5: 8.02 | D5: 9.1 | E5: 10.01 | F5: 10.29 | G5: 11.86 | H5: 13.06 | I5: 14.98 | J5: 40.81 | K5: 58.93 | L5: 65.27
A6: Leña | B6: 255.42 | C6: 254.12 | D6: 252.84 | E6: 251.56 | F6: 250.31 | G6: 249.08 | H6: 247.92 | I6: 330.28 | J6: 245.59 | K6: 244.47 | L6: 243.31
A7: Total, de petrolíferos | B7: 327.74 | C7: 326.8 | D7: 324.35 | E7: 316.65 | F7: 310.88 | G7: 309.74 | H7: 292.93 | I7: 365.74 | J7: 300.28 | K7: 310.2 | L7: 283.08
A8: Gas licuado | B8: 321.99 | C8: 320.42 | D8: 316.56 | E8: 312.76 | F8: 310.88 | G8: 309.74 | H8: 292.93 | I8: 365.74 | J8: 300.28 | K8: 310.2 | L8: 283.08
A9: Querosenos | B9: 1.35 | C9: 1.91 | D9: 2.57 | E9: 1.92 | F9: 0 | G9: 0 | H9: 0 | I9: 0 | J9: 0 | K9: 0 | L9: 0
A10: Diésel | B10: 4.4 | C10: 4.46 | D10: 5.22 | E10: 1.97 | F10: 0 | G10: 0 | H10: 0 | I10: 0 | J10: 0 | K10: 0 | L10: 0
A11: Gas seco | B11: 44.9 | C11: 52.99 | D11: 50.77 | E11: 51.83 | F11: 49.25 | G11: 42.38 | H11: 40.9 | I11: 35.45 | J11: 39.49 | K11: 37.2 | L11: 39.18
A12: Energía eléctrica | B12: 285.37 | C12: 296.97 | D12: 315.16 | E12: 329.88 | F12: 323.36 | G12: 345.91 | H12: 357.77 | I12: 329.2 | J12: 314.78 | K12: 339.56 | L12: 341.74
A13: Residencial | B13: 742.84 | C13: 754.33 | D13: 755.41 | E13: 756.85 | F13: 751.61 | G13: 760.6 | H13: 748.94 | I13: 914.88 | J13: 796.59 | K13: 833.62 | L13: 822.15
A14: Energía solar | B14: 4.17 | C14: 4.71 | D14: 5.42 | E14: 6.1 | F14: 6.42 | G14: 7.11 | H14: 7.88 | I14: 9.01 | J14: 34.17 | K14: 52.06 | L14: 56.64
A15: Leña | B15: 255.42 | C15: 254.12 | D15: 252.84 | E15: 251.56 | F15: 250.31 | G15: 249.08 | H15: 247.92 | I15: 330.28 | J15: 245.59 | K15: 244.47 | L15: 243.31
... A30: Energía eléctrica | B30: 33.43 | C30: 32.39 | D30: 32.37 | E30: 31.22 | F30: 28.92 | G30: 30.93 | H30: 32.95 | I30: 15.36 | J30: 13.92 | K30: 15.34 | L30: 13.31
A31: FUENTE: Sistema de Información Energética (SIE). SENER. NOTA: La suma de los parciales puede no coincidir con los totales debido al redondeo de las cifras. Las cifras pueden cambiar respecto al SIE, BDI o BDR debido al cierre de cifras. PEMEX reporta Diésel automotriz, desulfurado, industrial, marino y pañoles. Para la energía solar se consideraron los datos reportados por Asociación Nacional de Energía Solar (ANES) y Fabricantes Mexicanos en las Energías Renovables A.С. (FAMERAC). Se considera la producción del carbón todo uno (incluye impurezas). Información preliminar.

Sheet CyS
A1: CyS.UF1 | B1: Consumo final del sector Comercial y servicios para Iluminación por energético e y año histórico ā (PJ)
B2: 2012 | C2: 2013 | D2: 2014 | E2: 2015 | F2: 2016 | G2: 2017 | H2: 2018 | I2: 2019 | J2: 2020 | K2: 2021
A3: Carbón | B3: 0 | C3: 0 | D3: 0 | E3: 0 | F3: 0 | G3: 0 | H3: 0 | I3: 0 | J3: 0 | K3: 0
A4: Petróleo | B4: 0 | C4: 0 | D4: 0 | E4: 0 | F4: 0 | G4: 0 | H4: 0 | I4: 0 | J4: 0 | K4: 0
A5: Condensados | B5: 0 | C5: 0 | D5: 0 | E5: 0 | F5: 0 | G5: 0 | H5: 0 | I5: 0 | J5: 0 | K5: 0
A6: Gas natural | B6: 0 | C6: 0 | D6: 0 | E6: 0 | F6: 0 | G6: 0 | H6: 0 | I6: 0 | J6: 0 | K6: 0
A7: Nuclear | B7: 0 | C7: 0 | D7: 0 | E7: 0 | F7: 0 | G7: 0 | H7: 0 | I7: 0 | J7: 0 | K7: 0
A8: Hidroenergía | B8: 0 | C8: 0 | D8: 0 | E8: 0 | F8: 0 | G8: 0 | H8: 0 | I8: 0 | J8: 0 | K8: 0
A9: Radiación solar | B9: 0 | C9: 0 | D9: 0 | E9: 0 | F9: 0 | G9: 0 | H9: 0 | I9: 0 | J9: 0 | K9: 0
A10: Energía eólica | B10: 0 | C10: 0 | D10: 0 | E10: 0 | F10: 0 | G10: 0 | H10: 0 | I10: 0 | J10: 0 | K10: 0
A11: Geoenergía | B11: 0 | C11: 0 | D11: 0 | E11: 0 | F11: 0 | G11: 0 | H11: 0 | I11: 0 | J11: 0 | K11: 0
A12: Bagazos | B12: 0 | C12: 0 | D12: 0 | E12: 0 | F12: 0 | G12: 0 | H12: 0 | I12: 0 | J12: 0 | K12: 0
A13: Leña | B13: 0 | C13: 0 | D13: 0 | E13: 0 | F13: 0 | G13: 0 | H13: 0 | I13: 0 | J13: 0 | K13: 0
A14: Biogás | B14: 0 | C14: 0 | D14: 0 | E14: 0 | F14: 0 | G14: 0 | H14: 0 | I14: 0 | J14: 0 | K14: 0
... A29: Hidrogeno | B29: 0 | C29: 0 | D29: 0 | E29: 0 | F29: 0 | G29: 0 | H29: 0 | I29: 0 | J29: 0 | K29: 0
A33: CyS.UF2 | B33: Consumo final del sector Comercial y servicios para Climatización por energético e y año histórico ā (PJ)
B34: 2012 | C34: 2013 | D34: 2014 | E34: 2015 | F34: 2016 | G34: 2017 | H34: 2018 | I34: 2019 | J34: 2020 | K34: 2021
A35: Carbón | B35: 0 | C35: 0 | D35: 0 | E35: 0 | F35: 0 | G35: 0 | H35: 0 | I35: 0 | J35: 0 | K35: 0
A36: Petróleo | B36: 0 | C36: 0 | D36: 0 | E36: 0 | F36: 0 | G36: 0 | H36: 0 | I36: 0 | J36: 0 | K36: 0
A37: Condensados | B37: 0 | C37: 0 | D37: 0 | E37: 0 | F37: 0 | G37: 0 | H37: 0 | I37: 0 | J37: 0 | K37: 0
A38: Gas natural | B38: 0 | C38: 0 | D38: 0 | E38: 0 | F38: 0 | G38: 0 | H38: 0 | I38: 0 | J38: 0 | K38: 0
A39: Nuclear | B39: 0 | C39: 0 | D39: 0 | E39: 0 | F39: 0 | G39: 0 | H39: 0 | I39: 0 | J39: 0 | K39: 0
A40: Hidroenergía | B40: 0 | C40: 0 | D40: 0 | E40: 0 | F40: 0 | G40: 0 | H40: 0 | I40: 0 | J40: 0 | K40: 0
A41: Radiación solar | B41: 0 | C41: 0 | D41: 0 | E41: 0 | F41: 0 | G41: 0 | H41: 0 | I41: 0 | J41: 0 | K41: 0
A42: Energía eólica | B42: 0 | C42: 0 | D42: 0 | E42: 0 | F42: 0 | G42: 0 | H42: 0 | I42: 0 | J42: 0 | K42: 0
A43: Geoenergía | B43: 0 | C43: 0 | D43: 0 | E43: 0 | F43: 0 | G43: 0 | H43: 0 | I43: 0 | J43: 0 | K43: 0
A44: Bagazos | B44: 0 | C44: 0 | D44: 0 | E44: 0 | F44: 0 | G44: 0 | H44: 0 | I44: 0 | J44: 0 | K44: 0
A45: Leña | B45: 0 | C45: 0 | D45: 0 | E45: 0 | F45: 0 | G45: 0 | H45: 0 | I45: 0 | J45: 0 | K45: 0
A46: Biogás | B46: 0 | C46: 0 | D46: 0 | E46: 0 | F46: 0 | G46: 0 | H46: 0 | I46: 0 | J46: 0 | K46: 0
... A61: Hidrogeno | B61: 0 | C61: 0 | D61: 0 | E61: 0 | F61: 0 | G61: 0 | H61: 0 | I61: 0 | J61: 0 | K61: 0
A65: CyS.UF3 | B65: Consumo final del sector Comercial y servicios para Refrigeración por energético e y año histórico ā (PJ)
B66: 2012 | C66: 2013 | D66: 2014 | E66: 2015 | F66: 2016 | G66: 2017 | H66: 2018 | I66: 2019 | J66: 2020 | K66: 2021
A67: Carbón | B67: 0 | C67: 0 | D67: 0 | E67: 0 | F67: 0 | G67: 0 | H67: 0 | I67: 0 | J67: 0 | K67: 0
A68: Petróleo | B68: 0 | C68: 0 | D68: 0 | E68: 0 | F68: 0 | G68: 0 | H68: 0 | I68: 0 | J68: 0 | K68: 0
A69: Condensados | B69: 0 | C69: 0 | D69: 0 | E69: 0 | F69: 0 | G69: 0 | H69: 0 | I69: 0 | J69: 0 | K69: 0
A70: Gas natural | B70: 0 | C70: 0 | D70: 0 | E70: 0 | F70: 0 | G70: 0 | H70: 0 | I70: 0 | J70: 0 | K70: 0
A71: Nuclear | B71: 0 | C71: 0 | D71: 0 | E71: 0 | F71: 0 | G71: 0 | H71: 0 | I71: 0 | J71: 0 | K71: 0
A72: Hidroenergía | B72: 0 | C72: 0 | D72: 0 | E72: 0 | F72: 0 | G72: 0 | H72: 0 | I72: 0 | J72: 0 | K72: 0
A73: Radiación solar | B73: 0 | C73: 0 | D73: 0 | E73: 0 | F73: 0 | G73: 0 | H73: 0 | I73: 0 | J73: 0 | K73: 0
A74: Energía eólica | B74: 0 | C74: 0 | D74: 0 | E74: 0 | F74: 0 | G74: 0 | H74: 0 | I74: 0 | J74: 0 | K74: 0
A75: Geoenergía | B75: 0 | C75: 0 | D75: 0 | E75: 0 | F75: 0 | G75: 0 | H75: 0 | I75: 0 | J75: 0 | K75: 0
A76: Bagazos | B76: 0 | C76: 0 | D76: 0 | E76: 0 | F76: 0 | G76: 0 | H76: 0 | I76: 0 | J76: 0 | K76: 0
A77: Leña | B77: 0 | C77: 0 | D77: 0 | E77: 0 | F77: 0 | G77: 0 | H77: 0 | I77: 0 | J77: 0 | K77: 0
A78: Biogás | B78: 0 | C78: 0 | D78: 0 | E78: 0 | F78: 0 | G78: 0 | H78: 0 | I78: 0 | J78: 0 | K78: 0
... A93: Hidrogeno | B93: 0 | C93: 0 | D93: 0 | E93: 0 | F93: 0 | G93: 0 | H93: 0 | I93: 0 | J93: 0 | K93: 0
A97: CyS.UF4 | B97: Consumo final del sector Comercial y servicios para Motores por energético e y año histórico ā (PJ)
B98: 2012 | C98: 2013 | D98: 2014 | E98: 2015 | F98: 2016 | G98: 2017 | H98: 2018 | I98: 2019 | J98: 2020 | K98: 2021
A99: Carbón | B99: 0 | C99: 0 | D99: 0 | E99: 0 | F99: 0 | G99: 0 | H99: 0 | I99: 0 | J99: 0 | K99: 0
A100: Petróleo | B100: 0 | C100: 0 | D100: 0 | E100: 0 | F100: 0 | G100: 0 | H100: 0 | I100: 0 | J100: 0 | K100: 0
A101: Condensados | B101: 0 | C101: 0 | D101: 0 | E101: 0 | F101: 0 | G101: 0 | H101: 0 | I101: 0 | J101: 0 | K101: 0
A102: Gas natural | B102: 0 | C102: 0 | D102: 0 | E102: 0 | F102: 0 | G102: 0 | H102: 0 | I102: 0 | J102: 0 | K102: 0
A103: Nuclear | B103: 0 | C103: 0 | D103: 0 | E103: 0 | F103: 0 | G103: 0 | H103: 0 | I103: 0 | J103: 0 | K103: 0
A104: Hidroenergía | B104: 0 | C104: 0 | D104: 0 | E104: 0 | F104: 0 | G104: 0 | H104: 0 | I104: 0 | J104: 0 | K104: 0
A105: Radiación solar | B105: 0 | C105: 0 | D105: 0 | E105: 0 | F105: 0 | G105: 0 | H105: 0 | I105: 0 | J105: 0 | K105: 0
A106: Energía eólica | B106: 0 | C106: 0 | D106: 0 | E106: 0 | F106: 0 | G106: 0 | H106: 0 | I106: 0 | J106: 0 | K106: 0
A107: Geoenergía | B107: 0 | C107: 0 | D107: 0 | E107: 0 | F107: 0 | G107: 0 | H107: 0 | I107: 0 | J107: 0 | K107: 0
A108: Bagazos | B108: 0 | C108: 0 | D108: 0 | E108: 0 | F108: 0 | G108: 0 | H108: 0 | I108: 0 | J108: 0 | K108: 0
A109: Leña | B109: 0 | C109: 0 | D109: 0 | E109: 0 | F109: 0 | G109: 0 | H109: 0 | I109: 0 | J109: 0 | K109: 0
A110: Biogás | B110: 0 | C110: 0 | D110: 0 | E110: 0 | F110: 0 | G110: 0 | H110: 0 | I110: 0 | J110: 0 | K110: 0
... A125: Hidrogeno | B125: 0 | C125: 0 | D125: 0 | E125: 0 | F125: 0 | G125: 0 | H125: 0 | I125: 0 | J125: 0 | K125: 0
A129: CyS.UF5 | B129: Consumo final del sector Comercial y servicios para Misceláneos por energético e y año histórico ā (PJ)
B130: 2012 | C130: 2013 | D130: 2014 | E130: 2015 | F130: 2016 | G130: 2017 | H130: 2018 | I130: 2019 | J130: 2020 | K130: 2021
A131: Carbón | B131: 0 | C131: 0 | D131: 0 | E131: 0 | F131: 0 | G131: 0 | H131: 0 | I131: 0 | J131: 0 | K131: 0
A132: Petróleo | B132: 0 | C132: 0 | D132: 0 | E132: 0 | F132: 0 | G132: 0 | H132: 0 | I132: 0 | J132: 0 | K132: 0
A133: Condensados | B133: 0 | C133: 0 | D133: 0 | E133: 0 | F133: 0 | G133: 0 | H133: 0 | I133: 0 | J133: 0 | K133: 0
A134: Gas natural | B134: 0 | C134: 0 | D134: 0 | E134: 0 | F134: 0 | G134: 0 | H134: 0 | I134: 0 | J134: 0 | K134: 0
A135: Nuclear | B135: 0 | C135: 0 | D135: 0 | E135: 0 | F135: 0 | G135: 0 | H135: 0 | I135: 0 | J135: 0 | K135: 0
A136: Hidroenergía | B136: 0 | C136: 0 | D136: 0 | E136: 0 | F136: 0 | G136: 0 | H136: 0 | I136: 0 | J136: 0 | K136: 0
A137: Radiación solar | B137: 0 | C137: 0 | D137: 0 | E137: 0 | F137: 0 | G137: 0 | H137: 0 | I137: 0 | J137: 0 | K137: 0
A138: Energía eólica | B138: 0 | C138: 0 | D138: 0 | E138: 0 | F138: 0 | G138: 0 | H138: 0 | I138: 0 | J138: 0 | K138: 0
A139: Geoenergía | B139: 0 | C139: 0 | D139: 0 | E139: 0 | F139: 0 | G139: 0 | H139: 0 | I139: 0 | J139: 0 | K139: 0
A140: Bagazos | B140: 0 | C140: 0 | D140: 0 | E140: 0 | F140: 0 | G140: 0 | H140: 0 | I140: 0 | J140: 0 | K140: 0
A141: Leña | B141: 0 | C141: 0 | D141: 0 | E141: 0 | F141: 0 | G141: 0 | H141: 0 | I141: 0 | J141: 0 | K141: 0
A142: Biogás | B142: 0 | C142: 0 | D142: 0 | E142: 0 | F142: 0 | G142: 0 | H142: 0 | I142: 0 | J142: 0 | K142: 0
... A157: Hidrogeno | B157: 0 | C157: 0 | D157: 0 | E157: 0 | F157: 0 | G157: 0 | H157: 0 | I157: 0 | J157: 0 | K157: 0
A161: CyS.UF6 | B161: Consumo final del sector Comercial y servicios para Otros por energético e y año histórico ā (PJ)
B162: 2012 | C162: 2013 | D162: 2014 | E162: 2015 | F162: 2016 | G162: 2017 | H162: 2018 | I162: 2019 | J162: 2020 | K162: 2021
A163: Carbón | B163: 0 | C163: 0 | D163: 0 | E163: 0 | F163: 0 | G163: 0 | H163: 0 | I163: 0 | J163: 0 | K163: 0
A164: Petróleo | B164: 0 | C164: 0 | D164: 0 | E164: 0 | F164: 0 | G164: 0 | H164: 0 | I164: 0 | J164: 0 | K164: 0
A165: Condensados | B165: 0 | C165: 0 | D165: 0 | E165: 0 | F165: 0 | G165: 0 | H165: 0 | I165: 0 | J165: 0 | K165: 0
A166: Gas natural | B166: 0 | C166: 0 | D166: 0 | E166: 0 | F166: 0 | G166: 0 | H166: 0 | I166: 0 | J166: 0 | K166: 0
A167: Nuclear | B167: 0 | C167: 0 | D167: 0 | E167: 0 | F167: 0 | G167: 0 | H167: 0 | I167: 0 | J167: 0 | K167: 0
A168: Hidroenergía | B168: 0 | C168: 0 | D168: 0 | E168: 0 | F168: 0 | G168: 0 | H168: 0 | I168: 0 | J168: 0 | K168: 0
A169: Radiación solar | B169: 0 | C169: 0 | D169: 0 | E169: 0 | F169: 0 | G169: 0 | H169: 0 | I169: 0 | J169: 0 | K169: 0
A170: Energía eólica | B170: 0 | C170: 0 | D170: 0 | E170: 0 | F170: 0 | G170: 0 | H170: 0 | I170: 0 | J170: 0 | K170: 0
A171: Geoenergía | B171: 0 | C171: 0 | D171: 0 | E171: 0 | F171: 0 | G171: 0 | H171: 0 | I171: 0 | J171: 0 | K171: 0
A172: Bagazos | B172: 0 | C172: 0 | D172: 0 | E172: 0 | F172: 0 | G172: 0 | H172: 0 | I172: 0 | J172: 0 | K172: 0
A173: Leña | B173: 0 | C173: 0 | D173: 0 | E173: 0 | F173: 0 | G173: 0 | H173: 0 | I173: 0 | J173: 0 | K173: 0
A174: Biogás | B174: 0 | C174: 0 | D174: 0 | E174: 0 | F174: 0 | G174: 0 | H174: 0 | I174: 0 | J174: 0 | K174: 0
... A189: Hidrogeno | B189: 0 | C189: 0 | D189: 0 | E189: 0 | F189: 0 | G189: 0 | H189: 0 | I189: 0 | J189: 0 | K189: 0
A193: CyS.UF7 | B193: Consumo final del sector Comercial y servicios para Calentamiento de agua por energético e y año histórico ā (PJ)
B194: 2012 | C194: 2013 | D194: 2014 | E194: 2015 | F194: 2016 | G194: 2017 | H194: 2018 | I194: 2019 | J194: 2020 | K194: 2021
A195: Carbón | B195: 0 | C195: 0 | D195: 0 | E195: 0 | F195: 0 | G195: 0 | H195: 0 | I195: 0 | J195: 0 | K195: 0
A196: Petróleo | B196: 0 | C196: 0 | D196: 0 | E196: 0 | F196: 0 | G196: 0 | H196: 0 | I196: 0 | J196: 0 | K196: 0
A197: Condensados | B197: 0 | C197: 0 | D197: 0 | E197: 0 | F197: 0 | G197: 0 | H197: 0 | I197: 0 | J197: 0 | K197: 0
A198: Gas natural | B198: 0 | C198: 0 | D198: 0 | E198: 0 | F198: 0 | G198: 0 | H198: 0 | I198: 0 | J198: 0 | K198: 0
A199: Nuclear | B199: 0 | C199: 0 | D199: 0 | E199: 0 | F199: 0 | G199: 0 | H199: 0 | I199: 0 | J199: 0 | K199: 0
A200: Hidroenergía | B200: 0 | C200: 0 | D200: 0 | E200: 0 | F200: 0 | G200: 0 | H200: 0 | I200: 0 | J200: 0 | K200: 0
A201: Radiación solar | B201: 2.56 | C201: 2.82 | D201: 3.12 | E201: 3.64 | F201: 3.91 | G201: 3.87 | H201: 4.75 | I201: 5.18 | J201: 5.96 | K201: 6.51
A202: Energía eólica | B202: 0 | C202: 0 | D202: 0 | E202: 0 | F202: 0 | G202: 0 | H202: 0 | I202: 0 | J202: 0 | K202: 0
...

Sheet Res
A1: Res.UF1 | B1: Consumo final del sector Residencial para Iluminación por energético e y año histórico ā (PJ)
B2: 2012 | C2: 2013 | D2: 2014 | E2: 2015 | F2: 2016 | G2: 2017 | H2: 2018 | I2: 2019 | J2: 2020 | K2: 2021
A3: Carbón | B3: 0 | C3: 0 | D3: 0 | E3: 0 | F3: 0 | G3: 0 | H3: 0 | I3: 0 | J3: 0 | K3: 0
A4: Petróleo | B4: 0 | C4: 0 | D4: 0 | E4: 0 | F4: 0 | G4: 0 | H4: 0 | I4: 0 | J4: 0 | K4: 0
A5: Condensados | B5: 0 | C5: 0 | D5: 0 | E5: 0 | F5: 0 | G5: 0 | H5: 0 | I5: 0 | J5: 0 | K5: 0
A6: Gas natural | B6: 0 | C6: 0 | D6: 0 | E6: 0 | F6: 0 | G6: 0 | H6: 0 | I6: 0 | J6: 0 | K6: 0
A7: Nuclear | B7: 0 | C7: 0 | D7: 0 | E7: 0 | F7: 0 | G7: 0 | H7: 0 | I7: 0 | J7: 0 | K7: 0
A8: Hidroenergía | B8: 0 | C8: 0 | D8: 0 | E8: 0 | F8: 0 | G8: 0 | H8: 0 | I8: 0 | J8: 0 | K8: 0
A9: Radiación solar | B9: 0 | C9: 0 | D9: 0 | E9: 0 | F9: 0 | G9: 0 | H9: 0 | I9: 0 | J9: 0 | K9: 0
A10: Energía eólica | B10: 0 | C10: 0 | D10: 0 | E10: 0 | F10: 0 | G10: 0 | H10: 0 | I10: 0 | J10: 0 | K10: 0
A11: Geoenergía | B11: 0 | C11: 0 | D11: 0 | E11: 0 | F11: 0 | G11: 0 | H11: 0 | I11: 0 | J11: 0 | K11: 0
A12: Bagazos | B12: 0 | C12: 0 | D12: 0 | E12: 0 | F12: 0 | G12: 0 | H12: 0 | I12: 0 | J12: 0 | K12: 0
A13: Leña | B13: 0 | C13: 0 | D13: 0 | E13: 0 | F13: 0 | G13: 0 | H13: 0 | I13: 0 | J13: 0 | K13: 0
A14: Biogás | B14: 0 | C14: 0 | D14: 0 | E14: 0 | F14: 0 | G14: 0 | H14: 0 | I14: 0 | J14: 0 | K14: 0
... A29: Hidrogeno | B29: 0 | C29: 0 | D29: 0 | E29: 0 | F29: 0 | G29: 0 | H29: 0 | I29: 0 | J29: 0 | K29: 0
A33: Res.UF2 | B33: Consumo final del sector Residencial para Climatización por energético e y año histórico ā (PJ)
B34: 2012 | C34: 2013 | D34: 2014 | E34: 2015 | F34: 2016 | G34: 2017 | H34: 2018 | I34: 2019 | J34: 2020 | K34: 2021
A35: Carbón | B35: 0 | C35: 0 | D35: 0 | E35: 0 | F35: 0 | G35: 0 | H35: 0 | I35: 0 | J35: 0 | K35: 0
A36: Petróleo | B36: 0 | C36: 0 | D36: 0 | E36: 0 | F36: 0 | G36: 0 | H36: 0 | I36: 0 | J36: 0 | K36: 0
A37: Condensados | B37: 0 | C37: 0 | D37: 0 | E37: 0 | F37: 0 | G37: 0 | H37: 0 | I37: 0 | J37: 0 | K37: 0
A38: Gas natural | B38: 0 | C38: 0 | D38: 0 | E38: 0 | F38: 0 | G38: 0 | H38: 0 | I38: 0 | J38: 0 | K38: 0
A39: Nuclear | B39: 0 | C39: 0 | D39: 0 | E39: 0 | F39: 0 | G39: 0 | H39: 0 | I39: 0 | J39: 0 | K39: 0
A40: Hidroenergía | B40: 0 | C40: 0 | D40: 0 | E40: 0 | F40: 0 | G40: 0 | H40: 0 | I40: 0 | J40: 0 | K40: 0
A41: Radiación solar | B41: 0 | C41: 0 | D41: 0 | E41: 0 | F41: 0 | G41: 0 | H41: 0 | I41: 0 | J41: 0 | K41: 0
A42: Energía eólica | B42: 0 | C42: 0 | D42: 0 | E42: 0 | F42: 0 | G42: 0 | H42: 0 | I42: 0 | J42: 0 | K42: 0
A43: Geoenergía | B43: 0 | C43: 0 | D43: 0 | E43: 0 | F43: 0 | G43: 0 | H43: 0 | I43: 0 | J43: 0 | K43: 0
A44: Bagazos | B44: 0 | C44: 0 | D44: 0 | E44: 0 | F44: 0 | G44: 0 | H44: 0 | I44: 0 | J44: 0 | K44: 0
A45: Leña | B45: 0 | C45: 0 | D45: 0 | E45: 0 | F45: 0 | G45: 0 | H45: 0 | I45: 0 | J45: 0 | K45: 0
A46: Biogás | B46: 0 | C46: 0 | D46: 0 | E46: 0 | F46: 0 | G46: 0 | H46: 0 | I46: 0 | J46: 0 | K46: 0
... A61: Hidrogeno | B61: 0 | C61: 0 | D61: 0 | E61: 0 | F61: 0 | G61: 0 | H61: 0 | I61: 0 | J61: 0 | K61: 0
A65: Res.UF3 | B65: Consumo final del sector Residencial para Refrigeración por energético e y año histórico ā (PJ)
B66: 2012 | C66: 2013 | D66: 2014 | E66: 2015 | F66: 2016 | G66: 2017 | H66: 2018 | I66: 2019 | J66: 2020 | K66: 2021
A67: Carbón | B67: 0 | C67: 0 | D67: 0 | E67: 0 | F67: 0 | G67: 0 | H67: 0 | I67: 0 | J67: 0 | K67: 0
A68: Petróleo | B68: 0 | C68: 0 | D68: 0 | E68: 0 | F68: 0 | G68: 0 | H68: 0 | I68: 0 | J68: 0 | K68: 0
A69: Condensados | B69: 0 | C69: 0 | D69: 0 | E69: 0 | F69: 0 | G69: 0 | H69: 0 | I69: 0 | J69: 0 | K69: 0
A70: Gas natural | B70: 0 | C70: 0 | D70: 0 | E70: 0 | F70: 0 | G70: 0 | H70: 0 | I70: 0 | J70: 0 | K70: 0
A71: Nuclear | B71: 0 | C71: 0 | D71: 0 | E71: 0 | F71: 0 | G71: 0 | H71: 0 | I71: 0 | J71: 0 | K71: 0
A72: Hidroenergía | B72: 0 | C72: 0 | D72: 0 | E72: 0 | F72: 0 | G72: 0 | H72: 0 | I72: 0 | J72: 0 | K72: 0
A73: Radiación solar | B73: 0 | C73: 0 | D73: 0 | E73: 0 | F73: 0 | G73: 0 | H73: 0 | I73: 0 | J73: 0 | K73: 0
A74: Energía eólica | B74: 0 | C74: 0 | D74: 0 | E74: 0 | F74: 0 | G74: 0 | H74: 0 | I74: 0 | J74: 0 | K74: 0
A75: Geoenergía | B75: 0 | C75: 0 | D75: 0 | E75: 0 | F75: 0 | G75: 0 | H75: 0 | I75: 0 | J75: 0 | K75: 0
A76: Bagazos | B76: 0 | C76: 0 | D76: 0 | E76: 0 | F76: 0 | G76: 0 | H76: 0 | I76: 0 | J76: 0 | K76: 0
A77: Leña | B77: 0 | C77: 0 | D77: 0 | E77: 0 | F77: 0 | G77: 0 | H77: 0 | I77: 0 | J77: 0 | K77: 0
A78: Biogás | B78: 0 | C78: 0 | D78: 0 | E78: 0 | F78: 0 | G78: 0 | H78: 0 | I78: 0 | J78: 0 | K78: 0
... A91: Gas seco | B91: 0 | C91: 0 | D91: 0 | E91: 0 | F91: 0 | G91: 0 | H91: 0 | I91: 0 | J91: 0 | K91: 0
A92: Electricidad | B92: 32.68 | C92: 32.88 | D92: 33.82 | E92: 34.67 | F92: 36.14 | G92: 36.63 | H92: 38.39 | I92: 41.27 | J92: 43.74 | K92: 43 | L92: FO: Original file had double counting with "climatización", same values. Miscategorization error.
A93: Hidrogeno | B93: 0 | C93: 0 | D93: 0 | E93: 0 | F93: 0 | G93: 0 | H93: 0 | I93: 0 | J93: 0 | K93: 0 | L93: Current rerigeration values similar, but total adds up.
A97: Res.UF4 | B97: Consumo final del sector Residencial para Calentamiento de agua por energético e y año histórico ā (PJ)
B98: 2012 | C98: 2013 | D98: 2014 | E98: 2015 | F98: 2016 | G98: 2017 | H98: 2018 | I98: 2019 | J98: 2020 | K98: 2021
A99: Carbón | B99: 0 | C99: 0 | D99: 0 | E99: 0 | F99: 0 | G99: 0 | H99: 0 | I99: 0 | J99: 0 | K99: 0
A100: Petróleo | B100: 0 | C100: 0 | D100: 0 | E100: 0 | F100: 0 | G100: 0 | H100: 0 | I100: 0 | J100: 0 | K100: 0
A101: Condensados | B101: 0 | C101: 0 | D101: 0 | E101: 0 | F101: 0 | G101: 0 | H101: 0 | I101: 0 | J101: 0 | K101: 0
A102: Gas natural | B102: 0 | C102: 0 | D102: 0 | E102: 0 | F102: 0 | G102: 0 | H102: 0 | I102: 0 | J102: 0 | K102: 0
A103: Nuclear | B103: 0 | C103: 0 | D103: 0 | E103: 0 | F103: 0 | G103: 0 | H103: 0 | I103: 0 | J103: 0 | K103: 0
A104: Hidroenergía | B104: 0 | C104: 0 | D104: 0 | E104: 0 | F104: 0 | G104: 0 | H104: 0 | I104: 0 | J104: 0 | K104: 0
A105: Radiación solar | B105: 3.53 | C105: 4.04 | D105: 4.53 | E105: 5.29 | F105: 6.1 | G105: 6.42 | H105: 7.11 | I105: 7.89 | J105: 9.01 | K105: 10.69
A106: Energía eólica | B106: 0 | C106: 0 | D106: 0 | E106: 0 | F106: 0 | G106: 0 | H106: 0 | I106: 0 | J106: 0 | K106: 0
A107: Geoenergía | B107: 0 | C107: 0 | D107: 0 | E107: 0 | F107: 0 | G107: 0 | H107: 0 | I107: 0 | J107: 0 | K107: 0
A108: Bagazos | B108: 0 | C108: 0 | D108: 0 | E108: 0 | F108: 0 | G108: 0 | H108: 0 | I108: 0 | J108: 0 | K108: 0
A109: Leña | B109: 83.37 | C109: 82.96 | D109: 82.55 | E109: 82.14 | F109: 81.73 | G109: 81.32 | H109: 80.92 | I109: 80.51 | J109: 80.1 | K109: 79.77
A110: Biogás | B110: 0 | C110: 0 | D110: 0 | E110: 0 | F110: 0 | G110: 0 | H110: 0 | I110: 0 | J110: 0 | K110: 0
... A125: Hidrogeno | B125: 0 | C125: 0 | D125: 0 | E125: 0 | F125: 0 | G125: 0 | H125: 0 | I125: 0 | J125: 0 | K125: 0
A129: Res.UF5 | B129: Consumo final del sector Residencial para Cocción de alimentos por energético e y año histórico ā (PJ)
B130: 2012 | C130: 2013 | D130: 2014 | E130: 2015 | F130: 2016 | G130: 2017 | H130: 2018 | I130: 2019 | J130: 2020 | K130: 2021
A131: Carbón | B131: 0 | C131: 0 | D131: 0 | E131: 0 | F131: 0 | G131: 0 | H131: 0 | I131: 0 | J131: 0 | K131: 0
A132: Petróleo | B132: 0 | C132: 0 | D132: 0 | E132: 0 | F132: 0 | G132: 0 | H132: 0 | I132: 0 | J132: 0 | K132: 0
A133: Condensados | B133: 0 | C133: 0 | D133: 0 | E133: 0 | F133: 0 | G133: 0 | H133: 0 | I133: 0 | J133: 0 | K133: 0
A134: Gas natural | B134: 0 | C134: 0 | D134: 0 | E134: 0 | F134: 0 | G134: 0 | H134: 0 | I134: 0 | J134: 0 | K134: 0
A135: Nuclear | B135: 0 | C135: 0 | D135: 0 | E135: 0 | F135: 0 | G135: 0 | H135: 0 | I135: 0 | J135: 0 | K135: 0
A136: Hidroenergía | B136: 0 | C136: 0 | D136: 0 | E136: 0 | F136: 0 | G136: 0 | H136: 0 | I136: 0 | J136: 0 | K136: 0
A137: Radiación solar | B137: 0 | C137: 0 | D137: 0 | E137: 0 | F137: 0 | G137: 0 | H137: 0 | I137: 0 | J137: 0 | K137: 0
A138: Energía eólica | B138: 0 | C138: 0 | D138: 0 | E138: 0 | F138: 0 | G138: 0 | H138: 0 | I138: 0 | J138: 0 | K138: 0
A139: Geoenergía | B139: 0 | C139: 0 | D139: 0 | E139: 0 | F139: 0 | G139: 0 | H139: 0 | I139: 0 | J139: 0 | K139: 0
A140: Bagazos | B140: 0 | C140: 0 | D140: 0 | E140: 0 | F140: 0 | G140: 0 | H140: 0 | I140: 0 | J140: 0 | K140: 0
A141: Leña | B141: 250.1 | C141: 248.88 | D141: 247.66 | E141: 246.43 | F141: 245.2 | G141: 243.97 | H141: 242.76 | I141: 241.53 | J141: 240.3 | K141: 239.3
A142: Biogás | B142: 0 | C142: 0 | D142: 0 | E142: 0 | F142: 0 | G142: 0 | H142: 0 | I142: 0 | J142: 0 | K142: 0
... A157: Hidrogeno | B157: 0 | C157: 0 | D157: 0 | E157: 0 | F157: 0 | G157: 0 | H157: 0 | I157: 0 | J157: 0 | K157: 0
A161: Res.UF6 | B161: Consumo final del sector Residencial para Stand by por energético e y año histórico ā (PJ)
B162: 2012 | C162: 2013 | D162: 2014 | E162: 2015 | F162: 2016 | G162: 2017 | H162: 2018 | I162: 2019 | J162: 2020 | K162: 2021
A163: Carbón | B163: 0 | C163: 0 | D163: 0 | E163: 0 | F163: 0 | G163: 0 | H163: 0 | I163: 0 | J163: 0 | K163: 0
A164: Petróleo | B164: 0 | C164: 0 | D164: 0 | E164: 0 | F164: 0 | G164: 0 | H164: 0 | I164: 0 | J164: 0 | K164: 0
A165: Condensados | B165: 0 | C165: 0 | D165: 0 | E165: 0 | F165: 0 | G165: 0 | H165: 0 | I165: 0 | J165: 0 | K165: 0
A166: Gas natural | B166: 0 | C166: 0 | D166: 0 | E166: 0 | F166: 0 | G166: 0 | H166: 0 | I166: 0 | J166: 0 | K166: 0
A167: Nuclear | B167: 0 | C167: 0 | D167: 0 | E167: 0 | F167: 0 | G167: 0 | H167: 0 | I167: 0 | J167: 0 | K167: 0
A168: Hidroenergía | B168: 0 | C168: 0 | D168: 0 | E168: 0 | F168: 0 | G168: 0 | H168: 0 | I168: 0 | J168: 0 | K168: 0
A169: Radiación solar | B169: 0 | C169: 0 | D169: 0 | E169: 0 | F169: 0 | G169: 0 | H169: 0 | I169: 0 | J169: 0 | K169: 0
A170: Energía eólica | B170: 0 | C170: 0 | D170: 0 | E170: 0 | F170: 0 | G170: 0 | H170: 0 | I170: 0 | J170: 0 | K170: 0
A171: Geoenergía | B171: 0 | C171: 0 | D171: 0 | E171: 0 | F171: 0 | G171: 0 | H171: 0 | I171: 0 | J171: 0 | K171: 0
A172: Bagazos | B172: 0 | C172: 0 | D172: 0 | E172: 0 | F172: 0 | G172: 0 | H172: 0 | I172: 0 | J172: 0 | K172: 0
A173: Leña | B173: 0 | C173: 0 | D173: 0 | E173: 0 | F173: 0 | G173: 0 | H173: 0 | I173: 0 | J173: 0 | K173: 0
A174: Biogás | B174: 0 | C174: 0 | D174: 0 | E174: 0 | F174: 0 | G174: 0 | H174: 0 | I174: 0 | J174: 0 | K174: 0
... A189: Hidrogeno | B189: 0 | C189: 0 | D189: 0 | E189: 0 | F189: 0 | G189: 0 | H189: 0 | I189: 0 | J189: 0 | K189: 0
A193: Res.UF7 | B193: Consumo final del sector Residencial para Lavadoras por energético e y año histórico ā (PJ)
B194: 2012 | C194: 2013 | D194: 2014 | E194: 2015 | F194: 2016 | G194: 2017 | H194: 2018 | I194: 2019 | J194: 2020 | K194: 2021
A195: Carbón | B195: 0 | C195: 0 | D195: 0 | E195: 0 | F195: 0 | G195: 0 | H195: 0 | I195: 0 | J195: 0 | K195: 0
A196: Petróleo | B196: 0 | C196: 0 | D196: 0 | E196: 0 | F196: 0 | G196: 0 | H196: 0 | I196: 0 | J196: 0 | K196: 0
A197: Condensados | B197: 0 | C197: 0 | D197: 0 | E197: 0 | F197: 0 | G197: 0 | H197: 0 | I197: 0 | J197: 0 | K197: 0
A198: Gas natural | B198: 0 | C198: 0 | D198: 0 | E198: 0 | F198: 0 | G198: 0 | H198: 0 | I198: 0 | J198: 0 | K198: 0
A199: Nuclear | B199: 0 | C199: 0 | D199: 0 | E199: 0 | F199: 0 | G199: 0 | H199: 0 | I199: 0 | J199: 0 | K199: 0
A200: Hidroenergía | B200: 0 | C200: 0 | D200: 0 | E200: 0 | F200: 0 | G200: 0 | H200: 0 | I200: 0 | J200: 0 | K200: 0
...

Sheet Pub
A1: Pub.UF1 | B1: Consumo final del sector Público para Alumbrado público por energético e y año histórico ā (PJ)
B2: 2012 | C2: 2013 | D2: 2014 | E2: 2015 | F2: 2016 | G2: 2017 | H2: 2018 | I2: 2019 | J2: 2020 | K2: 2021
A3: Carbón | B3: 0 | C3: 0 | D3: 0 | E3: 0 | F3: 0 | G3: 0 | H3: 0 | I3: 0 | J3: 0 | K3: 0
A4: Petróleo | B4: 0 | C4: 0 | D4: 0 | E4: 0 | F4: 0 | G4: 0 | H4: 0 | I4: 0 | J4: 0 | K4: 0
A5: Condensados | B5: 0 | C5: 0 | D5: 0 | E5: 0 | F5: 0 | G5: 0 | H5: 0 | I5: 0 | J5: 0 | K5: 0
A6: Gas natural | B6: 0 | C6: 0 | D6: 0 | E6: 0 | F6: 0 | G6: 0 | H6: 0 | I6: 0 | J6: 0 | K6: 0
A7: Nuclear | B7: 0 | C7: 0 | D7: 0 | E7: 0 | F7: 0 | G7: 0 | H7: 0 | I7: 0 | J7: 0 | K7: 0
A8: Hidroenergía | B8: 0 | C8: 0 | D8: 0 | E8: 0 | F8: 0 | G8: 0 | H8: 0 | I8: 0 | J8: 0 | K8: 0
A9: Radiación solar | B9: 0 | C9: 0 | D9: 0 | E9: 0 | F9: 0 | G9: 0 | H9: 0 | I9: 0 | J9: 0 | K9: 0
A10: Energía eólica | B10: 0 | C10: 0 | D10: 0 | E10: 0 | F10: 0 | G10: 0 | H10: 0 | I10: 0 | J10: 0 | K10: 0
A11: Geoenergía | B11: 0 | C11: 0 | D11: 0 | E11: 0 | F11: 0 | G11: 0 | H11: 0 | I11: 0 | J11: 0 | K11: 0
A12: Bagazos | B12: 0 | C12: 0 | D12: 0 | E12: 0 | F12: 0 | G12: 0 | H12: 0 | I12: 0 | J12: 0 | K12: 0
A13: Leña | B13: 0 | C13: 0 | D13: 0 | E13: 0 | F13: 0 | G13: 0 | H13: 0 | I13: 0 | J13: 0 | K13: 0
A14: Biogás | B14: 0 | C14: 0 | D14: 0 | E14: 0 | F14: 0 | G14: 0 | H14: 0 | I14: 0 | J14: 0 | K14: 0
... A29: Hidrogeno | B29: 0 | C29: 0 | D29: 0 | E29: 0 | F29: 0 | G29: 0 | H29: 0 | I29: 0 | J29: 0 | K29: 0
A33: Pub.UF2 | B33: Consumo final del sector Público para Bombeo de agua por energético e y año histórico ā (PJ)
B34: 2012 | C34: 2013 | D34: 2014 | E34: 2015 | F34: 2016 | G34: 2017 | H34: 2018 | I34: 2019 | J34: 2020 | K34: 2021
A35: Carbón | B35: 0 | C35: 0 | D35: 0 | E35: 0 | F35: 0 | G35: 0 | H35: 0 | I35: 0 | J35: 0 | K35: 0
A36: Petróleo | B36: 0 | C36: 0 | D36: 0 | E36: 0 | F36: 0 | G36: 0 | H36: 0 | I36: 0 | J36: 0 | K36: 0
A37: Condensados | B37: 0 | C37: 0 | D37: 0 | E37: 0 | F37: 0 | G37: 0 | H37: 0 | I37: 0 | J37: 0 | K37: 0
A38: Gas natural | B38: 0 | C38: 0 | D38: 0 | E38: 0 | F38: 0 | G38: 0 | H38: 0 | I38: 0 | J38: 0 | K38: 0
A39: Nuclear | B39: 0 | C39: 0 | D39: 0 | E39: 0 | F39: 0 | G39: 0 | H39: 0 | I39: 0 | J39: 0 | K39: 0
A40: Hidroenergía | B40: 0 | C40: 0 | D40: 0 | E40: 0 | F40: 0 | G40: 0 | H40: 0 | I40: 0 | J40: 0 | K40: 0
A41: Radiación solar | B41: 0 | C41: 0 | D41: 0 | E41: 0 | F41: 0 | G41: 0 | H41: 0 | I41: 0 | J41: 0 | K41: 0
A42: Energía eólica | B42: 0 | C42: 0 | D42: 0 | E42: 0 | F42: 0 | G42: 0 | H42: 0 | I42: 0 | J42: 0 | K42: 0
A43: Geoenergía | B43: 0 | C43: 0 | D43: 0 | E43: 0 | F43: 0 | G43: 0 | H43: 0 | I43: 0 | J43: 0 | K43: 0
A44: Bagazos | B44: 0 | C44: 0 | D44: 0 | E44: 0 | F44: 0 | G44: 0 | H44: 0 | I44: 0 | J44: 0 | K44: 0
A45: Leña | B45: 0 | C45: 0 | D45: 0 | E45: 0 | F45: 0 | G45: 0 | H45: 0 | I45: 0 | J45: 0 | K45: 0
A46: Biogás | B46: 0 | C46: 0 | D46: 0 | E46: 0 | F46: 0 | G46: 0 | H46: 0 | I46: 0 | J46: 0 | K46: 0
... A61: Hidrogeno | B61: 0 | C61: 0 | D61: 0 | E61: 0 | F61: 0 | G61: 0 | H61: 0 | I61: 0 | J61: 0 | K61: 0

Sheet Pob
B1: Población
A2: 1950 | B2: 26655054
A3: 1951 | B3: 27397996
A4: 1952 | B4: 28162168
A5: 1953 | B5: 28995019
A6: 1954 | B6: 29842856
A7: 1955 | B7: 30780789
A8: 1956 | B8: 31764383
A9: 1957 | B9: 32798480
A10: 1958 | B10: 33875705
A11: 1959 | B11: 35003402
A12: 1960 | B12: 36178954
A13: 1961 | B13: 37394012
... A122: 2070 | B122: 141440479

Sheet Viv
B1: Viviendas
A2: 1950 | B2: 5259208
A3: 1951 | B3: 5374197
A4: 1952 | B4: 5489186
A5: 1953 | B5: 5604174
A6: 1954 | B6: 5719163
A7: 1955 | B7: 5834152
A8: 1956 | B8: 5949141
A9: 1957 | B9: 6064130
A10: 1958 | B10: 6179118
A11: 1959 | B11: 6294107
A12: 1960 | B12: 6409096
A13: 1961 | B13: 6596823
... A72: 2020 | B72: 35233462

Sheet Pob&Viv
B1: Población | C1: Viviendas | D1: Per/Viv
A2: 1950 | B2: =Pob!B2 -> 26655054 | C2: =Viv!B2 -> 5259208 | D2: =B2/C2 -> 5.0682639
A3: 1951 | B3: =Pob!B3 -> 27397996 | C3: =Viv!B3 -> 5374197 | D3: =B3/C3 -> 5.0980632
A4: 1952 | B4: =Pob!B4 -> 28162168 | C4: =Viv!B4 -> 5489186 | D4: =B4/C4 -> 5.1304816
A5: 1953 | B5: =Pob!B5 -> 28995019 | C5: =Viv!B5 -> 5604174 | D5: =B5/C5 -> 5.1738256
A6: 1954 | B6: =Pob!B6 -> 29842856 | C6: =Viv!B6 -> 5719163 | D6: =B6/C6 -> 5.2180461
A7: 1955 | B7: =Pob!B7 -> 30780789 | C7: =Viv!B7 -> 5834152 | D7: =B7/C7 -> 5.2759662
A8: 1956 | B8: =Pob!B8 -> 31764383 | C8: =Viv!B8 -> 5949141 | D8: =B8/C8 -> 5.3393226
A9: 1957 | B9: =Pob!B9 -> 32798480 | C9: =Viv!B9 -> 6064130 | D9: =B9/C9 -> 5.4086044
A10: 1958 | B10: =Pob!B10 -> 33875705 | C10: =Viv!B10 -> 6179118 | D10: =B10/C10 -> 5.4822881
A11: 1959 | B11: =Pob!B11 -> 35003402 | C11: =Viv!B11 -> 6294107 | D11: =B11/C11 -> 5.5612976
A12: 1960 | B12: =Pob!B12 -> 36178954 | C12: =Viv!B12 -> 6409096 | D12: =B12/C12 -> 5.6449387
A13: 1961 | B13: =Pob!B13 -> 37394012 | C13: =Viv!B13 -> 6596823 | D13: =B13/C13 -> 5.668488
... A72: 2020 | B72: =Pob!B72 -> 127191826 | C72: =Viv!B72 -> 35233462 | D72: =B72/C72 -> 3.6099724
A73: 2021 | B73: =Pob!B73 -> 128389290 | C73: =B73/D73 -> 36065403 | D73: =((103.75-0.049575*A73)-(103.75-0.049575*A72))*(1-((A73-A$74)/100))+D72 -> 3.5599017
A74: 2022 | B74: =Pob!B74 -> 129960600 | C74: =B74/D74 -> 37022366 | D74: =((103.75-0.049575*A74)-(103.75-0.049575*A73))*(1-((A74-A$74)/100))+D73 -> 3.5103267
A75: 2023 | B75: =Pob!B75 -> 131135337 | C75: =B75/D75 -> 37886727 | D75: =((103.75-0.049575*A75)-(103.75-0.049575*A74))*(1-((A75-A$74)/100))+D74 -> 3.4612474
A76: 2024 | B76: =Pob!B76 -> 132274416 | C76: =B76/D76 -> 38759872 | D76: =((103.75-0.049575*A76)-(103.75-0.049575*A75))*(1-((A76-A$74)/100))+D75 -> 3.4126639
A77: 2025 | B77: =Pob!B77 -> 133367428 | C77: =B77/D77 -> 39638701 | D77: =((103.75-0.049575*A77)-(103.75-0.049575*A76))*(1-((A77-A$74)/100))+D76 -> 3.3645762
A78: 2026 | B78: =Pob!B78 -> 134407258 | C78: =B78/D78 -> 40520922 | D78: =((103.75-0.049575*A78)-(103.75-0.049575*A77))*(1-((A78-A$74)/100))+D77 -> 3.3169842
A79: 2027 | B79: =Pob!B79 -> 135391662 | C79: =B79/D79 -> 41405597 | D79: =((103.75-0.049575*A79)-(103.75-0.049575*A78))*(1-((A79-A$74)/100))+D78 -> 3.2698879
A80: 2028 | B80: =Pob!B80 -> 136321595 | C80: =B80/D80 -> 42292721 | D80: =((103.75-0.049575*A80)-(103.75-0.049575*A79))*(1-((A80-A$74)/100))+D79 -> 3.2232874
A81: 2029 | B81: =Pob!B81 -> 137200808 | C81: =B81/D81 -> 43183166 | D81: =((103.75-0.049575*A81)-(103.75-0.049575*A80))*(1-((A81-A$74)/100))+D80 -> 3.1771827
A82: 2030 | B82: =Pob!B82 -> 138033990 | C82: =B82/D82 -> 44078155 | D82: =((103.75-0.049575*A82)-(103.75-0.049575*A81))*(1-((A82-A$74)/100))+D81 -> 3.1315737
A83: 2031 | B83: =Pob!B83 -> 138825843 | C83: =B83/D83 -> 44978981 | D83: =((103.75-0.049575*A83)-(103.75-0.049575*A82))*(1-((A83-A$74)/100))+D82 -> 3.0864604
A84: 2032 | B84: =Pob!B84 -> 139580548 | C84: =B84/D84 -> 45886836 | D84: =((103.75-0.049575*A84)-(103.75-0.049575*A83))*(1-((A84-A$74)/100))+D83 -> 3.0418429
... A122: 2070 | B122: =Pob!B122 -> 141440479 | C122: =B122/D122 -> 82533765 | D122: =((103.75-0.049575*A122)-(103.75-0.049575*A121))*(1-((A122-A$74)/100))+D121 -> 1.7137287

Sheet P.Res
A2: Residencial
A3: Energético | D3: 2013 | E3: 2014 | F3: 2015 | G3: 2016 | H3: 2017 | I3: 2018 | J3: 2019 | K3: 2020 | L3: 2021 | M3: 2022 | N3: 2023 | O3: 2024 | P3: 2025 | Q3: 2026 | R3: 2027 | S3: 2028 | T3: 2029 | U3: 2030 | V3: 2031 | W3: 2032 | X3: 2033 | Y3: 2034 | Z3: 2035 | AA3: 2036 | AB3: 2037 | AC3: 2038 | AD3: 2039 | AE3: 2040 | AF3: 2041 | AG3: 2042 | AH3: 2043 | AI3: 2044 | AJ3: 2045 | AK3: 2046 | AL3: 2047 | AM3: 2048 | AN3: 2049 | AO3: 2050 | AP3: 2051 | AQ3: 2052 | AR3: 2053 | AS3: 2054 | AT3: 2055 | AU3: 2056 | AV3: 2057 | AW3: 2058 | AX3: 2059 | AY3: 2060 | AZ3: 2061 | BA3: 2062 | BB3: 2063 | BC3: 2064 | BD3: 2065 | BE3: 2066 | BF3: 2067 | BG3: 2068 | BH3: 2069 | BI3: 2070
C4: Radiación solar | D4: =Res!C9+Res!C41+Res!C73+Res!C105+Res!C137+Res!C169+Res!C201+Res!C233+Res!C265+Res!C297 -> 4.04 | E4: =Res!D9+Res!D41+Res!D73+Res!D105+Res!D137+Res!D169+Res!D201+Res!D233+Res!D265+Res!D297 -> 4.53 | F4: =Res!E9+Res!E41+Res!E73+Res!E105+Res!E137+Res!E169+Res!E201+Res!E233+Res!E265+Res!E297 -> 5.29 | G4: =Res!F9+Res!F41+Res!F73+Res!F105+Res!F137+Res!F169+Res!F201+Res!F233+Res!F265+Res!F297 -> 6.1 | H4: =Res!G9+Res!G41+Res!G73+Res!G105+Res!G137+Res!G169+Res!G201+Res!G233+Res!G265+Res!G297 -> 6.42 | I4: =Res!H9+Res!H41+Res!H73+Res!H105+Res!H137+Res!H169+Res!H201+Res!H233+Res!H265+Res!H297 -> 7.11 | J4: =Res!I9+Res!I41+Res!I73+Res!I105+Res!I137+Res!I169+Res!I201+Res!I233+Res!I265+Res!I297 -> 7.89 | K4: =Res!J9+Res!J41+Res!J73+Res!J105+Res!J137+Res!J169+Res!J201+Res!J233+Res!J265+Res!J297 -> 9.01 | L4: =Res!K9+Res!K41+Res!K73+Res!K105+Res!K137+Res!K169+Res!K201+Res!K233+Res!K265+Res!K297 -> 10.69 | M4: =L4+L4-K4 -> 12.37 | N4: =M4+M4-L4 -> 14.05
C5: Leña | D5: =Res!C13+Res!C45+Res!C77+Res!C109+Res!C141+Res!C173+Res!C205+Res!C237+Res!C269+Res!C301 -> 331.84 | E5: =Res!D13+Res!D45+Res!D77+Res!D109+Res!D141+Res!D173+Res!D205+Res!D237+Res!D269+Res!D301 -> 330.21 | F5: =Res!E13+Res!E45+Res!E77+Res!E109+Res!E141+Res!E173+Res!E205+Res!E237+Res!E269+Res!E301 -> 328.57 | G5: =Res!F13+Res!F45+Res!F77+Res!F109+Res!F141+Res!F173+Res!F205+Res!F237+Res!F269+Res!F301 -> 326.93 | H5: =Res!G13+Res!G45+Res!G77+Res!G109+Res!G141+Res!G173+Res!G205+Res!G237+Res!G269+Res!G301 -> 325.29 | I5: =Res!H13+Res!H45+Res!H77+Res!H109+Res!H141+Res!H173+Res!H205+Res!H237+Res!H269+Res!H301 -> 323.68 | J5: =Res!I13+Res!I45+Res!I77+Res!I109+Res!I141+Res!I173+Res!I205+Res!I237+Res!I269+Res!I301 -> 322.04 | K5: =Res!J13+Res!J45+Res!J77+Res!J109+Res!J141+Res!J173+Res!J205+Res!J237+Res!J269+Res!J301 -> 320.4 | L5: =Res!K13+Res!K45+Res!K77+Res!K109+Res!K141+Res!K173+Res!K205+Res!K237+Res!K269+Res!K301 -> 319.07 | M5: =L5+L5-K5 -> 317.74 | N5: =M5+M5-L5 -> 316.41
C6: Carbón vegetal | D6: =Res!C17+Res!C49+Res!C81+Res!C113+Res!C145+Res!C177+Res!C209+Res!C241+Res!C273+Res!C305 -> 71.16 | E6: =Res!D17+Res!D49+Res!D81+Res!D113+Res!D145+Res!D177+Res!D209+Res!D241+Res!D273+Res!D305 -> 71.89 | F6: =Res!E17+Res!E49+Res!E81+Res!E113+Res!E145+Res!E177+Res!E209+Res!E241+Res!E273+Res!E305 -> 72.63 | G6: =Res!F17+Res!F49+Res!F81+Res!F113+Res!F145+Res!F177+Res!F209+Res!F241+Res!F273+Res!F305 -> 73.36 | H6: =Res!G17+Res!G49+Res!G81+Res!G113+Res!G145+Res!G177+Res!G209+Res!G241+Res!G273+Res!G305 -> 74.09 | I6: =Res!H17+Res!H49+Res!H81+Res!H113+Res!H145+Res!H177+Res!H209+Res!H241+Res!H273+Res!H305 -> 74.83 | J6: =Res!I17+Res!I49+Res!I81+Res!I113+Res!I145+Res!I177+Res!I209+Res!I241+Res!I273+Res!I305 -> 75.56 | K6: =Res!J17+Res!J49+Res!J81+Res!J113+Res!J145+Res!J177+Res!J209+Res!J241+Res!J273+Res!J305 -> 76.31 | L6: =Res!K17+Res!K49+Res!K81+Res!K113+Res!K145+Res!K177+Res!K209+Res!K241+Res!K273+Res!K305 -> 77.04 | M6: =L6+L6-K6 -> 77.77 | N6: =M6+M6-L6 -> 78.5
C7: BCS Procesados | D7: =Res!C18+Res!C50+Res!C82+Res!C114+Res!C146+Res!C178+Res!C210+Res!C242+Res!C274+Res!C306 -> 20.51 | E7: =Res!D18+Res!D50+Res!D82+Res!D114+Res!D146+Res!D178+Res!D210+Res!D242+Res!D274+Res!D306 -> 20.4 | F7: =Res!E18+Res!E50+Res!E82+Res!E114+Res!E146+Res!E178+Res!E210+Res!E242+Res!E274+Res!E306 -> 20.31 | G7: =Res!F18+Res!F50+Res!F82+Res!F114+Res!F146+Res!F178+Res!F210+Res!F242+Res!F274+Res!F306 -> 20.2 | H7: =Res!G18+Res!G50+Res!G82+Res!G114+Res!G146+Res!G178+Res!G210+Res!G242+Res!G274+Res!G306 -> 20.11 | I7: =Res!H18+Res!H50+Res!H82+Res!H114+Res!H146+Res!H178+Res!H210+Res!H242+Res!H274+Res!H306 -> 20 | J7: =Res!I18+Res!I50+Res!I82+Res!I114+Res!I146+Res!I178+Res!I210+Res!I242+Res!I274+Res!I306 -> 19.91 | K7: =Res!J18+Res!J50+Res!J82+Res!J114+Res!J146+Res!J178+Res!J210+Res!J242+Res!J274+Res!J306 -> 19.8 | L7: =Res!K18+Res!K50+Res!K82+Res!K114+Res!K146+Res!K178+Res!K210+Res!K242+Res!K274+Res!K306 -> 19.72 | M7: =L7+L7-K7 -> 19.64 | N7: =M7+M7-L7 -> 19.56
C8: Gas licuado de petróleo | D8: ='Cuadro A.15'!B17 -> 256.96 | E8: ='Cuadro A.15'!C17 -> 257.11 | F8: ='Cuadro A.15'!D17 -> 253.39 | G8: ='Cuadro A.15'!E17 -> 247.54 | H8: ='Cuadro A.15'!F17 -> 246.45 | I8: ='Cuadro A.15'!G17 -> 246.45 | J8: ='Cuadro A.15'!H17 -> 231.04 | K8: ='Cuadro A.15'!I17 -> 289.54 | ... N8: ='Cuadro A.15'!L17 -> 224.57
C9: Gas seco | D9: ='Cuadro A.15'!B19 -> 33.8 | E9: ='Cuadro A.15'!C19 -> 39.86 | F9: ='Cuadro A.15'!D19 -> 37.43 | G9: ='Cuadro A.15'!E19 -> 37.45 | H9: ='Cuadro A.15'!F19 -> 35.48 | I9: ='Cuadro A.15'!G19 -> 30.16 | J9: ='Cuadro A.15'!H19 -> 29.94 | K9: ='Cuadro A.15'!I19 -> 25.95 | ... N9: ='Cuadro A.15'!L19 -> 26
C10: Electricidad | D10: ='Cuadro A.15'!B20 -> 191.14 | E10: ='Cuadro A.15'!C20 -> 196.62 | F10: ='Cuadro A.15'!D20 -> 203.75 | G10: ='Cuadro A.15'!E20 -> 212.28 | H10: ='Cuadro A.15'!F20 -> 212.95 | I10: ='Cuadro A.15'!G20 -> 227.8 | J10: ='Cuadro A.15'!H20 -> 232.15 | K10: ='Cuadro A.15'!I20 -> 260.1 | ... N10: ='Cuadro A.15'!L20 -> 271.63
D11: =SUM(D4:D10) -> 909.45 | E11: =SUM(E4:E10) -> 920.62 | F11: =SUM(F4:F10) -> 921.37 | G11: =SUM(G4:G10) -> 923.86 | H11: =SUM(H4:H10) -> 920.79 | I11: =SUM(I4:I10) -> 930.03 | J11: =SUM(J4:J10) -> 918.53 | K11: =SUM(K4:K10) -> 1001.11 | ... N11: =SUM(N4:N10) -> 950.72
A13: Usos finales | D13: 2013 | E13: 2014 | F13: 2015 | G13: 2016 | H13: 2017 | I13: 2018 | J13: 2019 | K13: 2020 | L13: 2021 | M13: 2022 | N13: 2023
C14: Iluminación | D14: =D28 -> 20.862711 | E14: =E28 -> 21.460299 | F14: =F28 -> 22.232638 | G14: =G28 -> 23.166443 | H14: =H28 -> 23.235293 | I14: =I28 -> 24.857739 | J14: =J28 -> 25.330589 | K14: =K28 -> 28.385165 | ... N14: =N28 -> 29.644898
C15: Otros | D15: =D30 -> 0 | E15: =E30 -> 0 | F15: =F30 -> 0 | G15: =G30 -> 0 | H15: =H30 -> 0 | I15: =I30 -> 0 | J15: =J30 -> 0 | K15: =K30 -> 0 | ... N15: =N30 -> 0
C16: Stand by | D16: =D32 -> 13.578529 | E16: =E32 -> 13.972673 | F16: =F32 -> 14.483928 | G16: =G32 -> 15.089598 | H16: =H32 -> 15.139107 | I16: =I32 -> 16.191857 | J16: =J32 -> 16.502332 | K16: =K32 -> 18.482156 | ... N16: =N32 -> 19.303655
C17: Climatización | D17: =D34 -> 51.420746 | E17: =E34 -> 52.895641 | F17: =F34 -> 54.818269 | G17: =G34 -> 57.114833 | H17: =H34 -> 57.295111 | I17: =I34 -> 61.282941 | J17: =J34 -> 62.448559 | K17: =K34 -> 69.982994 | ... N17: =N34 -> 73.078122
C18: Lavadoras | D18: =D36 -> 14.796789 | E18: =E36 -> 15.21638 | F18: =F36 -> 15.766827 | G18: =G36 -> 16.435739 | H18: =H36 -> 16.484241 | I18: =I36 -> 17.629694 | J18: =J36 -> 17.975755 | K18: =K36 -> 20.130494 | ... N18: =N36 -> 21.027195
C19: Microondas | D19: =D38 -> 4.3654335 | E19: =E38 -> 4.492576 | F19: =F38 -> 4.6569229 | G19: =G38 -> 4.846107 | H19: =H38 -> 4.8602497 | I19: =I38 -> 5.2073013 | J19: =J38 -> 5.3043212 | K19: =K38 -> 5.9444012 | ... N19: =N38 -> 6.2047462
C20: Televisión | D20: =D40 -> 44.390368 | E20: =E40 -> 45.661832 | F20: =F40 -> 47.313311 | G20: =G40 -> 49.294395 | H20: =H40 -> 49.452723 | I20: =I40 -> 52.902036 | J20: =J40 -> 53.914987 | K20: =K40 -> 60.404461 | ... N20: =N40 -> 63.081586
C21: Refrigeración | D21: =D42 -> 41.725423 | E21: =E42 -> 42.920599 | F21: =F42 -> 44.478104 | G21: =G42 -> 46.332886 | H21: =H42 -> 46.483276 | I21: =I42 -> 49.728432 | J21: =J42 -> 50.673457 | K21: =K42 -> 56.770329 | ... N21: =N42 -> 59.289797
C22: Calentamiento de agua | D22: =SUM(D44:D49) -> 182.61 | E22: =SUM(E44:E49) -> 184.39745 | F22: =SUM(F44:F49) -> 183.44829 | G22: =SUM(G44:G49) -> 182.47234 | H22: =SUM(H44:H49) -> 181.78172 | I22: =SUM(I44:I49) -> 180.89318 | J22: =SUM(J44:J49) -> 177.38009 | K22: =SUM(K44:K49) -> 192.5006 | ... N22: =SUM(N44:N49) -> 177.63302
C23: Cocción de alimentos | D23: =SUM(D52:D56) -> 535.7 | E23: =SUM(E52:E56) -> 539.60255 | F23: =SUM(F52:F56) -> 534.17171 | G23: =SUM(G52:G56) -> 529.10766 | H23: =SUM(H52:H56) -> 526.05828 | I23: =SUM(I52:I56) -> 521.33682 | J23: =SUM(J52:J56) -> 508.99991 | K23: =SUM(K52:K56) -> 548.5094 | ... N23: =SUM(N52:N56) -> 501.45698
D24: =SUM(D14:D23) -> 909.45 | E24: =SUM(E14:E23) -> 920.62 | F24: =SUM(F14:F23) -> 921.37 | G24: =SUM(G14:G23) -> 923.86 | H24: =SUM(H14:H23) -> 920.79 | I24: =SUM(I14:I23) -> 930.03 | J24: =SUM(J14:J23) -> 918.53 | K24: =SUM(K14:K23) -> 1001.11 | ... N24: =SUM(N14:N23) -> 950.72
A26: Usos finales y energético | D26: 2013 | E26: 2014 | F26: 2015 | G26: 2016 | H26: 2017 | I26: 2018 | J26: 2019 | K26: 2020 | L26: 2021 | M26: 2022 | N26: 2023
B27: Iluminación
C28: Electricidad | D28: =D$10*Res!C28/(Res!C$28+Res!C$60+Res!C$92+Res!C$124+Res!C$156+Res!C$188+Res!C$220+Res!C$252+Res!C$284+Res!C$316) -> 20.862711 | E28: =E$10*Res!D28/(Res!D$28+Res!D$60+Res!D$92+Res!D$124+Res!D$156+Res!D$188+Res!D$220+Res!D$252+Res!D$284+Res!D$316) -> 21.460299 | F28: =F$10*Res!E28/(Res!E$28+Res!E$60+Res!E$92+Res!E$124+Res!E$156+Res!E$188+Res!E$220+Res!E$252+Res!E$284+Res!E$316) -> 22.232638 | G28: =G$10*Res!F28/(Res!F$28+Res!F$60+Res!F$92+Res!F$124+Res!F$156+Res!F$188+Res!F$220+Res!F$252+Res!F$284+Res!F$316) -> 23.166443 | H28: =H$10*Res!G28/(Res!G$28+Res!G$60+Res!G$92+Res!G$124+Res!G$156+Res!G$188+Res!G$220+Res!G$252+Res!G$284+Res!G$316) -> 23.235293 | I28: =I$10*Res!H28/(Res!H$28+Res!H$60+Res!H$92+Res!H$124+Res!H$156+Res!H$188+Res!H$220+Res!H$252+Res!H$284+Res!H$316) -> 24.857739 | J28: =J$10*Res!I28/(Res!I$28+Res!I$60+Res!I$92+Res!I$124+Res!I$156+Res!I$188+Res!I$220+Res!I$252+Res!I$284+Res!I$316) -> 25.330589 | K28: =K$10*Res!J28/(Res!J$28+Res!J$60+Res!J$92+Res!J$124+Res!J$156+Res!J$188+Res!J$220+Res!J$252+Res!J$284+Res!J$316) -> 28.385165 | L28: =L$10*Res!K28/(Res!K$28+Res!K$60+Res!K$92+Res!K$124+Res!K$156+Res!K$188+Res!K$220+Res!K$252+Res!K$284+Res!K$316) -> 27.290812 | M28: =L28/L$10*M$10 -> 28.911497 | N28: =M28/M$10*N$10 -> 29.644898
B29: Otros
C30: Electricidad | D30: =D$10*Res!C316/(Res!C$28+Res!C$60+Res!C$92+Res!C$124+Res!C$156+Res!C$188+Res!C$220+Res!C$252+Res!C$284+Res!C$316) -> 0 | E30: =E$10*Res!D316/(Res!D$28+Res!D$60+Res!D$92+Res!D$124+Res!D$156+Res!D$188+Res!D$220+Res!D$252+Res!D$284+Res!D$316) -> 0 | F30: =F$10*Res!E316/(Res!E$28+Res!E$60+Res!E$92+Res!E$124+Res!E$156+Res!E$188+Res!E$220+Res!E$252+Res!E$284+Res!E$316) -> 0 | G30: =G$10*Res!F316/(Res!F$28+Res!F$60+Res!F$92+Res!F$124+Res!F$156+Res!F$188+Res!F$220+Res!F$252+Res!F$284+Res!F$316) -> 0 | H30: =H$10*Res!G316/(Res!G$28+Res!G$60+Res!G$92+Res!G$124+Res!G$156+Res!G$188+Res!G$220+Res!G$252+Res!G$284+Res!G$316) -> 0 | I30: =I$10*Res!H316/(Res!H$28+Res!H$60+Res!H$92+Res!H$124+Res!H$156+Res!H$188+Res!H$220+Res!H$252+Res!H$284+Res!H$316) -> 0 | J30: =J$10*Res!I316/(Res!I$28+Res!I$60+Res!I$92+Res!I$124+Res!I$156+Res!I$188+Res!I$220+Res!I$252+Res!I$284+Res!I$316) -> 0 | K30: =K$10*Res!J316/(Res!J$28+Res!J$60+Res!J$92+Res!J$124+Res!J$156+Res!J$188+Res!J$220+Res!J$252+Res!J$284+Res!J$316) -> 0 | L30: =L$10*Res!K316/(Res!K$28+Res!K$60+Res!K$92+Res!K$124+Res!K$156+Res!K$188+Res!K$220+Res!K$252+Res!K$284+Res!K$316) -> 0 | M30: =L30/L$10*M$10 -> 0 | N30: =M30/M$10*N$10 -> 0
B31: Stand by
C32: Electricidad | D32: =D$10*Res!C188/(Res!C$28+Res!C$60+Res!C$92+Res!C$124+Res!C$156+Res!C$188+Res!C$220+Res!C$252+Res!C$284+Res!C$316) -> 13.578529 | E32: =E$10*Res!D188/(Res!D$28+Res!D$60+Res!D$92+Res!D$124+Res!D$156+Res!D$188+Res!D$220+Res!D$252+Res!D$284+Res!D$316) -> 13.972673 | F32: =F$10*Res!E188/(Res!E$28+Res!E$60+Res!E$92+Res!E$124+Res!E$156+Res!E$188+Res!E$220+Res!E$252+Res!E$284+Res!E$316) -> 14.483928 | G32: =G$10*Res!F188/(Res!F$28+Res!F$60+Res!F$92+Res!F$124+Res!F$156+Res!F$188+Res!F$220+Res!F$252+Res!F$284+Res!F$316) -> 15.089598 | H32: =H$10*Res!G188/(Res!G$28+Res!G$60+Res!G$92+Res!G$124+Res!G$156+Res!G$188+Res!G$220+Res!G$252+Res!G$284+Res!G$316) -> 15.139107 | I32: =I$10*Res!H188/(Res!H$28+Res!H$60+Res!H$92+Res!H$124+Res!H$156+Res!H$188+Res!H$220+Res!H$252+Res!H$284+Res!H$316) -> 16.191857 | J32: =J$10*Res!I188/(Res!I$28+Res!I$60+Res!I$92+Res!I$124+Res!I$156+Res!I$188+Res!I$220+Res!I$252+Res!I$284+Res!I$316) -> 16.502332 | K32: =K$10*Res!J188/(Res!J$28+Res!J$60+Res!J$92+Res!J$124+Res!J$156+Res!J$188+Res!J$220+Res!J$252+Res!J$284+Res!J$316) -> 18.482156 | L32: =L$10*Res!K188/(Res!K$28+Res!K$60+Res!K$92+Res!K$124+Res!K$156+Res!K$188+Res!K$220+Res!K$252+Res!K$284+Res!K$316) -> 17.770761 | M32: =L32/L$10*M$10 -> 18.826091 | N32: =M32/M$10*N$10 -> 19.303655
B33: Climatización
C34: Electricidad | D34: =D$10*Res!C60/(Res!C$28+Res!C$60+Res!C$92+Res!C$124+Res!C$156+Res!C$188+Res!C$220+Res!C$252+Res!C$284+Res!C$316) -> 51.420746 | E34: =E$10*Res!D60/(Res!D$28+Res!D$60+Res!D$92+Res!D$124+Res!D$156+Res!D$188+Res!D$220+Res!D$252+Res!D$284+Res!D$316) -> 52.895641 | F34: =F$10*Res!E60/(Res!E$28+Res!E$60+Res!E$92+Res!E$124+Res!E$156+Res!E$188+Res!E$220+Res!E$252+Res!E$284+Res!E$316) -> 54.818269 | G34: =G$10*Res!F60/(Res!F$28+Res!F$60+Res!F$92+Res!F$124+Res!F$156+Res!F$188+Res!F$220+Res!F$252+Res!F$284+Res!F$316) -> 57.114833 | H34: =H$10*Res!G60/(Res!G$28+Res!G$60+Res!G$92+Res!G$124+Res!G$156+Res!G$188+Res!G$220+Res!G$252+Res!G$284+Res!G$316) -> 57.295111 | I34: =I$10*Res!H60/(Res!H$28+Res!H$60+Res!H$92+Res!H$124+Res!H$156+Res!H$188+Res!H$220+Res!H$252+Res!H$284+Res!H$316) -> 61.282941 | J34: =J$10*Res!I60/(Res!I$28+Res!I$60+Res!I$92+Res!I$124+Res!I$156+Res!I$188+Res!I$220+Res!I$252+Res!I$284+Res!I$316) -> 62.448559 | K34: =K$10*Res!J60/(Res!J$28+Res!J$60+Res!J$92+Res!J$124+Res!J$156+Res!J$188+Res!J$220+Res!J$252+Res!J$284+Res!J$316) -> 69.982994 | L34: =L$10*Res!K60/(Res!K$28+Res!K$60+Res!K$92+Res!K$124+Res!K$156+Res!K$188+Res!K$220+Res!K$252+Res!K$284+Res!K$316) -> 67.275025 | M34: =L34/L$10*M$10 -> 71.270203 | N34: =M34/M$10*N$10 -> 73.078122
B35: Lavadoras
C36: Electricidad | D36: =D$10*Res!C220/(Res!C$28+Res!C$60+Res!C$92+Res!C$124+Res!C$156+Res!C$188+Res!C$220+Res!C$252+Res!C$284+Res!C$316) -> 14.796789 | E36: =E$10*Res!D220/(Res!D$28+Res!D$60+Res!D$92+Res!D$124+Res!D$156+Res!D$188+Res!D$220+Res!D$252+Res!D$284+Res!D$316) -> 15.21638 | F36: =F$10*Res!E220/(Res!E$28+Res!E$60+Res!E$92+Res!E$124+Res!E$156+Res!E$188+Res!E$220+Res!E$252+Res!E$284+Res!E$316) -> 15.766827 | G36: =G$10*Res!F220/(Res!F$28+Res!F$60+Res!F$92+Res!F$124+Res!F$156+Res!F$188+Res!F$220+Res!F$252+Res!F$284+Res!F$316) -> 16.435739 | H36: =H$10*Res!G220/(Res!G$28+Res!G$60+Res!G$92+Res!G$124+Res!G$156+Res!G$188+Res!G$220+Res!G$252+Res!G$284+Res!G$316) -> 16.484241 | I36: =I$10*Res!H220/(Res!H$28+Res!H$60+Res!H$92+Res!H$124+Res!H$156+Res!H$188+Res!H$220+Res!H$252+Res!H$284+Res!H$316) -> 17.629694 | J36: =J$10*Res!I220/(Res!I$28+Res!I$60+Res!I$92+Res!I$124+Res!I$156+Res!I$188+Res!I$220+Res!I$252+Res!I$284+Res!I$316) -> 17.975755 | K36: =K$10*Res!J220/(Res!J$28+Res!J$60+Res!J$92+Res!J$124+Res!J$156+Res!J$188+Res!J$220+Res!J$252+Res!J$284+Res!J$316) -> 20.130494 | L36: =L$10*Res!K220/(Res!K$28+Res!K$60+Res!K$92+Res!K$124+Res!K$156+Res!K$188+Res!K$220+Res!K$252+Res!K$284+Res!K$316) -> 19.357437 | M36: =L36/L$10*M$10 -> 20.506992 | N36: =M36/M$10*N$10 -> 21.027195
B37: Microondas
C38: Electricidad | D38: =D$10*Res!C252/(Res!C$28+Res!C$60+Res!C$92+Res!C$124+Res!C$156+Res!C$188+Res!C$220+Res!C$252+Res!C$284+Res!C$316) -> 4.3654335 | E38: =E$10*Res!D252/(Res!D$28+Res!D$60+Res!D$92+Res!D$124+Res!D$156+Res!D$188+Res!D$220+Res!D$252+Res!D$284+Res!D$316) -> 4.492576 | F38: =F$10*Res!E252/(Res!E$28+Res!E$60+Res!E$92+Res!E$124+Res!E$156+Res!E$188+Res!E$220+Res!E$252+Res!E$284+Res!E$316) -> 4.6569229 | G38: =G$10*Res!F252/(Res!F$28+Res!F$60+Res!F$92+Res!F$124+Res!F$156+Res!F$188+Res!F$220+Res!F$252+Res!F$284+Res!F$316) -> 4.846107 | H38: =H$10*Res!G252/(Res!G$28+Res!G$60+Res!G$92+Res!G$124+Res!G$156+Res!G$188+Res!G$220+Res!G$252+Res!G$284+Res!G$316) -> 4.8602497 | I38: =I$10*Res!H252/(Res!H$28+Res!H$60+Res!H$92+Res!H$124+Res!H$156+Res!H$188+Res!H$220+Res!H$252+Res!H$284+Res!H$316) -> 5.2073013 | J38: =J$10*Res!I252/(Res!I$28+Res!I$60+Res!I$92+Res!I$124+Res!I$156+Res!I$188+Res!I$220+Res!I$252+Res!I$284+Res!I$316) -> 5.3043212 | K38: =K$10*Res!J252/(Res!J$28+Res!J$60+Res!J$92+Res!J$124+Res!J$156+Res!J$188+Res!J$220+Res!J$252+Res!J$284+Res!J$316) -> 5.9444012 | L38: =L$10*Res!K252/(Res!K$28+Res!K$60+Res!K$92+Res!K$124+Res!K$156+Res!K$188+Res!K$220+Res!K$252+Res!K$284+Res!K$316) -> 5.7120305 | M38: =L38/L$10*M$10 -> 6.0512437 | N38: =M38/M$10*N$10 -> 6.2047462
B39: Televisión
C40: Electricidad | D40: =D$10*Res!C284/(Res!C$28+Res!C$60+Res!C$92+Res!C$124+Res!C$156+Res!C$188+Res!C$220+Res!C$252+Res!C$284+Res!C$316) -> 44.390368 | E40: =E$10*Res!D284/(Res!D$28+Res!D$60+Res!D$92+Res!D$124+Res!D$156+Res!D$188+Res!D$220+Res!D$252+Res!D$284+Res!D$316) -> 45.661832 | F40: =F$10*Res!E284/(Res!E$28+Res!E$60+Res!E$92+Res!E$124+Res!E$156+Res!E$188+Res!E$220+Res!E$252+Res!E$284+Res!E$316) -> 47.313311 | G40: =G$10*Res!F284/(Res!F$28+Res!F$60+Res!F$92+Res!F$124+Res!F$156+Res!F$188+Res!F$220+Res!F$252+Res!F$284+Res!F$316) -> 49.294395 | H40: =H$10*Res!G284/(Res!G$28+Res!G$60+Res!G$92+Res!G$124+Res!G$156+Res!G$188+Res!G$220+Res!G$252+Res!G$284+Res!G$316) -> 49.452723 | I40: =I$10*Res!H284/(Res!H$28+Res!H$60+Res!H$92+Res!H$124+Res!H$156+Res!H$188+Res!H$220+Res!H$252+Res!H$284+Res!H$316) -> 52.902036 | J40: =J$10*Res!I284/(Res!I$28+Res!I$60+Res!I$92+Res!I$124+Res!I$156+Res!I$188+Res!I$220+Res!I$252+Res!I$284+Res!I$316) -> 53.914987 | K40: =K$10*Res!J284/(Res!J$28+Res!J$60+Res!J$92+Res!J$124+Res!J$156+Res!J$188+Res!J$220+Res!J$252+Res!J$284+Res!J$316) -> 60.404461 | L40: =L$10*Res!K284/(Res!K$28+Res!K$60+Res!K$92+Res!K$124+Res!K$156+Res!K$188+Res!K$220+Res!K$252+Res!K$284+Res!K$316) -> 58.07231 | M40: =L40/L$10*M$10 -> 61.520977 | N40: =M40/M$10*N$10 -> 63.081586
B41: Refrigeración
C42: Electricidad | D42: =D$10*Res!C92/(Res!C$28+Res!C$60+Res!C$92+Res!C$124+Res!C$156+Res!C$188+Res!C$220+Res!C$252+Res!C$284+Res!C$316) -> 41.725423 | E42: =E$10*Res!D92/(Res!D$28+Res!D$60+Res!D$92+Res!D$124+Res!D$156+Res!D$188+Res!D$220+Res!D$252+Res!D$284+Res!D$316) -> 42.920599 | F42: =F$10*Res!E92/(Res!E$28+Res!E$60+Res!E$92+Res!E$124+Res!E$156+Res!E$188+Res!E$220+Res!E$252+Res!E$284+Res!E$316) -> 44.478104 | G42: =G$10*Res!F92/(Res!F$28+Res!F$60+Res!F$92+Res!F$124+Res!F$156+Res!F$188+Res!F$220+Res!F$252+Res!F$284+Res!F$316) -> 46.332886 | H42: =H$10*Res!G92/(Res!G$28+Res!G$60+Res!G$92+Res!G$124+Res!G$156+Res!G$188+Res!G$220+Res!G$252+Res!G$284+Res!G$316) -> 46.483276 | I42: =I$10*Res!H92/(Res!H$28+Res!H$60+Res!H$92+Res!H$124+Res!H$156+Res!H$188+Res!H$220+Res!H$252+Res!H$284+Res!H$316) -> 49.728432 | J42: =J$10*Res!I92/(Res!I$28+Res!I$60+Res!I$92+Res!I$124+Res!I$156+Res!I$188+Res!I$220+Res!I$252+Res!I$284+Res!I$316) -> 50.673457 | K42: =K$10*Res!J92/(Res!J$28+Res!J$60+Res!J$92+Res!J$124+Res!J$156+Res!J$188+Res!J$220+Res!J$252+Res!J$284+Res!J$316) -> 56.770329 | L42: =L$10*Res!K92/(Res!K$28+Res!K$60+Res!K$92+Res!K$124+Res!K$156+Res!K$188+Res!K$220+Res!K$252+Res!K$284+Res!K$316) -> 54.581624 | M42: =L42/L$10*M$10 -> 57.822995 | N42: =M42/M$10*N$10 -> 59.289797
B43: Calentamiento de agua
C44: Radiación solar | D44: =D4 -> 4.04 | E44: =E4 -> 4.53 | F44: =F4 -> 5.29 | G44: =G4 -> 6.1 | H44: =H4 -> 6.42 | I44: =I4 -> 7.11 | J44: =J4 -> 7.89 | K44: =K4 -> 9.01 | ... N44: =N4 -> 14.05
C45: Leña | D45: =(D$66/(D$66+D$65))*D5 -> 82.961161 | E45: =(E$66/(E$66+E$65))*E5 -> 82.552478 | F45: =(F$66/(F$66+F$65))*F5 -> 82.177458 | G45: =(G$66/(G$66+G$65))*G5 -> 81.733585 | H45: =(H$66/(H$66+H$65))*H5 -> 81.325615 | I45: =(I$66/(I$66+I$65))*I5 -> 80.921483 | J45: =(J$66/(J$66+J$65))*J5 -> 80.447152 | K45: =(K$66/(K$66+K$65))*K5 -> 80.314739 | L45: =($L$66/($L$66+$L$65))*L5 -> 79.770898 | M45: =M5*M$66/(M$66+M$65) -> 78.890238 | N45: =N5*N$66/(N$66+N$65) -> 77.828857
C46: Carbón vegetal | D46: =(D$66/(D$66+D$65))*D6 -> 17.790249 | E46: =(E$66/(E$66+E$65))*E6 -> 17.972495 | F46: =(F$66/(F$66+F$65))*F6 -> 18.165227 | G46: =(G$66/(G$66+G$65))*G6 -> 18.340244 | H46: =(H$66/(H$66+H$65))*H6 -> 18.523209 | I46: =(I$66/(I$66+I$65))*I6 -> 18.707843 | J46: =(J$66/(J$66+J$65))*J6 -> 18.875254 | K46: =(K$66/(K$66+K$65))*K6 -> 19.128645 | L46: =($L$66/($L$66+$L$65))*L6 -> 19.26082 | M46: =M6*M$66/(M$66+M$65) -> 19.309164 | N46: =N6*N$66/(N$66+N$65) -> 19.309014
C47: BCS Procesados | D47: =(D$66/(D$66+D$65))*D7 -> 5.1275718 | E47: =(E$66/(E$66+E$65))*E7 -> 5.0999987 | F47: =(F$66/(F$66+F$65))*F7 -> 5.0796609 | G47: =(G$66/(G$66+G$65))*G7 -> 5.0500671 | H47: =(H$66/(H$66+H$65))*H7 -> 5.0276926 | I47: =(I$66/(I$66+I$65))*I7 -> 5.0000916 | J47: =(J$66/(J$66+J$65))*J7 -> 4.9736145 | K47: =(K$66/(K$66+K$65))*K7 -> 4.9632704 | L47: =($L$66/($L$66+$L$65))*L7 -> 4.93021 | M47: =M7*M$66/(M$66+M$65) -> 4.8763274 | N47: =N7*N$66/(N$66+N$65) -> 4.8112652
C48: Gas licuado de petróleo | D48: =(D$66/(D$66+D$65))*D8 -> 64.240899 | E48: =(E$66/(E$66+E$65))*E8 -> 64.277483 | F48: =(F$66/(F$66+F$65))*F8 -> 63.374459 | G48: =(G$66/(G$66+G$65))*G8 -> 61.885822 | H48: =(H$66/(H$66+H$65))*H8 -> 61.61486 | I48: =(I$66/(I$66+I$65))*I8 -> 61.613629 | J48: =(J$66/(J$66+J$65))*J8 -> 57.714912 | K48: =(K$66/(K$66+K$65))*K8 -> 72.579056 | L48: =($L$66/($L$66+$L$65))*L8 -> 59.777546 | M48: =M8*M$66/(M$66+M$65) -> 61.321556 | N48: =N8*N$66/(N$66+N$65) -> 55.23854
C49: Gas seco | D49: =(D$66/(D$66+D$65))*D9 -> 8.4501183 | E49: =(E$66/(E$66+E$65))*E9 -> 9.9649974 | F49: =(F$66/(F$66+F$65))*F9 -> 9.3614823 | G49: =(G$66/(G$66+G$65))*G9 -> 9.3626243 | H49: =(H$66/(H$66+H$65))*H9 -> 8.8703397 | I49: =(I$66/(I$66+I$65))*I9 -> 7.5401381 | J49: =(J$66/(J$66+J$65))*J9 -> 7.4791571 | K49: =(K$66/(K$66+K$65))*K9 -> 6.5048923 | L49: =($L$66/($L$66+$L$65))*L9 -> 6.9152945 | M49: =M9*M$66/(M$66+M$65) -> 6.2567949 | N49: =N9*N$66/(N$66+N$65) -> 6.3953423
C50: Biomass | D50: =SUM(D45:D47) -> 105.87898 | E50: =SUM(E45:E47) -> 105.62497 | F50: =SUM(F45:F47) -> 105.42235 | G50: =SUM(G45:G47) -> 105.1239 | H50: =SUM(H45:H47) -> 104.87652 | I50: =SUM(I45:I47) -> 104.62942 | J50: =SUM(J45:J47) -> 104.29602 | K50: =SUM(K45:K47) -> 104.40665 | ... N50: =SUM(N45:N47) -> 101.94914
B51: Cocción de alimentos
C52: Leña | D52: =(D$65/(D$66+D$65))*D5 -> 248.87884 | E52: =(E$65/(E$66+E$65))*E5 -> 247.65752 | F52: =(F$65/(F$66+F$65))*F5 -> 246.39254 | G52: =(G$65/(G$66+G$65))*G5 -> 245.19641 | H52: =(H$65/(H$66+H$65))*H5 -> 243.96439 | I52: =(I$65/(I$66+I$65))*I5 -> 242.75852 | J52: =(J$65/(J$66+J$65))*J5 -> 241.59285 | K52: =(K$65/(K$66+K$65))*K5 -> 240.08526 | L52: =(L$65/(L$66+L$65))*L5 -> 239.2991 | M52: =M5*M$65/(M$66+M$65) -> 238.84976 | N52: =N5*N$65/(N$66+N$65) -> 238.58114
C53: Carbón vegetal | D53: =(D$65/(D$66+D$65))*D6 -> 53.369751 | E53: =(E$65/(E$66+E$65))*E6 -> 53.917505 | F53: =(F$65/(F$66+F$65))*F6 -> 54.464773 | G53: =(G$65/(G$66+G$65))*G6 -> 55.019756 | H53: =(H$65/(H$66+H$65))*H6 -> 55.566791 | I53: =(I$65/(I$66+I$65))*I6 -> 56.122157 | J53: =(J$65/(J$66+J$65))*J6 -> 56.684746 | K53: =(K$65/(K$66+K$65))*K6 -> 57.181355 | L53: =(L$65/(L$66+L$65))*L6 -> 57.77918 | M53: =M6*M$65/(M$66+M$65) -> 58.460836 | N53: =N6*N$65/(N$66+N$65) -> 59.190986
C54: BCS Procesados | D54: =(D$65/(D$66+D$65))*D7 -> 15.382428 | E54: =(E$65/(E$66+E$65))*E7 -> 15.300001 | F54: =(F$65/(F$66+F$65))*F7 -> 15.230339 | G54: =(G$65/(G$66+G$65))*G7 -> 15.149933 | H54: =(H$65/(H$66+H$65))*H7 -> 15.082307 | I54: =(I$65/(I$66+I$65))*I7 -> 14.999908 | J54: =(J$65/(J$66+J$65))*J7 -> 14.936386 | K54: =(K$65/(K$66+K$65))*K7 -> 14.83673 | L54: =(L$65/(L$66+L$65))*L7 -> 14.78979 | M54: =M7*M$65/(M$66+M$65) -> 14.763673 | N54: =N7*N$65/(N$66+N$65) -> 14.748735
C55: Gas licuado de petróleo | D55: =(D$65/(D$66+D$65))*D8 -> 192.7191 | E55: =(E$65/(E$66+E$65))*E8 -> 192.83252 | F55: =(F$65/(F$66+F$65))*F8 -> 190.01554 | G55: =(G$65/(G$66+G$65))*G8 -> 185.65418 | H55: =(H$65/(H$66+H$65))*H8 -> 184.83514 | I55: =(I$65/(I$66+I$65))*I8 -> 184.83637 | J55: =(J$65/(J$66+J$65))*J8 -> 173.32509 | K55: =(K$65/(K$66+K$65))*K8 -> 216.96094 | L55: =(L$65/(L$66+L$65))*L8 -> 179.32245 | M55: =M8*M$65/(M$66+M$65) -> 185.65844 | N55: =N8*N$65/(N$66+N$65) -> 169.33146
C56: Gas seco | D56: =(D$65/(D$66+D$65))*D9 -> 25.349882 | E56: =(E$65/(E$66+E$65))*E9 -> 29.895003 | F56: =(F$65/(F$66+F$65))*F9 -> 28.068518 | G56: =(G$65/(G$66+G$65))*G9 -> 28.087376 | H56: =(H$65/(H$66+H$65))*H9 -> 26.60966 | I56: =(I$65/(I$66+I$65))*I9 -> 22.619862 | J56: =(J$65/(J$66+J$65))*J9 -> 22.460843 | K56: =(K$65/(K$66+K$65))*K9 -> 19.445108 | L56: =(L$65/(L$66+L$65))*L9 -> 20.744705 | M56: =M9*M$65/(M$66+M$65) -> 18.943205 | N56: =N9*N$65/(N$66+N$65) -> 19.604658
C57: Biomass | D57: =SUM(D52:D54) -> 317.63102 | E57: =SUM(E52:E54) -> 316.87503 | F57: =SUM(F52:F54) -> 316.08765 | G57: =SUM(G52:G54) -> 315.3661 | H57: =SUM(H52:H54) -> 314.61348 | I57: =SUM(I52:I54) -> 313.88058 | J57: =SUM(J52:J54) -> 313.21398 | K57: =SUM(K52:K54) -> 312.10335 | ... N57: =SUM(N52:N54) -> 312.52086
B58: appliances
C59: Electricidad | D59: =D42+D40+D38+D36+D32+D30 -> 118.85654 | E59: =E42+E40+E38+E36+E32+E30 -> 122.26406 | F59: =F42+F40+F38+F36+F32+F30 -> 126.69909 | G59: =G42+G40+G38+G36+G32+G30 -> 131.99872 | H59: =H42+H40+H38+H36+H32+H30 -> 132.4196 | I59: =I42+I40+I38+I36+I32+I30 -> 141.65932 | J59: =J42+J40+J38+J36+J32+J30 -> 144.37085 | K59: =K42+K40+K38+K36+K32+K30 -> 161.73184 | ... N59: =N42+N40+N38+N36+N32+N30 -> 168.90698
B61: Calentamiento de agua | D61: =SUM(Res!C99:C125) -> 182.61 | E61: =SUM(Res!D99:D125) -> 184.4 | F61: =SUM(Res!E99:E125) -> 180.35 | G61: =SUM(Res!F99:F125) -> 182.08 | H61: =SUM(Res!G99:G125) -> 181.34 | I61: =SUM(Res!H99:H125) -> 180.87 | J61: =SUM(Res!I99:I125) -> 181.44 | K61: =SUM(Res!J99:J125) -> 179.67 | L61: =SUM(Res!K99:K125) -> 181.35
B62: Cocción de alimentos | D62: =SUM(Res!C131:C157) -> 535.7 | E62: =SUM(Res!D131:D157) -> 539.61 | F62: =SUM(Res!E131:E157) -> 525.15 | G62: =SUM(Res!F131:F157) -> 527.97 | H62: =SUM(Res!G131:G157) -> 524.78 | I62: =SUM(Res!H131:H157) -> 521.27 | J62: =SUM(Res!I131:I157) -> 520.65 | K62: =SUM(Res!J131:J157) -> 511.95 | L62: =SUM(Res!K131:K157) -> 511.95
D63: =D4+D5+D6+D7+D8+D9 -> 718.31 | E63: =E4+E5+E6+E7+E8+E9 -> 724 | F63: =F4+F5+F6+F7+F8+F9 -> 717.62 | G63: =G4+G5+G6+G7+G8+G9 -> 711.58 | H63: =H4+H5+H6+H7+H8+H9 -> 707.84 | I63: =I4+I5+I6+I7+I8+I9 -> 702.23 | J63: =J4+J5+J6+J7+J8+J9 -> 686.38 | K63: =K4+K5+K6+K7+K8+K9 -> 741.01 | ... N63: =N4+N5+N6+N7+N8+N9 -> 679.09
B64: Calentamiento de agua | D64: =D61/(D$61+D$62)*D$63 -> 182.61 | E64: =E61/(E$61+E$62)*E$63 -> 184.39745 | F64: =F61/(F$61+F$62)*F$63 -> 183.44829 | G64: =G61/(G$61+G$62)*G$63 -> 182.47234 | H64: =H61/(H$61+H$62)*H$63 -> 181.78172 | I64: =I61/(I$61+I$62)*I$63 -> 180.89318 | J64: =J61/(J$61+J$62)*J$63 -> 177.38009 | K64: =K61/(K$61+K$62)*K$63 -> 192.5006 | L64: =$L61/($L$61+$L$62)*L$63 -> 181.34477 | M64: =$L61/($L$61+$L$62)*M$63 -> 183.02408 | N64: =$L61/($L$61+$L$62)*N$63 -> 177.63302
B65: Cocción de alimentos | D65: =D62/(D$61+D$62)*D$63 -> 535.7 | E65: =E62/(E$61+E$62)*E$63 -> 539.60255 | F65: =F62/(F$61+F$62)*F$63 -> 534.17171 | G65: =G62/(G$61+G$62)*G$63 -> 529.10766 | H65: =H62/(H$61+H$62)*H$63 -> 526.05828 | I65: =I62/(I$61+I$62)*I$63 -> 521.33682 | J65: =J62/(J$61+J$62)*J$63 -> 508.99991 | K65: =K62/(K$61+K$62)*K$63 -> 548.5094 | L65: =$L62/($L$61+$L$62)*L$63 -> 511.93523 | M65: =$L62/($L$61+$L$62)*M$63 -> 516.67592 | N65: =$L62/($L$61+$L$62)*N$63 -> 501.45698
B66: Calentamiento de agua (sin radiación solar) | D66: =D64-D4 -> 178.57 | E66: =E64-E4 -> 179.86745 | F66: =F64-F4 -> 178.15829 | G66: =G64-G4 -> 176.37234 | H66: =H64-H4 -> 175.36172 | I66: =I64-I4 -> 173.78318 | J66: =J64-J4 -> 169.49009 | K66: =K64-K4 -> 183.4906 | ... N66: =N64-N4 -> 163.58302
A68: Proyecciones
A69: Proyección por sector | D69: 2013 | E69: 2014 | F69: 2015 | G69: 2016 | H69: 2017 | I69: 2018 | J69: 2019 | K69: 2020 | L69: 2021 | M69: 2022 | N69: 2023 | O69: 2024 | P69: 2025 | Q69: 2026 | R69: 2027 | S69: 2028 | T69: 2029 | U69: 2030 | V69: 2031 | W69: 2032 | X69: 2033 | Y69: 2034 | Z69: 2035 | AA69: 2036 | AB69: 2037 | AC69: 2038 | AD69: 2039 | AE69: 2040 | AF69: 2041 | AG69: 2042 | AH69: 2043 | AI69: 2044 | AJ69: 2045 | AK69: 2046 | AL69: 2047 | AM69: 2048 | AN69: 2049 | AO69: 2050 | AP69: 2051 | AQ69: 2052 | AR69: 2053 | AS69: 2054 | AT69: 2055 | AU69: 2056 | AV69: 2057 | AW69: 2058 | AX69: 2059 | AY69: 2060 | AZ69: 2061 | BA69: 2062 | BB69: 2063 | BC69: 2064 | BD69: 2065 | BE69: 2066 | BF69: 2067 | BG69: 2068 | BH69: 2069 | BI69: 2070
C70: CF | D70: =D11 -> 909.45 | E70: =E11 -> 920.62 | F70: =F11 -> 921.37 | G70: =G11 -> 923.86 | H70: =H11 -> 920.79 | I70: =I11 -> 930.03 | J70: =J11 -> 918.53 | K70: =K11 -> 1001.11 | ... N70: =N11 -> 950.72 | O70: =N70*(1+AVERAGE($E72:$N72)) -> 955.52042 | P70: =O70*(1+AVERAGE($E72:$N72)) -> 960.34508 | Q70: =P70*(1+AVERAGE($E72:$N72)) -> 965.1941 | R70: =Q70*(1+AVERAGE($E72:$N72)) -> 970.06761 | S70: =R70*(1+AVERAGE($E72:$N72)) -> 974.96572 | T70: =S70*(1+AVERAGE($E72:$N72)) -> 979.88856 | U70: =T70*(1+AVERAGE($E72:$N72)) -> 984.83627 | V70: =U70*(1+AVERAGE($E72:$N72)) -> 989.80895 | ... BI70: =BH70*(1+AVERAGE($E72:$N72)) -> 1204.6413
C71: CF | D71: =D11 -> 909.45 | E71: =E11 -> 920.62 | F71: =F11 -> 921.37 | G71: =G11 -> 923.86 | H71: =H11 -> 920.79 | I71: =I11 -> 930.03 | J71: =J11 -> 918.53 | K71: =K11 -> 1001.11 | ... N71: =N11 -> 950.72 | O71: =N71*(1+AVERAGE($E72:$J72)) -> 952.32766 | P71: =O71*(1+AVERAGE($E72:$J72)) -> 953.93804 | Q71: =P71*(1+AVERAGE($E72:$J72)) -> 955.55115 | R71: =Q71*(1+AVERAGE($E72:$J72)) -> 957.16698 | S71: =R71*(1+AVERAGE($E72:$J72)) -> 958.78554 | T71: =S71*(1+AVERAGE($E72:$J72)) -> 960.40685 | U71: =T71*(1+AVERAGE($E72:$J72)) -> 962.03089 | V71: =U71*(1+AVERAGE($E72:$J72)) -> 963.65768 | ... BI71: =BH71*(1+AVERAGE($E72:$J72)) -> 1029.2948
E72: =(E70-D70)/D70 -> 0.012282149 | F72: =(F70-E70)/E70 -> 0.00081466838 | G72: =(G70-F70)/F70 -> 0.0027024974 | H72: =(H70-G70)/G70 -> -0.0033230143 | I72: =(I70-H70)/H70 -> 0.010034861 | J72: =(J70-I70)/I70 -> -0.012365193 | K72: =(K70-J70)/J70 -> 0.089904521 | L72: =(L70-K70)/K70 -> -0.057705946 | ... N72: =(N70-M70)/M70 -> -0.014399602
A73: Proyección por energético | D73: 2013 | E73: 2014 | F73: 2015 | G73: 2016 | H73: 2017 | I73: 2018 | J73: 2019 | K73: 2020 | L73: 2021 | M73: 2022 | N73: 2023 | O73: 2024 | P73: 2025 | Q73: 2026 | R73: 2027 | S73: 2028 | T73: 2029 | U73: 2030 | V73: 2031 | W73: 2032 | X73: 2033 | Y73: 2034 | Z73: 2035 | AA73: 2036 | AB73: 2037 | AC73: 2038 | AD73: 2039 | AE73: 2040 | AF73: 2041 | AG73: 2042 | AH73: 2043 | AI73: 2044 | AJ73: 2045 | AK73: 2046 | AL73: 2047 | AM73: 2048 | AN73: 2049 | AO73: 2050 | AP73: 2051 | AQ73: 2052 | AR73: 2053 | AS73: 2054 | AT73: 2055 | AU73: 2056 | AV73: 2057 | AW73: 2058 | AX73: 2059 | AY73: 2060 | AZ73: 2061 | BA73: 2062 | BB73: 2063 | BC73: 2064 | BD73: 2065 | BE73: 2066 | BF73: 2067 | BG73: 2068 | BH73: 2069 | BI73: 2070
C74: Radiación solar | D74: =D4 -> 4.04 | E74: =E4 -> 4.53 | F74: =F4 -> 5.29 | G74: =G4 -> 6.1 | H74: =H4 -> 6.42 | I74: =I4 -> 7.11 | J74: =J4 -> 7.89 | K74: =K4 -> 9.01 | ... N74: =N4 -> 14.05 | O74: =N74*(1+AVERAGE($E93:$N93)) -> 15.923142 | P74: =O74*(1+AVERAGE($E93:$N93)) -> 18.04601 | Q74: =P74*(1+AVERAGE($E93:$N93)) -> 20.451899 | R74: =Q74*(1+AVERAGE($E93:$N93)) -> 23.178539 | S74: =R74*(1+AVERAGE($E93:$N93)) -> 26.268695 | T74: =S74*(1+AVERAGE($E93:$N93)) -> 29.77083 | U74: =T74*(1+AVERAGE($E93:$N93)) -> 33.739867 | V74: =U74*(1+AVERAGE($E93:$N93)) -> 38.238056 | ... BI74: =BH74*(1+AVERAGE($E93:$N93)) -> 5037.7984
C75: Leña | D75: =D5 -> 331.84 | E75: =E5 -> 330.21 | F75: =F5 -> 328.57 | G75: =G5 -> 326.93 | H75: =H5 -> 325.29 | I75: =I5 -> 323.68 | J75: =J5 -> 322.04 | K75: =K5 -> 320.4 | ... N75: =N5 -> 316.41 | O75: =N75*(1+AVERAGE($E94:$N94)) -> 314.90705 | P75: =O75*(1+AVERAGE($E94:$N94)) -> 313.41123 | Q75: =P75*(1+AVERAGE($E94:$N94)) -> 311.92252 | R75: =Q75*(1+AVERAGE($E94:$N94)) -> 310.44089 | S75: =R75*(1+AVERAGE($E94:$N94)) -> 308.96629 | T75: =S75*(1+AVERAGE($E94:$N94)) -> 307.49869 | U75: =T75*(1+AVERAGE($E94:$N94)) -> 306.03807 | V75: =U75*(1+AVERAGE($E94:$N94)) -> 304.58438 | ... BI75: =BH75*(1+AVERAGE($E94:$N94)) -> 252.96627
C76: Carbón vegetal | D76: =D6 -> 71.16 | E76: =E6 -> 71.89 | F76: =F6 -> 72.63 | G76: =G6 -> 73.36 | H76: =H6 -> 74.09 | I76: =I6 -> 74.83 | J76: =J6 -> 75.56 | K76: =K6 -> 76.31 | ... N76: =N6 -> 78.5 | O76: =N76*(1+AVERAGE($E95:$N95)) -> 79.274415 | P76: =O76*(1+AVERAGE($E95:$N95)) -> 80.05647 | Q76: =P76*(1+AVERAGE($E95:$N95)) -> 80.84624 | R76: =Q76*(1+AVERAGE($E95:$N95)) -> 81.643802 | S76: =R76*(1+AVERAGE($E95:$N95)) -> 82.449231 | T76: =S76*(1+AVERAGE($E95:$N95)) -> 83.262606 | U76: =T76*(1+AVERAGE($E95:$N95)) -> 84.084005 | V76: =U76*(1+AVERAGE($E95:$N95)) -> 84.913508 | ... BI76: =BH76*(1+AVERAGE($E95:$N95)) -> 124.52284
C77: BCS Procesados | D77: =D7 -> 20.51 | E77: =E7 -> 20.4 | F77: =F7 -> 20.31 | G77: =G7 -> 20.2 | H77: =H7 -> 20.11 | I77: =I7 -> 20 | J77: =J7 -> 19.91 | K77: =K7 -> 19.8 | ... N77: =N7 -> 19.56 | O77: =N77*(1+AVERAGE($E96:$N96)) -> 19.467458 | P77: =O77*(1+AVERAGE($E96:$N96)) -> 19.375354 | Q77: =P77*(1+AVERAGE($E96:$N96)) -> 19.283686 | R77: =Q77*(1+AVERAGE($E96:$N96)) -> 19.192451 | S77: =R77*(1+AVERAGE($E96:$N96)) -> 19.101648 | T77: =S77*(1+AVERAGE($E96:$N96)) -> 19.011275 | U77: =T77*(1+AVERAGE($E96:$N96)) -> 18.921329 | V77: =U77*(1+AVERAGE($E96:$N96)) -> 18.831809 | ... BI77: =BH77*(1+AVERAGE($E96:$N96)) -> 15.651919
C78: Gas licuado de petróleo | D78: =D8 -> 256.96 | E78: =E8 -> 257.11 | F78: =F8 -> 253.39 | G78: =G8 -> 247.54 | H78: =H8 -> 246.45 | I78: =I8 -> 246.45 | J78: =J8 -> 231.04 | K78: =K8 -> 289.54 | ... N78: =N8 -> 224.57 | O78: =N78*(1+AVERAGE($E97:$N97)) -> 222.71311 | P78: =O78*(1+AVERAGE($E97:$N97)) -> 220.87157 | Q78: =P78*(1+AVERAGE($E97:$N97)) -> 219.04526 | R78: =Q78*(1+AVERAGE($E97:$N97)) -> 217.23405 | S78: =R78*(1+AVERAGE($E97:$N97)) -> 215.43782 | T78: =S78*(1+AVERAGE($E97:$N97)) -> 213.65643 | U78: =T78*(1+AVERAGE($E97:$N97)) -> 211.88978 | V78: =U78*(1+AVERAGE($E97:$N97)) -> 210.13774 | ... BI78: =BH78*(1+AVERAGE($E97:$N97)) -> 152.0098
C79: Gas seco | D79: =D9 -> 33.8 | E79: =E9 -> 39.86 | F79: =F9 -> 37.43 | G79: =G9 -> 37.45 | H79: =H9 -> 35.48 | I79: =I9 -> 30.16 | J79: =J9 -> 29.94 | K79: =K9 -> 25.95 | ... N79: =N9 -> 26 | O79: =N79*(1+AVERAGE($E98:$N98)) -> 25.43959 | P79: =O79*(1+AVERAGE($E98:$N98)) -> 24.891259 | Q79: =P79*(1+AVERAGE($E98:$N98)) -> 24.354748 | R79: =Q79*(1+AVERAGE($E98:$N98)) -> 23.8298 | S79: =R79*(1+AVERAGE($E98:$N98)) -> 23.316167 | T79: =S79*(1+AVERAGE($E98:$N98)) -> 22.813605 | U79: =T79*(1+AVERAGE($E98:$N98)) -> 22.321875 | V79: =U79*(1+AVERAGE($E98:$N98)) -> 21.840744 | ... BI79: =BH79*(1+AVERAGE($E98:$N98)) -> 9.336866
C80: Electricidad | D80: =D10 -> 191.14 | E80: =E10 -> 196.62 | F80: =F10 -> 203.75 | G80: =G10 -> 212.28 | H80: =H10 -> 212.95 | I80: =I10 -> 227.8 | J80: =J10 -> 232.15 | K80: =K10 -> 260.1 | ... N80: =N10 -> 271.63 | O80: =N80*(1+AVERAGE($E99:$N99)) -> 281.55354 | P80: =O80*(1+AVERAGE($E99:$N99)) -> 291.83963 | Q80: =P80*(1+AVERAGE($E99:$N99)) -> 302.5015 | R80: =Q80*(1+AVERAGE($E99:$N99)) -> 313.55288 | S80: =R80*(1+AVERAGE($E99:$N99)) -> 325.00801 | T80: =S80*(1+AVERAGE($E99:$N99)) -> 336.88163 | U80: =T80*(1+AVERAGE($E99:$N99)) -> 349.18903 | V80: =U80*(1+AVERAGE($E99:$N99)) -> 361.94606 | ... BI80: =BH80*(1+AVERAGE($E99:$N99)) -> 1466.8686
C81: Total | D81: =SUM(D74:D80) -> 909.45 | E81: =SUM(E74:E80) -> 920.62 | F81: =SUM(F74:F80) -> 921.37 | G81: =SUM(G74:G80) -> 923.86 | H81: =SUM(H74:H80) -> 920.79 | I81: =SUM(I74:I80) -> 930.03 | J81: =SUM(J74:J80) -> 918.53 | K81: =SUM(K74:K80) -> 1001.11 | ... BI81: =SUM(BI74:BI80) -> 7059.1547
C83: Radiación solar | D83: =D4 -> 4.04 | E83: =E4 -> 4.53 | F83: =F4 -> 5.29 | G83: =G4 -> 6.1 | H83: =H4 -> 6.42 | I83: =I4 -> 7.11 | J83: =J4 -> 7.89 | K83: =K4 -> 9.01 | ... N83: =N4 -> 14.05 | O83: =N83*(1+AVERAGE($E93:$J93)) -> 15.716838 | P83: =O83*(1+AVERAGE($E93:$J93)) -> 17.581423 | Q83: =P83*(1+AVERAGE($E93:$J93)) -> 19.667216 | R83: =Q83*(1+AVERAGE($E93:$J93)) -> 22.000459 | S83: =R83*(1+AVERAGE($E93:$J93)) -> 24.610508 | T83: =S83*(1+AVERAGE($E93:$J93)) -> 27.530204 | U83: =T83*(1+AVERAGE($E93:$J93)) -> 30.796282 | V83: =U83*(1+AVERAGE($E93:$J93)) -> 34.449835 | ... BI83: =BH83*(1+AVERAGE($E93:$J93)) -> 2729.3069
C84: Leña | D84: =D5 -> 331.84 | E84: =E5 -> 330.21 | F84: =F5 -> 328.57 | G84: =G5 -> 326.93 | H84: =H5 -> 325.29 | I84: =I5 -> 323.68 | J84: =J5 -> 322.04 | K84: =K5 -> 320.4 | ... N84: =N5 -> 316.41 | O84: =N84*(1+AVERAGE($E94:$J94)) -> 314.8331 | P84: =O84*(1+AVERAGE($E94:$J94)) -> 313.26405 | Q84: =P84*(1+AVERAGE($E94:$J94)) -> 311.70283 | R84: =Q84*(1+AVERAGE($E94:$J94)) -> 310.14939 | S84: =R84*(1+AVERAGE($E94:$J94)) -> 308.60368 | T84: =S84*(1+AVERAGE($E94:$J94)) -> 307.06569 | U84: =T84*(1+AVERAGE($E94:$J94)) -> 305.53535 | V84: =U84*(1+AVERAGE($E94:$J94)) -> 304.01265 | ... BI84: =BH84*(1+AVERAGE($E94:$J94)) -> 250.18929
C85: Carbón vegetal | D85: =D6 -> 71.16 | E85: =E6 -> 71.89 | F85: =F6 -> 72.63 | G85: =G6 -> 73.36 | H85: =H6 -> 74.09 | I85: =I6 -> 74.83 | J85: =J6 -> 75.56 | K85: =K6 -> 76.31 | ... N85: =N6 -> 78.5 | O85: =N85*(1+AVERAGE($E95:$J95)) -> 79.288889 | P85: =O85*(1+AVERAGE($E95:$J95)) -> 80.085706 | Q85: =P85*(1+AVERAGE($E95:$J95)) -> 80.89053 | R85: =Q85*(1+AVERAGE($E95:$J95)) -> 81.703443 | S85: =R85*(1+AVERAGE($E95:$J95)) -> 82.524525 | T85: =S85*(1+AVERAGE($E95:$J95)) -> 83.353859 | U85: =T85*(1+AVERAGE($E95:$J95)) -> 84.191527 | V85: =U85*(1+AVERAGE($E95:$J95)) -> 85.037613 | ... BI85: =BH85*(1+AVERAGE($E95:$J95)) -> 125.59588
C86: BCS Procesados | D86: =D7 -> 20.51 | E86: =E7 -> 20.4 | F86: =F7 -> 20.31 | G86: =G7 -> 20.2 | H86: =H7 -> 20.11 | I86: =I7 -> 20 | J86: =J7 -> 19.91 | K86: =K7 -> 19.8 | ... N86: =N7 -> 19.56 | O86: =N86*(1+AVERAGE($E96:$J96)) -> 19.46345 | P86: =O86*(1+AVERAGE($E96:$J96)) -> 19.367378 | Q86: =P86*(1+AVERAGE($E96:$J96)) -> 19.271779 | R86: =Q86*(1+AVERAGE($E96:$J96)) -> 19.176652 | S86: =R86*(1+AVERAGE($E96:$J96)) -> 19.081995 | T86: =S86*(1+AVERAGE($E96:$J96)) -> 18.987805 | U86: =T86*(1+AVERAGE($E96:$J96)) -> 18.89408 | V86: =U86*(1+AVERAGE($E96:$J96)) -> 18.800817 | ... BI86: =BH86*(1+AVERAGE($E96:$J96)) -> 15.501192
C87: Gas licuado de petróleo | D87: =D8 -> 256.96 | E87: =E8 -> 257.11 | F87: =F8 -> 253.39 | G87: =G8 -> 247.54 | H87: =H8 -> 246.45 | I87: =I8 -> 246.45 | J87: =J8 -> 231.04 | K87: =K8 -> 289.54 | ... N87: =N8 -> 224.57 | O87: =N87*(1+AVERAGE($E97:$J97)) -> 220.68109 | P87: =O87*(1+AVERAGE($E97:$J97)) -> 216.85952 | Q87: =P87*(1+AVERAGE($E97:$J97)) -> 213.10413 | R87: =Q87*(1+AVERAGE($E97:$J97)) -> 209.41377 | S87: =R87*(1+AVERAGE($E97:$J97)) -> 205.78732 | T87: =S87*(1+AVERAGE($E97:$J97)) -> 202.22367 | U87: =T87*(1+AVERAGE($E97:$J97)) -> 198.72173 | V87: =U87*(1+AVERAGE($E97:$J97)) -> 195.28043 | ... BI87: =BH87*(1+AVERAGE($E97:$J97)) -> 98.80532
C88: Gas seco | D88: =D9 -> 33.8 | E88: =E9 -> 39.86 | F88: =F9 -> 37.43 | G88: =G9 -> 37.45 | H88: =H9 -> 35.48 | I88: =I9 -> 30.16 | J88: =J9 -> 29.94 | K88: =K9 -> 25.95 | ... N88: =N9 -> 26 | O88: =N88*(1+AVERAGE($E98:$J98)) -> 25.605751 | P88: =O88*(1+AVERAGE($E98:$J98)) -> 25.217479 | Q88: =P88*(1+AVERAGE($E98:$J98)) -> 24.835096 | R88: =Q88*(1+AVERAGE($E98:$J98)) -> 24.45851 | S88: =R88*(1+AVERAGE($E98:$J98)) -> 24.087635 | T88: =S88*(1+AVERAGE($E98:$J98)) -> 23.722384 | U88: =T88*(1+AVERAGE($E98:$J98)) -> 23.362671 | V88: =U88*(1+AVERAGE($E98:$J98)) -> 23.008412 | ... BI88: =BH88*(1+AVERAGE($E98:$J98)) -> 12.679117
C89: Electricidad | D89: =D10 -> 191.14 | E89: =E10 -> 196.62 | F89: =F10 -> 203.75 | G89: =G10 -> 212.28 | H89: =H10 -> 212.95 | I89: =I10 -> 227.8 | J89: =J10 -> 232.15 | K89: =K10 -> 260.1 | ... N89: =N10 -> 271.63 | O89: =N89*(1+AVERAGE($E99:$J99)) -> 280.62931 | P89: =O89*(1+AVERAGE($E99:$J99)) -> 289.92677 | Q89: =P89*(1+AVERAGE($E99:$J99)) -> 299.53226 | R89: =Q89*(1+AVERAGE($E99:$J99)) -> 309.45599 | S89: =R89*(1+AVERAGE($E99:$J99)) -> 319.7085 | T89: =S89*(1+AVERAGE($E99:$J99)) -> 330.30069 | U89: =T89*(1+AVERAGE($E99:$J99)) -> 341.2438 | V89: =U89*(1+AVERAGE($E99:$J99)) -> 352.54947 | ... BI89: =BH89*(1+AVERAGE($E99:$J99)) -> 1256.8296
C90: Total | D90: =SUM(D83:D89) -> 909.45 | E90: =SUM(E83:E89) -> 920.62 | F90: =SUM(F83:F89) -> 921.37 | G90: =SUM(G83:G89) -> 923.86 | H90: =SUM(H83:H89) -> 920.79 | I90: =SUM(I83:I89) -> 930.03 | J90: =SUM(J83:J89) -> 918.53 | K90: =SUM(K83:K89) -> 1001.11 | ... BI90: =SUM(BI83:BI89) -> 4488.9074
C93: Radiación solar | E93: =(E74-D74)/D74 -> 0.12128713 | F93: =(F74-E74)/E74 -> 0.16777042 | G93: =(G74-F74)/F74 -> 0.15311909 | H93: =(H74-G74)/G74 -> 0.052459016 | I93: =(I74-H74)/H74 -> 0.10747664 | J93: =(J74-I74)/I74 -> 0.10970464 | K93: =(K74-J74)/J74 -> 0.14195184 | L93: =(L74-K74)/K74 -> 0.18645949 | ... N93: =(N74-M74)/M74 -> 0.13581245
C94: Leña | E94: =(E75-D75)/D75 -> -0.0049120058 | F94: =(F75-E75)/E75 -> -0.0049665364 | G94: =(G75-F75)/F75 -> -0.004991326 | H94: =(H75-G75)/G75 -> -0.0050163644 | I94: =(I75-H75)/H75 -> -0.0049494297 | J94: =(J75-I75)/I75 -> -0.0050667326 | K94: =(K75-J75)/J75 -> -0.0050925351 | L94: =(L75-K75)/K75 -> -0.0041510612 | ... N94: =(N75-M75)/M75 -> -0.0041858123
C95: Carbón vegetal | E95: =(E76-D76)/D76 -> 0.010258572 | F95: =(F76-E76)/E76 -> 0.010293504 | G95: =(G76-F76)/F76 -> 0.010050943 | H95: =(H76-G76)/G76 -> 0.0099509269 | I95: =(I76-H76)/H76 -> 0.0099878526 | J95: =(J76-I76)/I76 -> 0.0097554457 | K95: =(K76-J76)/J76 -> 0.0099258867 | L95: =(L76-K76)/K76 -> 0.009566243 | ... N95: =(N76-M76)/M76 -> 0.009386653
C96: BCS Procesados | E96: =(E77-D77)/D77 -> -0.0053632374 | F96: =(F77-E77)/E77 -> -0.0044117647 | G96: =(G77-F77)/F77 -> -0.0054160512 | H96: =(H77-G77)/G77 -> -0.0044554455 | I96: =(I77-H77)/H77 -> -0.0054699155 | J96: =(J77-I77)/I77 -> -0.0045 | K96: =(K77-J77)/J77 -> -0.0055248619 | L96: =(L77-K77)/K77 -> -0.004040404 | ... N96: =(N77-M77)/M77 -> -0.0040733198
C97: Gas licuado de petróleo | E97: =(E78-D78)/D78 -> 0.00058374844 | F97: =(F78-E78)/E78 -> -0.014468515 | G97: =(G78-F78)/F78 -> -0.023086941 | H97: =(H78-G78)/G78 -> -0.0044033288 | I97: =(I78-H78)/H78 -> 0 | J97: =(J78-I78)/I78 -> -0.062527896 | K97: =(K78-J78)/J78 -> 0.25320291 | L97: =(L78-K78)/K78 -> -0.17420736 | ... N97: =(N78-M78)/M78 -> -0.090736092
C98: Gas seco | E98: =(E79-D79)/D79 -> 0.17928994 | F98: =(F79-E79)/E79 -> -0.060963372 | G98: =(G79-F79)/F79 -> 0.00053433075 | H98: =(H79-G79)/G79 -> -0.052603471 | I98: =(I79-H79)/H79 -> -0.14994363 | J98: =(J79-I79)/I79 -> -0.0072944297 | K98: =(K79-J79)/J79 -> -0.13326653 | L98: =(L79-K79)/K79 -> 0.065895954 | ... N98: =(N79-M79)/M79 -> 0.031746032
C99: Electricidad | E99: =(E80-D80)/D80 -> 0.028670085 | F99: =(F80-E80)/E80 -> 0.036262842 | G99: =(G80-F80)/F80 -> 0.041865031 | H99: =(H80-G80)/G80 -> 0.0031562088 | I99: =(I80-H80)/H80 -> 0.06973468 | J99: =(J80-I80)/I80 -> 0.019095698 | K99: =(K80-J80)/J80 -> 0.1203963 | L99: =(L80-K80)/K80 -> -0.038600538 | ... N99: =(N80-M80)/M80 -> 0.025367106
A101: Proyección por uso final | D101: 2013 | E101: 2014 | F101: 2015 | G101: 2016 | H101: 2017 | I101: 2018 | J101: 2019 | K101: 2020 | L101: 2021 | M101: 2022 | N101: 2023 | O101: 2024 | P101: 2025 | Q101: 2026 | R101: 2027 | S101: 2028 | T101: 2029 | U101: 2030 | V101: 2031 | W101: 2032 | X101: 2033 | Y101: 2034 | Z101: 2035 | AA101: 2036 | AB101: 2037 | AC101: 2038 | AD101: 2039 | AE101: 2040 | AF101: 2041 | AG101: 2042 | AH101: 2043 | AI101: 2044 | AJ101: 2045 | AK101: 2046 | AL101: 2047 | AM101: 2048 | AN101: 2049 | AO101: 2050 | AP101: 2051 | AQ101: 2052 | AR101: 2053 | AS101: 2054 | AT101: 2055 | AU101: 2056 | AV101: 2057 | AW101: 2058 | AX101: 2059 | AY101: 2060 | AZ101: 2061 | BA101: 2062 | BB101: 2063 | BC101: 2064 | BD101: 2065 | BE101: 2066 | BF101: 2067 | BG101: 2068 | BH101: 2069 | BI101: 2070
C102: Iluminación | D102: =D14 -> 20.862711 | E102: =E14 -> 21.460299 | F102: =F14 -> 22.232638 | G102: =G14 -> 23.166443 | H102: =H14 -> 23.235293 | I102: =I14 -> 24.857739 | J102: =J14 -> 25.330589 | K102: =K14 -> 28.385165 | ... N102: =N14 -> 29.644898 | O102: =N102*(1+AVERAGE($E126:$N126)) -> 30.727658 | P102: =O102*(1+AVERAGE($E126:$N126)) -> 31.849965 | Q102: =P102*(1+AVERAGE($E126:$N126)) -> 33.013263 | R102: =Q102*(1+AVERAGE($E126:$N126)) -> 34.21905 | S102: =R102*(1+AVERAGE($E126:$N126)) -> 35.468877 | T102: =S102*(1+AVERAGE($E126:$N126)) -> 36.764354 | U102: =T102*(1+AVERAGE($E126:$N126)) -> 38.107146 | V102: =U102*(1+AVERAGE($E126:$N126)) -> 39.498984 | ... BI102: =BH102*(1+AVERAGE($E126:$N126)) -> 160.0244
C103: Otros | D103: =D15 -> 0 | E103: =E15 -> 0 | F103: =F15 -> 0 | G103: =G15 -> 0 | H103: =H15 -> 0 | I103: =I15 -> 0 | J103: =J15 -> 0 | K103: =K15 -> 0 | ... N103: =N15 -> 0 | O103: =N103*(1+AVERAGE($E127:$N127)) -> 0 | P103: =O103*(1+AVERAGE($E127:$N127)) -> 0 | Q103: =P103*(1+AVERAGE($E127:$N127)) -> 0 | R103: =Q103*(1+AVERAGE($E127:$N127)) -> 0 | S103: =R103*(1+AVERAGE($E127:$N127)) -> 0 | T103: =S103*(1+AVERAGE($E127:$N127)) -> 0 | U103: =T103*(1+AVERAGE($E127:$N127)) -> 0 | V103: =U103*(1+AVERAGE($E127:$N127)) -> 0 | ... BI103: =BH103*(1+AVERAGE($E127:$N127)) -> 0
C104: Stand by | D104: =D16 -> 13.578529 | E104: =E16 -> 13.972673 | F104: =F16 -> 14.483928 | G104: =G16 -> 15.089598 | H104: =H16 -> 15.139107 | I104: =I16 -> 16.191857 | J104: =J16 -> 16.502332 | K104: =K16 -> 18.482156 | ... N104: =N16 -> 19.303655 | O104: =N104*(1+AVERAGE($E128:$N128)) -> 20.009516 | P104: =O104*(1+AVERAGE($E128:$N128)) -> 20.741188 | Q104: =P104*(1+AVERAGE($E128:$N128)) -> 21.499614 | R104: =Q104*(1+AVERAGE($E128:$N128)) -> 22.285773 | S104: =R104*(1+AVERAGE($E128:$N128)) -> 23.100679 | T104: =S104*(1+AVERAGE($E128:$N128)) -> 23.945383 | U104: =T104*(1+AVERAGE($E128:$N128)) -> 24.820974 | V104: =U104*(1+AVERAGE($E128:$N128)) -> 25.728582 | ... BI104: =BH104*(1+AVERAGE($E128:$N128)) -> 104.39997
C105: Climatización | D105: =D17 -> 51.420746 | E105: =E17 -> 52.895641 | F105: =F17 -> 54.818269 | G105: =G17 -> 57.114833 | H105: =H17 -> 57.295111 | I105: =I17 -> 61.282941 | J105: =J17 -> 62.448559 | K105: =K17 -> 69.982994 | ... N105: =N17 -> 73.078122 | O105: =N105*(1+AVERAGE($E129:$N129)) -> 75.748479 | P105: =O105*(1+AVERAGE($E129:$N129)) -> 78.516414 | Q105: =P105*(1+AVERAGE($E129:$N129)) -> 81.385492 | R105: =Q105*(1+AVERAGE($E129:$N129)) -> 84.35941 | S105: =R105*(1+AVERAGE($E129:$N129)) -> 87.441998 | T105: =S105*(1+AVERAGE($E129:$N129)) -> 90.637227 | U105: =T105*(1+AVERAGE($E129:$N129)) -> 93.949214 | V105: =U105*(1+AVERAGE($E129:$N129)) -> 97.382224 | ... BI105: =BH105*(1+AVERAGE($E129:$N129)) -> 394.77961
C106: Lavadoras | D106: =D18 -> 14.796789 | E106: =E18 -> 15.21638 | F106: =F18 -> 15.766827 | G106: =G18 -> 16.435739 | H106: =H18 -> 16.484241 | I106: =I18 -> 17.629694 | J106: =J18 -> 17.975755 | K106: =K18 -> 20.130494 | ... N106: =N18 -> 21.027195 | O106: =N106*(1+AVERAGE($E130:$N130)) -> 21.795203 | P106: =O106*(1+AVERAGE($E130:$N130)) -> 22.591261 | Q106: =P106*(1+AVERAGE($E130:$N130)) -> 23.416395 | R106: =Q106*(1+AVERAGE($E130:$N130)) -> 24.271666 | S106: =R106*(1+AVERAGE($E130:$N130)) -> 25.158176 | T106: =S106*(1+AVERAGE($E130:$N130)) -> 26.077065 | U106: =T106*(1+AVERAGE($E130:$N130)) -> 27.029516 | V106: =U106*(1+AVERAGE($E130:$N130)) -> 28.016755 | ... BI106: =BH106*(1+AVERAGE($E130:$N130)) -> 113.50648
C107: Microondas | D107: =D19 -> 4.3654335 | E107: =E19 -> 4.492576 | F107: =F19 -> 4.6569229 | G107: =G19 -> 4.846107 | H107: =H19 -> 4.8602497 | I107: =I19 -> 5.2073013 | J107: =J19 -> 5.3043212 | K107: =K19 -> 5.9444012 | ... N107: =N19 -> 6.2047462 | O107: =N107*(1+AVERAGE($E131:$N131)) -> 6.4316045 | P107: =O107*(1+AVERAGE($E131:$N131)) -> 6.6667572 | Q107: =P107*(1+AVERAGE($E131:$N131)) -> 6.9105075 | R107: =Q107*(1+AVERAGE($E131:$N131)) -> 7.1631699 | S107: =R107*(1+AVERAGE($E131:$N131)) -> 7.4250701 | T107: =S107*(1+AVERAGE($E131:$N131)) -> 7.6965459 | U107: =T107*(1+AVERAGE($E131:$N131)) -> 7.9779475 | V107: =U107*(1+AVERAGE($E131:$N131)) -> 8.2696377 | ... BI107: =BH107*(1+AVERAGE($E131:$N131)) -> 33.550846
C108: Televisión | D108: =D20 -> 44.390368 | E108: =E20 -> 45.661832 | F108: =F20 -> 47.313311 | G108: =G20 -> 49.294395 | H108: =H20 -> 49.452723 | I108: =I20 -> 52.902036 | J108: =J20 -> 53.914987 | K108: =K20 -> 60.404461 | ... N108: =N20 -> 63.081586 | O108: =N108*(1+AVERAGE($E132:$N132)) -> 65.385957 | P108: =O108*(1+AVERAGE($E132:$N132)) -> 67.774507 | Q108: =P108*(1+AVERAGE($E132:$N132)) -> 70.250311 | R108: =Q108*(1+AVERAGE($E132:$N132)) -> 72.816556 | S108: =R108*(1+AVERAGE($E132:$N132)) -> 75.476546 | T108: =S108*(1+AVERAGE($E132:$N132)) -> 78.233705 | U108: =T108*(1+AVERAGE($E132:$N132)) -> 81.091583 | V108: =U108*(1+AVERAGE($E132:$N132)) -> 84.05386 | ... BI108: =BH108*(1+AVERAGE($E132:$N132)) -> 340.60502
C109: Refrigeración | D109: =D21 -> 41.725423 | E109: =E21 -> 42.920599 | F109: =F21 -> 44.478104 | G109: =G21 -> 46.332886 | H109: =H21 -> 46.483276 | I109: =I21 -> 49.728432 | J109: =J21 -> 50.673457 | K109: =K21 -> 56.770329 | ... N109: =N21 -> 59.289797 | O109: =N109*(1+AVERAGE($E133:$N133)) -> 61.455131 | P109: =O109*(1+AVERAGE($E133:$N133)) -> 63.699546 | Q109: =P109*(1+AVERAGE($E133:$N133)) -> 66.025929 | R109: =Q109*(1+AVERAGE($E133:$N133)) -> 68.437275 | S109: =R109*(1+AVERAGE($E133:$N133)) -> 70.936686 | T109: =S109*(1+AVERAGE($E133:$N133)) -> 73.527379 | U109: =T109*(1+AVERAGE($E133:$N133)) -> 76.212686 | V109: =U109*(1+AVERAGE($E133:$N133)) -> 78.996065 | ... BI109: =BH109*(1+AVERAGE($E133:$N133)) -> 320.00351
...

Sheet P.Com
A2: Comercial y servicios | D2: 2013 | E2: 2014 | F2: 2015 | G2: 2016 | H2: 2017 | I2: 2018 | J2: 2019 | K2: 2020 | L2: 2021 | M2: 2022 | N2: 2023
A3: Energético
C4: Radiación solar | D4: ='Cuadro A.15'!B22 -> 2.98 | E4: ='Cuadro A.15'!C22 -> 3.3 | F4: ='Cuadro A.15'!D22 -> 3.68 | G4: ='Cuadro A.15'!E22 -> 3.91 | H4: ='Cuadro A.15'!F22 -> 3.87 | I4: ='Cuadro A.15'!G22 -> 4.75 | J4: ='Cuadro A.15'!H22 -> 5.17 | K4: ='Cuadro A.15'!I22 -> 5.96 | ... N4: ='Cuadro A.15'!L22 -> 8.47
C5: Leña | D5: =CyS!C13+CyS!C45+CyS!C77+CyS!C109+CyS!C141+CyS!C173+CyS!C205+CyS!C237 -> 13.46 | E5: =CyS!D13+CyS!D45+CyS!D77+CyS!D109+CyS!D141+CyS!D173+CyS!D205+CyS!D237 -> 13.4 | F5: =CyS!E13+CyS!E45+CyS!E77+CyS!E109+CyS!E141+CyS!E173+CyS!E205+CyS!E237 -> 13.33 | G5: =CyS!F13+CyS!F45+CyS!F77+CyS!F109+CyS!F141+CyS!F173+CyS!F205+CyS!F237 -> 13.27 | H5: =CyS!G13+CyS!G45+CyS!G77+CyS!G109+CyS!G141+CyS!G173+CyS!G205+CyS!G237 -> 13.2 | I5: =CyS!H13+CyS!H45+CyS!H77+CyS!H109+CyS!H141+CyS!H173+CyS!H205+CyS!H237 -> 13.13 | J5: =CyS!I13+CyS!I45+CyS!I77+CyS!I109+CyS!I141+CyS!I173+CyS!I205+CyS!I237 -> 13.07 | K5: =CyS!J13+CyS!J45+CyS!J77+CyS!J109+CyS!J141+CyS!J173+CyS!J205+CyS!J237 -> 13 | L5: =CyS!K13+CyS!K45+CyS!K77+CyS!K109+CyS!K141+CyS!K173+CyS!K205+CyS!K237 -> 12.95 | M5: =L5+L5-K5 -> 12.9 | N5: =M5+M5-L5 -> 12.85
C6: Carbón vegetal | D6: =CyS!C17+CyS!C49+CyS!C81+CyS!C113+CyS!C145+CyS!C177+CyS!C209+CyS!C241 -> 5.77 | E6: =CyS!D17+CyS!D49+CyS!D81+CyS!D113+CyS!D145+CyS!D177+CyS!D209+CyS!D241 -> 5.85 | F6: =CyS!E17+CyS!E49+CyS!E81+CyS!E113+CyS!E145+CyS!E177+CyS!E209+CyS!E241 -> 5.92 | G6: =CyS!F17+CyS!F49+CyS!F81+CyS!F113+CyS!F145+CyS!F177+CyS!F209+CyS!F241 -> 6 | H6: =CyS!G17+CyS!G49+CyS!G81+CyS!G113+CyS!G145+CyS!G177+CyS!G209+CyS!G241 -> 6.07 | I6: =CyS!H17+CyS!H49+CyS!H81+CyS!H113+CyS!H145+CyS!H177+CyS!H209+CyS!H241 -> 6.15 | J6: =CyS!I17+CyS!I49+CyS!I81+CyS!I113+CyS!I145+CyS!I177+CyS!I209+CyS!I241 -> 6.22 | K6: =CyS!J17+CyS!J49+CyS!J81+CyS!J113+CyS!J145+CyS!J177+CyS!J209+CyS!J241 -> 6.3 | L6: =CyS!K17+CyS!K49+CyS!K81+CyS!K113+CyS!K145+CyS!K177+CyS!K209+CyS!K241 -> 6.38 | M6: =L6+L6-K6 -> 6.46 | N6: =M6+M6-L6 -> 6.54
C7: Gas licuado de petróleo | D7: ='Cuadro A.15'!B24 -> 65.03 | E7: ='Cuadro A.15'!C24 -> 63.32 | F7: ='Cuadro A.15'!D24 -> 63.17 | G7: ='Cuadro A.15'!E24 -> 65.21 | H7: ='Cuadro A.15'!F24 -> 64.43 | I7: ='Cuadro A.15'!G24 -> 63.29 | J7: ='Cuadro A.15'!H24 -> 61.89 | K7: ='Cuadro A.15'!I24 -> 76.2 | ... N7: ='Cuadro A.15'!L24 -> 58.51
C8: Diésel | D8: ='Cuadro A.15'!B25 -> 4.4 | E8: ='Cuadro A.15'!C25 -> 4.46 | F8: ='Cuadro A.15'!D25 -> 5.22 | G8: ='Cuadro A.15'!E25 -> 1.97 | H8: ='Cuadro A.15'!F25 -> 0 | I8: ='Cuadro A.15'!G25 -> 0 | J8: ='Cuadro A.15'!H25 -> 0 | K8: ='Cuadro A.15'!I25 -> 0 | ... N8: ='Cuadro A.15'!L25 -> 0
C9: Gas seco | D9: ='Cuadro A.15'!B26 -> 11.1 | E9: ='Cuadro A.15'!C26 -> 13.13 | F9: ='Cuadro A.15'!D26 -> 13.34 | G9: ='Cuadro A.15'!E26 -> 14.38 | H9: ='Cuadro A.15'!F26 -> 13.77 | I9: ='Cuadro A.15'!G26 -> 12.22 | J9: ='Cuadro A.15'!H26 -> 10.96 | K9: ='Cuadro A.15'!I26 -> 9.5 | ... N9: ='Cuadro A.15'!L26 -> 13.18
C10: Electricidad | D10: =CyS!C28+CyS!C60+CyS!C92+CyS!C124+CyS!C156+CyS!C188+CyS!C220+CyS!C252 -> 61.22 | E10: =CyS!D28+CyS!D60+CyS!D92+CyS!D124+CyS!D156+CyS!D188+CyS!D220+CyS!D252 -> 63.57 | F10: =CyS!E28+CyS!E60+CyS!E92+CyS!E124+CyS!E156+CyS!E188+CyS!E220+CyS!E252 -> 65.21 | G10: =CyS!F28+CyS!F60+CyS!F92+CyS!F124+CyS!F156+CyS!F188+CyS!F220+CyS!F252 -> 66.69 | H10: =CyS!G28+CyS!G60+CyS!G92+CyS!G124+CyS!G156+CyS!G188+CyS!G220+CyS!G252 -> 68.13 | I10: =CyS!H28+CyS!H60+CyS!H92+CyS!H124+CyS!H156+CyS!H188+CyS!H220+CyS!H252 -> 66.17 | J10: =CyS!I28+CyS!I60+CyS!I92+CyS!I124+CyS!I156+CyS!I188+CyS!I220+CyS!I252 -> 68.1 | K10: =CyS!J28+CyS!J60+CyS!J92+CyS!J124+CyS!J156+CyS!J188+CyS!J220+CyS!J252 -> 65.8 | L10: =CyS!K28+CyS!K60+CyS!K92+CyS!K124+CyS!K156+CyS!K188+CyS!K220+CyS!K252 -> 71.99 | M10: =M12+M14 -> 80.177511 | N10: =N12+N14 -> 77.915809
D11: =SUM(D4:D10) -> 163.96 | E11: =SUM(E4:E10) -> 167.03 | F11: =SUM(F4:F10) -> 169.87 | G11: =SUM(G4:G10) -> 171.43 | H11: =SUM(H4:H10) -> 169.47 | I11: =SUM(I4:I10) -> 165.71 | J11: =SUM(J4:J10) -> 165.41 | K11: =SUM(K4:K10) -> 176.76 | ... N11: =SUM(N4:N10) -> 177.46581
C12: Base | L12: ='Cuadro A.15'!J27 -> 50.8 | M12: ='Cuadro A.15'!K27 -> 59.3 | N12: ='Cuadro A.15'!L27 -> 56.79
C13: Sin clasificar | L13: ='Cuadro A.11'!J12 -> 300.4 | M13: ='Cuadro A.11'!K12 -> 295.97 | N13: ='Cuadro A.11'!L12 -> 299.49
L14: =(L10-L12)/L13 -> 0.070539281 | M14: =$L14*M13 -> 20.877511 | N14: =$L14*N13 -> 21.125809
A15: Usos finales
C16: Iluminación | D16: =D11*(SUM(CyS!C3:C29)/SUM(CyS!C3:C29,CyS!C35:C61,CyS!C67:C93,CyS!C99:C125,CyS!C131:C157,CyS!C163:C189,CyS!C195:C221,CyS!C227:C253)) -> 18.057621 | E16: =E11*(SUM(CyS!D3:D29)/SUM(CyS!D3:D29,CyS!D35:D61,CyS!D67:D93,CyS!D99:D125,CyS!D131:D157,CyS!D163:D189,CyS!D195:D221,CyS!D227:D253)) -> 18.750206 | F16: =F11*(SUM(CyS!E3:E29)/SUM(CyS!E3:E29,CyS!E35:E61,CyS!E67:E93,CyS!E99:E125,CyS!E131:E157,CyS!E163:E189,CyS!E195:E221,CyS!E227:E253)) -> 19.305465 | G16: =G11*(SUM(CyS!F3:F29)/SUM(CyS!F3:F29,CyS!F35:F61,CyS!F67:F93,CyS!F99:F125,CyS!F131:F157,CyS!F163:F189,CyS!F195:F221,CyS!F227:F253)) -> 20.229399 | H16: =H11*(SUM(CyS!G3:G29)/SUM(CyS!G3:G29,CyS!G35:G61,CyS!G67:G93,CyS!G99:G125,CyS!G131:G157,CyS!G163:G189,CyS!G195:G221,CyS!G227:G253)) -> 20.10678 | I16: =I11*(SUM(CyS!H3:H29)/SUM(CyS!H3:H29,CyS!H35:H61,CyS!H67:H93,CyS!H99:H125,CyS!H131:H157,CyS!H163:H189,CyS!H195:H221,CyS!H227:H253)) -> 19.41735 | J16: =J11*(SUM(CyS!I3:I29)/SUM(CyS!I3:I29,CyS!I35:I61,CyS!I67:I93,CyS!I99:I125,CyS!I131:I157,CyS!I163:I189,CyS!I195:I221,CyS!I227:I253)) -> 19.955043 | K16: =K11*(SUM(CyS!J3:J29)/SUM(CyS!J3:J29,CyS!J35:J61,CyS!J67:J93,CyS!J99:J125,CyS!J131:J157,CyS!J163:J189,CyS!J195:J221,CyS!J227:J253)) -> 21.198074 | L16: =L11*(SUM(CyS!K3:K29)/SUM(CyS!K3:K29,CyS!K35:K61,CyS!K67:K93,CyS!K99:K125,CyS!K131:K157,CyS!K163:K189,CyS!K195:K221,CyS!K227:K253)) -> 21.21 | M16: =M11*(SUM(CyS!K3:K29)/SUM(CyS!K3:K29,CyS!K35:K61,CyS!K67:K93,CyS!K99:K125,CyS!K131:K157,CyS!K163:K189,CyS!K195:K221,CyS!K227:K253)) -> 22.530738 | N16: =N11*(SUM(CyS!K3:K29)/SUM(CyS!K3:K29,CyS!K35:K61,CyS!K67:K93,CyS!K99:K125,CyS!K131:K157,CyS!K163:K189,CyS!K195:K221,CyS!K227:K253)) -> 22.033892
C17: Climatización | D17: =D11*(SUM(CyS!C35:C61)/SUM(CyS!C3:C29,CyS!C35:C61,CyS!C67:C93,CyS!C99:C125,CyS!C131:C157,CyS!C163:C189,CyS!C195:C221,CyS!C227:C253)) -> 29.729011 | E17: =E11*(SUM(CyS!D35:D61)/SUM(CyS!D3:D29,CyS!D35:D61,CyS!D67:D93,CyS!D99:D125,CyS!D131:D157,CyS!D163:D189,CyS!D195:D221,CyS!D227:D253)) -> 30.893292 | F17: =F11*(SUM(CyS!E35:E61)/SUM(CyS!E3:E29,CyS!E35:E61,CyS!E67:E93,CyS!E99:E125,CyS!E131:E157,CyS!E163:E189,CyS!E195:E221,CyS!E227:E253)) -> 31.807286 | G17: =G11*(SUM(CyS!F35:F61)/SUM(CyS!F3:F29,CyS!F35:F61,CyS!F67:F93,CyS!F99:F125,CyS!F131:F157,CyS!F163:F189,CyS!F195:F221,CyS!F227:F253)) -> 33.30387 | H17: =H11*(SUM(CyS!G35:G61)/SUM(CyS!G3:G29,CyS!G35:G61,CyS!G67:G93,CyS!G99:G125,CyS!G131:G157,CyS!G163:G189,CyS!G195:G221,CyS!G227:G253)) -> 33.120585 | I17: =I11*(SUM(CyS!H35:H61)/SUM(CyS!H3:H29,CyS!H35:H61,CyS!H67:H93,CyS!H99:H125,CyS!H131:H157,CyS!H163:H189,CyS!H195:H221,CyS!H227:H253)) -> 31.990309 | J17: =J11*(SUM(CyS!I35:I61)/SUM(CyS!I3:I29,CyS!I35:I61,CyS!I67:I93,CyS!I99:I125,CyS!I131:I157,CyS!I163:I189,CyS!I195:I221,CyS!I227:I253)) -> 32.877078 | K17: =K11*(SUM(CyS!J35:J61)/SUM(CyS!J3:J29,CyS!J35:J61,CyS!J67:J93,CyS!J99:J125,CyS!J131:J157,CyS!J163:J189,CyS!J195:J221,CyS!J227:J253)) -> 34.925413 | L17: =L11*(SUM(CyS!K35:K61)/SUM(CyS!K3:K29,CyS!K35:K61,CyS!K67:K93,CyS!K99:K125,CyS!K131:K157,CyS!K163:K189,CyS!K195:K221,CyS!K227:K253)) -> 34.94 | M17: =M11*(SUM(CyS!K35:K61)/SUM(CyS!K3:K29,CyS!K35:K61,CyS!K67:K93,CyS!K99:K125,CyS!K131:K157,CyS!K163:K189,CyS!K195:K221,CyS!K227:K253)) -> 37.115699 | N17: =N11*(SUM(CyS!K35:K61)/SUM(CyS!K3:K29,CyS!K35:K61,CyS!K67:K93,CyS!K99:K125,CyS!K131:K157,CyS!K163:K189,CyS!K195:K221,CyS!K227:K253)) -> 36.297228
C18: Refrigeración | D18: =D11*(SUM(CyS!C67:C93)/SUM(CyS!C3:C29,CyS!C35:C61,CyS!C67:C93,CyS!C99:C125,CyS!C131:C157,CyS!C163:C189,CyS!C195:C221,CyS!C227:C253)) -> 5.5253919 | E18: =E11*(SUM(CyS!D67:D93)/SUM(CyS!D3:D29,CyS!D35:D61,CyS!D67:D93,CyS!D99:D125,CyS!D131:D157,CyS!D163:D189,CyS!D195:D221,CyS!D227:D253)) -> 5.7361816 | F18: =F11*(SUM(CyS!E67:E93)/SUM(CyS!E3:E29,CyS!E35:E61,CyS!E67:E93,CyS!E99:E125,CyS!E131:E157,CyS!E163:E189,CyS!E195:E221,CyS!E227:E253)) -> 5.9092208 | G18: =G11*(SUM(CyS!F67:F93)/SUM(CyS!F3:F29,CyS!F35:F61,CyS!F67:F93,CyS!F99:F125,CyS!F131:F157,CyS!F163:F189,CyS!F195:F221,CyS!F227:F253)) -> 6.1975054 | H18: =H11*(SUM(CyS!G67:G93)/SUM(CyS!G3:G29,CyS!G35:G61,CyS!G67:G93,CyS!G99:G125,CyS!G131:G157,CyS!G163:G189,CyS!G195:G221,CyS!G227:G253)) -> 6.1612704 | I18: =I11*(SUM(CyS!H67:H93)/SUM(CyS!H3:H29,CyS!H35:H61,CyS!H67:H93,CyS!H99:H125,CyS!H131:H157,CyS!H163:H189,CyS!H195:H221,CyS!H227:H253)) -> 5.9477466 | J18: =J11*(SUM(CyS!I67:I93)/SUM(CyS!I3:I29,CyS!I35:I61,CyS!I67:I93,CyS!I99:I125,CyS!I131:I157,CyS!I163:I189,CyS!I195:I221,CyS!I227:I253)) -> 6.1078747 | K18: =K11*(SUM(CyS!J67:J93)/SUM(CyS!J3:J29,CyS!J35:J61,CyS!J67:J93,CyS!J99:J125,CyS!J131:J157,CyS!J163:J189,CyS!J195:J221,CyS!J227:J253)) -> 6.4972426 | L18: =L11*(SUM(CyS!K67:K93)/SUM(CyS!K3:K29,CyS!K35:K61,CyS!K67:K93,CyS!K99:K125,CyS!K131:K157,CyS!K163:K189,CyS!K195:K221,CyS!K227:K253)) -> 6.49 | M18: =M11*(SUM(CyS!K67:K93)/SUM(CyS!K3:K29,CyS!K35:K61,CyS!K67:K93,CyS!K99:K125,CyS!K131:K157,CyS!K163:K189,CyS!K195:K221,CyS!K227:K253)) -> 6.8941295 | N18: =N11*(SUM(CyS!K67:K93)/SUM(CyS!K3:K29,CyS!K35:K61,CyS!K67:K93,CyS!K99:K125,CyS!K131:K157,CyS!K163:K189,CyS!K195:K221,CyS!K227:K253)) -> 6.7421009
C19: Motores | D19: =D11*(SUM(CyS!C99:C125)/SUM(CyS!C3:C29,CyS!C35:C61,CyS!C67:C93,CyS!C99:C125,CyS!C131:C157,CyS!C163:C189,CyS!C195:C221,CyS!C227:C253)) -> 13.38306 | E19: =E11*(SUM(CyS!D99:D125)/SUM(CyS!D3:D29,CyS!D35:D61,CyS!D67:D93,CyS!D99:D125,CyS!D131:D157,CyS!D163:D189,CyS!D195:D221,CyS!D227:D253)) -> 14.595729 | F19: =F11*(SUM(CyS!E99:E125)/SUM(CyS!E3:E29,CyS!E35:E61,CyS!E67:E93,CyS!E99:E125,CyS!E131:E157,CyS!E163:E189,CyS!E195:E221,CyS!E227:E253)) -> 15.617227 | G19: =G11*(SUM(CyS!F99:F125)/SUM(CyS!F3:F29,CyS!F35:F61,CyS!F67:F93,CyS!F99:F125,CyS!F131:F157,CyS!F163:F189,CyS!F195:F221,CyS!F227:F253)) -> 13.259779 | H19: =H11*(SUM(CyS!G99:G125)/SUM(CyS!G3:G29,CyS!G35:G61,CyS!G67:G93,CyS!G99:G125,CyS!G131:G157,CyS!G163:G189,CyS!G195:G221,CyS!G227:G253)) -> 12.873549 | I19: =I11*(SUM(CyS!H99:H125)/SUM(CyS!H3:H29,CyS!H35:H61,CyS!H67:H93,CyS!H99:H125,CyS!H131:H157,CyS!H163:H189,CyS!H195:H221,CyS!H227:H253)) -> 10.919146 | J19: =J11*(SUM(CyS!I99:I125)/SUM(CyS!I3:I29,CyS!I35:I61,CyS!I67:I93,CyS!I99:I125,CyS!I131:I157,CyS!I163:I189,CyS!I195:I221,CyS!I227:I253)) -> 9.8680972 | K19: =K11*(SUM(CyS!J99:J125)/SUM(CyS!J3:J29,CyS!J35:J61,CyS!J67:J93,CyS!J99:J125,CyS!J131:J157,CyS!J163:J189,CyS!J195:J221,CyS!J227:J253)) -> 9.2208342 | L19: =L11*(SUM(CyS!K99:K125)/SUM(CyS!K3:K29,CyS!K35:K61,CyS!K67:K93,CyS!K99:K125,CyS!K131:K157,CyS!K163:K189,CyS!K195:K221,CyS!K227:K253)) -> 9.94 | M19: =M11*(SUM(CyS!K99:K125)/SUM(CyS!K3:K29,CyS!K35:K61,CyS!K67:K93,CyS!K99:K125,CyS!K131:K157,CyS!K163:K189,CyS!K195:K221,CyS!K227:K253)) -> 10.55896 | N19: =N11*(SUM(CyS!K99:K125)/SUM(CyS!K3:K29,CyS!K35:K61,CyS!K67:K93,CyS!K99:K125,CyS!K131:K157,CyS!K163:K189,CyS!K195:K221,CyS!K227:K253)) -> 10.326115
C20: Misceláneos | D20: =D11*(SUM(CyS!C131:C157)/SUM(CyS!C3:C29,CyS!C35:C61,CyS!C67:C93,CyS!C99:C125,CyS!C131:C157,CyS!C163:C189,CyS!C195:C221,CyS!C227:C253)) -> 1.7617192 | E20: =E11*(SUM(CyS!D131:D157)/SUM(CyS!D3:D29,CyS!D35:D61,CyS!D67:D93,CyS!D99:D125,CyS!D131:D157,CyS!D163:D189,CyS!D195:D221,CyS!D227:D253)) -> 1.8219634 | F20: =F11*(SUM(CyS!E131:E157)/SUM(CyS!E3:E29,CyS!E35:E61,CyS!E67:E93,CyS!E99:E125,CyS!E131:E157,CyS!E163:E189,CyS!E195:E221,CyS!E227:E253)) -> 1.879293 | G20: =G11*(SUM(CyS!F131:F157)/SUM(CyS!F3:F29,CyS!F35:F61,CyS!F67:F93,CyS!F99:F125,CyS!F131:F157,CyS!F163:F189,CyS!F195:F221,CyS!F227:F253)) -> 1.9663182 | H20: =H11*(SUM(CyS!G131:G157)/SUM(CyS!G3:G29,CyS!G35:G61,CyS!G67:G93,CyS!G99:G125,CyS!G131:G157,CyS!G163:G189,CyS!G195:G221,CyS!G227:G253)) -> 1.9435552 | I20: =I11*(SUM(CyS!H131:H157)/SUM(CyS!H3:H29,CyS!H35:H61,CyS!H67:H93,CyS!H99:H125,CyS!H131:H157,CyS!H163:H189,CyS!H195:H221,CyS!H227:H253)) -> 1.882955 | J20: =J11*(SUM(CyS!I131:I157)/SUM(CyS!I3:I29,CyS!I35:I61,CyS!I67:I93,CyS!I99:I125,CyS!I131:I157,CyS!I163:I189,CyS!I195:I221,CyS!I227:I253)) -> 1.9298497 | K20: =K11*(SUM(CyS!J131:J157)/SUM(CyS!J3:J29,CyS!J35:J61,CyS!J67:J93,CyS!J99:J125,CyS!J131:J157,CyS!J163:J189,CyS!J195:J221,CyS!J227:J253)) -> 2.0563663 | L20: =L11*(SUM(CyS!K131:K157)/SUM(CyS!K3:K29,CyS!K35:K61,CyS!K67:K93,CyS!K99:K125,CyS!K131:K157,CyS!K163:K189,CyS!K195:K221,CyS!K227:K253)) -> 2.06 | M20: =M11*(SUM(CyS!K131:K157)/SUM(CyS!K3:K29,CyS!K35:K61,CyS!K67:K93,CyS!K99:K125,CyS!K131:K157,CyS!K163:K189,CyS!K195:K221,CyS!K227:K253)) -> 2.1882753 | N20: =N11*(SUM(CyS!K131:K157)/SUM(CyS!K3:K29,CyS!K35:K61,CyS!K67:K93,CyS!K99:K125,CyS!K131:K157,CyS!K163:K189,CyS!K195:K221,CyS!K227:K253)) -> 2.1400197
C21: Otros | D21: =D11*(SUM(CyS!C163:C189)/SUM(CyS!C3:C29,CyS!C35:C61,CyS!C67:C93,CyS!C99:C125,CyS!C131:C157,CyS!C163:C189,CyS!C195:C221,CyS!C227:C253)) -> 2.7827155 | E21: =E11*(SUM(CyS!D163:D189)/SUM(CyS!D3:D29,CyS!D35:D61,CyS!D67:D93,CyS!D99:D125,CyS!D131:D157,CyS!D163:D189,CyS!D195:D221,CyS!D227:D253)) -> 2.883107 | F21: =F11*(SUM(CyS!E163:E189)/SUM(CyS!E3:E29,CyS!E35:E61,CyS!E67:E93,CyS!E99:E125,CyS!E131:E157,CyS!E163:E189,CyS!E195:E221,CyS!E227:E253)) -> 2.9747098 | G21: =G11*(SUM(CyS!F163:F189)/SUM(CyS!F3:F29,CyS!F35:F61,CyS!F67:F93,CyS!F99:F125,CyS!F131:F157,CyS!F163:F189,CyS!F195:F221,CyS!F227:F253)) -> 3.1193424 | H21: =H11*(SUM(CyS!G163:G189)/SUM(CyS!G3:G29,CyS!G35:G61,CyS!G67:G93,CyS!G99:G125,CyS!G131:G157,CyS!G163:G189,CyS!G195:G221,CyS!G227:G253)) -> 3.0956627 | I21: =I11*(SUM(CyS!H163:H189)/SUM(CyS!H3:H29,CyS!H35:H61,CyS!H67:H93,CyS!H99:H125,CyS!H131:H157,CyS!H163:H189,CyS!H195:H221,CyS!H227:H253)) -> 2.9987801 | J21: =J11*(SUM(CyS!I163:I189)/SUM(CyS!I3:I29,CyS!I35:I61,CyS!I67:I93,CyS!I99:I125,CyS!I131:I157,CyS!I163:I189,CyS!I195:I221,CyS!I227:I253)) -> 3.0738327 | K21: =K11*(SUM(CyS!J163:J189)/SUM(CyS!J3:J29,CyS!J35:J61,CyS!J67:J93,CyS!J99:J125,CyS!J131:J157,CyS!J163:J189,CyS!J195:J221,CyS!J227:J253)) -> 3.2704975 | L21: =L11*(SUM(CyS!K163:K189)/SUM(CyS!K3:K29,CyS!K35:K61,CyS!K67:K93,CyS!K99:K125,CyS!K131:K157,CyS!K163:K189,CyS!K195:K221,CyS!K227:K253)) -> 3.27 | M21: =M11*(SUM(CyS!K163:K189)/SUM(CyS!K3:K29,CyS!K35:K61,CyS!K67:K93,CyS!K99:K125,CyS!K131:K157,CyS!K163:K189,CyS!K195:K221,CyS!K227:K253)) -> 3.4736215 | N21: =N11*(SUM(CyS!K163:K189)/SUM(CyS!K3:K29,CyS!K35:K61,CyS!K67:K93,CyS!K99:K125,CyS!K131:K157,CyS!K163:K189,CyS!K195:K221,CyS!K227:K253)) -> 3.3970216
C22: Calentamiento de agua | D22: =D11*(SUM(CyS!C195:C221)/SUM(CyS!C3:C29,CyS!C35:C61,CyS!C67:C93,CyS!C99:C125,CyS!C131:C157,CyS!C163:C189,CyS!C195:C221,CyS!C227:C253)) -> 32.241463 | E22: =E11*(SUM(CyS!D195:D221)/SUM(CyS!D3:D29,CyS!D35:D61,CyS!D67:D93,CyS!D99:D125,CyS!D131:D157,CyS!D163:D189,CyS!D195:D221,CyS!D227:D253)) -> 32.444964 | F22: =F11*(SUM(CyS!E195:E221)/SUM(CyS!E3:E29,CyS!E35:E61,CyS!E67:E93,CyS!E99:E125,CyS!E131:E157,CyS!E163:E189,CyS!E195:E221,CyS!E227:E253)) -> 32.812255 | G22: =G11*(SUM(CyS!F195:F221)/SUM(CyS!F3:F29,CyS!F35:F61,CyS!F67:F93,CyS!F99:F125,CyS!F131:F157,CyS!F163:F189,CyS!F195:F221,CyS!F227:F253)) -> 33.427409 | H22: =H11*(SUM(CyS!G195:G221)/SUM(CyS!G3:G29,CyS!G35:G61,CyS!G67:G93,CyS!G99:G125,CyS!G131:G157,CyS!G163:G189,CyS!G195:G221,CyS!G227:G253)) -> 32.920219 | I22: =I11*(SUM(CyS!H195:H221)/SUM(CyS!H3:H29,CyS!H35:H61,CyS!H67:H93,CyS!H99:H125,CyS!H131:H157,CyS!H163:H189,CyS!H195:H221,CyS!H227:H253)) -> 33.504643 | J22: =J11*(SUM(CyS!I195:I221)/SUM(CyS!I3:I29,CyS!I35:I61,CyS!I67:I93,CyS!I99:I125,CyS!I131:I157,CyS!I163:I189,CyS!I195:I221,CyS!I227:I253)) -> 33.344619 | K22: =K11*(SUM(CyS!J195:J221)/SUM(CyS!J3:J29,CyS!J35:J61,CyS!J67:J93,CyS!J99:J125,CyS!J131:J157,CyS!J163:J189,CyS!J195:J221,CyS!J227:J253)) -> 36.719265 | L22: =L11*(SUM(CyS!K195:K221)/SUM(CyS!K3:K29,CyS!K35:K61,CyS!K67:K93,CyS!K99:K125,CyS!K131:K157,CyS!K163:K189,CyS!K195:K221,CyS!K227:K253)) -> 34.74 | M22: =M11*(SUM(CyS!K195:K221)/SUM(CyS!K3:K29,CyS!K35:K61,CyS!K67:K93,CyS!K99:K125,CyS!K131:K157,CyS!K163:K189,CyS!K195:K221,CyS!K227:K253)) -> 36.903245 | N22: =N11*(SUM(CyS!K195:K221)/SUM(CyS!K3:K29,CyS!K35:K61,CyS!K67:K93,CyS!K99:K125,CyS!K131:K157,CyS!K163:K189,CyS!K195:K221,CyS!K227:K253)) -> 36.089459
C23: Cocción de alimentos | D23: =D11*(SUM(CyS!C227:C253)/SUM(CyS!C3:C29,CyS!C35:C61,CyS!C67:C93,CyS!C99:C125,CyS!C131:C157,CyS!C163:C189,CyS!C195:C221,CyS!C227:C253)) -> 60.479018 | E23: =E11*(SUM(CyS!D227:D253)/SUM(CyS!D3:D29,CyS!D35:D61,CyS!D67:D93,CyS!D99:D125,CyS!D131:D157,CyS!D163:D189,CyS!D195:D221,CyS!D227:D253)) -> 59.904556 | F23: =F11*(SUM(CyS!E227:E253)/SUM(CyS!E3:E29,CyS!E35:E61,CyS!E67:E93,CyS!E99:E125,CyS!E131:E157,CyS!E163:E189,CyS!E195:E221,CyS!E227:E253)) -> 59.564544 | G23: =G11*(SUM(CyS!F227:F253)/SUM(CyS!F3:F29,CyS!F35:F61,CyS!F67:F93,CyS!F99:F125,CyS!F131:F157,CyS!F163:F189,CyS!F195:F221,CyS!F227:F253)) -> 59.926377 | H23: =H11*(SUM(CyS!G227:G253)/SUM(CyS!G3:G29,CyS!G35:G61,CyS!G67:G93,CyS!G99:G125,CyS!G131:G157,CyS!G163:G189,CyS!G195:G221,CyS!G227:G253)) -> 59.248379 | I23: =I11*(SUM(CyS!H227:H253)/SUM(CyS!H3:H29,CyS!H35:H61,CyS!H67:H93,CyS!H99:H125,CyS!H131:H157,CyS!H163:H189,CyS!H195:H221,CyS!H227:H253)) -> 59.049069 | J23: =J11*(SUM(CyS!I227:I253)/SUM(CyS!I3:I29,CyS!I35:I61,CyS!I67:I93,CyS!I99:I125,CyS!I131:I157,CyS!I163:I189,CyS!I195:I221,CyS!I227:I253)) -> 58.253606 | K23: =K11*(SUM(CyS!J227:J253)/SUM(CyS!J3:J29,CyS!J35:J61,CyS!J67:J93,CyS!J99:J125,CyS!J131:J157,CyS!J163:J189,CyS!J195:J221,CyS!J227:J253)) -> 62.872307 | L23: =L11*(SUM(CyS!K227:K253)/SUM(CyS!K3:K29,CyS!K35:K61,CyS!K67:K93,CyS!K99:K125,CyS!K131:K157,CyS!K163:K189,CyS!K195:K221,CyS!K227:K253)) -> 58.18 | M23: =M11*(SUM(CyS!K227:K253)/SUM(CyS!K3:K29,CyS!K35:K61,CyS!K67:K93,CyS!K99:K125,CyS!K131:K157,CyS!K163:K189,CyS!K195:K221,CyS!K227:K253)) -> 61.802844 | N23: =N11*(SUM(CyS!K227:K253)/SUM(CyS!K3:K29,CyS!K35:K61,CyS!K67:K93,CyS!K99:K125,CyS!K131:K157,CyS!K163:K189,CyS!K195:K221,CyS!K227:K253)) -> 60.439974
D24: =SUM(D16:D23) -> 163.96 | E24: =SUM(E16:E23) -> 167.03 | F24: =SUM(F16:F23) -> 169.87 | G24: =SUM(G16:G23) -> 171.43 | H24: =SUM(H16:H23) -> 169.47 | I24: =SUM(I16:I23) -> 165.71 | J24: =SUM(J16:J23) -> 165.41 | K24: =SUM(K16:K23) -> 176.76 | ... N24: =SUM(N16:N23) -> 177.46581
B26: Iluminación
C27: Electricidad | D27: =D16 -> 18.057621 | E27: =E16 -> 18.750206 | F27: =F16 -> 19.305465 | G27: =G16 -> 20.229399 | H27: =H16 -> 20.10678 | I27: =I16 -> 19.41735 | J27: =J16 -> 19.955043 | K27: =K16 -> 21.198074 | ... N27: =N16 -> 22.033892
B28: Climatización
C29: Electricidad | D29: =D17 -> 29.729011 | E29: =E17 -> 30.893292 | F29: =F17 -> 31.807286 | G29: =G17 -> 33.30387 | H29: =H17 -> 33.120585 | I29: =I17 -> 31.990309 | J29: =J17 -> 32.877078 | K29: =K17 -> 34.925413 | ... N29: =N17 -> 36.297228
B30: Refrigeración
C31: Electricidad | D31: =D18 -> 5.5253919 | E31: =E18 -> 5.7361816 | F31: =F18 -> 5.9092208 | G31: =G18 -> 6.1975054 | H31: =H18 -> 6.1612704 | I31: =I18 -> 5.9477466 | J31: =J18 -> 6.1078747 | K31: =K18 -> 6.4972426 | ... N31: =N18 -> 6.7421009
B32: Motores
C33: Gas licuado de petróleo | D33: =D19-D34-D35 -> 4.641621 | E33: =E19-E34-E35 -> 5.6285712 | F33: =F19-F34-F35 -> 5.8923606 | G33: =G19-G34-G35 -> 7.4690279 | H33: =H19-H34-H35 -> 8.063329 | I33: =I19-I34-I35 -> 6.0711196 | J33: =J19-J34-J35 -> 4.8275073 | K33: =K19-K34-K35 -> 7.4731654 | ... N33: =N19-N34-N35 -> 3.2661247
C34: Diésel | D34: =D8 -> 4.4 | E34: =E8 -> 4.46 | F34: =F8 -> 5.22 | G34: =G8 -> 1.97 | H34: =H8 -> 0 | I34: =I8 -> 0 | J34: =J8 -> 0 | K34: =K8 -> 0 | ... N34: =N8 -> 0
C35: Electricidad | D35: =D65*D66 -> 4.3414389 | E35: =E65*E66 -> 4.5071579 | F35: =F65*F66 -> 4.5048659 | G35: =G65*G66 -> 3.8207512 | H35: =H65*H66 -> 4.8102197 | I35: =I65*I66 -> 4.8480266 | J35: =J65*J66 -> 5.0405899 | K35: =K65*K66 -> 1.7476688 | L35: =L65*$L66 -> 5.14 | M35: =M65*$L66 -> 7.4966735 | N35: =N65*$L66 -> 7.0599899
B36: Misceláneos
C37: Gas licuado de petróleo | D37: =D20-D38 -> 0.96694775 | E37: =E20-E38 -> 0.99796761 | F37: =F20-F38 -> 1.05759 | G37: =G20-G38 -> 1.2679876 | H37: =H20-H38 -> 1.0743574 | I37: =I20-I38 -> 1.0014956 | J37: =J20-J38 -> 1.0190244 | K37: =K20-K38 -> 1.7402986 | ... N37: =N20-N38 -> 0.84889316
C38: Electricidad | D38: =D65*D67 -> 0.79477142 | E38: =E65*E67 -> 0.82399584 | F38: =F65*F67 -> 0.821703 | G38: =G65*G67 -> 0.69833057 | H38: =H65*H67 -> 0.86919781 | I38: =I65*I67 -> 0.88145939 | J38: =J65*J67 -> 0.91082528 | K38: =K65*K67 -> 0.31606776 | L38: =L65*$L67 -> 0.94 | M38: =M65*$L67 -> 1.370987 | N38: =N65*$L67 -> 1.2911266
B39: Otros
C40: Gas licuado de petróleo | D40: =D21-D41 -> 0.80572161 | E40: =E21-E41 -> 0.83800889 | F40: =F21-F41 -> 0.92528585 | G40: =G21-G41 -> 1.3775294 | H40: =H21-H41 -> 0.9127909 | I40: =I21-I41 -> 0.79513167 | J40: =J21-J41 -> 0.78641921 | K40: =K21-K41 -> 2.4747505 | ... N40: =N21-N41 -> 0.18294059
C41: Electricidad | D41: =D65*D68 -> 1.9769939 | E41: =E65*E68 -> 2.0450981 | F41: =F65*F68 -> 2.049424 | G41: =G65*G68 -> 1.741813 | H41: =H65*H68 -> 2.1828718 | I41: =I65*I68 -> 2.2036485 | J41: =J65*J68 -> 2.2874135 | K41: =K65*K68 -> 0.79574706 | L41: =L65*$L68 -> 2.34 | M41: =M65*$L68 -> 3.4128825 | N41: =N65*$L68 -> 3.214081
B42: Calentamiento de agua
C43: Radiación solar | D43: =D4 -> 2.98 | E43: =E4 -> 3.3 | F43: =F4 -> 3.68 | G43: =G4 -> 3.91 | H43: =H4 -> 3.87 | I43: =I4 -> 4.75 | J43: =J4 -> 5.17 | K43: =K4 -> 5.96 | ... N43: =N4 -> 8.47
C44: Leña | D44: =D5*CyS!C205/(CyS!C205+CyS!C237) -> 4.85 | E44: =E5*CyS!D205/(CyS!D205+CyS!D237) -> 4.82 | F44: =F5*CyS!E205/(CyS!E205+CyS!E237) -> 4.8 | G44: =G5*CyS!F205/(CyS!F205+CyS!F237) -> 4.78 | H44: =H5*CyS!G205/(CyS!G205+CyS!G237) -> 4.75 | I44: =I5*CyS!H205/(CyS!H205+CyS!H237) -> 4.73 | J44: =J5*CyS!I205/(CyS!I205+CyS!I237) -> 4.7 | K44: =K5*CyS!J205/(CyS!J205+CyS!J237) -> 4.68 | L44: =L5*CyS!$K205/(CyS!$K205+CyS!$K237) -> 4.66 | M44: =M5*CyS!$K205/(CyS!$K205+CyS!$K237) -> 4.6420077 | N44: =N5*CyS!$K205/(CyS!$K205+CyS!$K237) -> 4.6240154
C45: Carbón vegetal | D45: =D6*CyS!C209/(CyS!C241+CyS!C209) -> 2.08 | E45: =E6*CyS!D209/(CyS!D241+CyS!D209) -> 2.1 | F45: =F6*CyS!E209/(CyS!E241+CyS!E209) -> 2.13 | G45: =G6*CyS!F209/(CyS!F241+CyS!F209) -> 2.16 | H45: =H6*CyS!G209/(CyS!G241+CyS!G209) -> 2.19 | I45: =I6*CyS!H209/(CyS!H241+CyS!H209) -> 2.21 | J45: =J6*CyS!I209/(CyS!I241+CyS!I209) -> 2.24 | K45: =K6*CyS!J209/(CyS!J241+CyS!J209) -> 2.27 | L45: =L6*CyS!$K209/(CyS!$K241+CyS!$K209) -> 2.3 | M45: =M6*CyS!$K209/(CyS!$K241+CyS!$K209) -> 2.3288401 | N45: =N6*CyS!$K209/(CyS!$K241+CyS!$K209) -> 2.3576803
C46: Gas licuado de petróleo | D46: =(D7-D33-D37-D40)*CyS!C213/(CyS!C213+CyS!C245) -> 18.359863 | E46: =(E7-E33-E37-E40)*CyS!D213/(CyS!D213+CyS!D245) -> 17.536595 | F46: =(F7-F33-F37-F40)*CyS!E213/(CyS!E213+CyS!E245) -> 17.33947 | G46: =(G7-G33-G37-G40)*CyS!F213/(CyS!F213+CyS!F245) -> 17.240396 | H46: =(H7-H33-H37-H40)*CyS!G213/(CyS!G213+CyS!G245) -> 17.056308 | I46: =(I7-I33-I37-I40)*CyS!H213/(CyS!H213+CyS!H245) -> 17.334976 | J46: =(J7-J33-J37-J40)*CyS!I213/(CyS!I213+CyS!I245) -> 17.203414 | K46: =(K7-K33-K37-K40)*CyS!J213/(CyS!J213+CyS!J245) -> 19.959898 | L46: =(L7-L33-L37-L40)*CyS!$K213/(CyS!$K213+CyS!$K245) -> 16.92 | M46: =(M7-M33-M37-M40)*CyS!$K213/(CyS!$K213+CyS!$K245) -> 18.46488 | N46: =(N7-N33-N37-N40)*CyS!$K213/(CyS!$K213+CyS!$K245) -> 16.886372
C47: Gas seco | D47: =D9*CyS!C219/(CyS!C219+CyS!C251) -> 4 | E47: =E9*CyS!D219/(CyS!D219+CyS!D251) -> 4.73 | F47: =F9*CyS!E219/(CyS!E219+CyS!E251) -> 4.8 | G47: =G9*CyS!F219/(CyS!F219+CyS!F251) -> 5.18 | H47: =H9*CyS!G219/(CyS!G219+CyS!G251) -> 4.96 | I47: =I9*CyS!H219/(CyS!H219+CyS!H251) -> 4.4 | J47: =J9*CyS!I219/(CyS!I219+CyS!I251) -> 3.95 | K47: =K9*CyS!J219/(CyS!J219+CyS!J251) -> 3.42 | L47: =L9*CyS!$K219/(CyS!$K219+CyS!$K251) -> 4.26 | M47: =M9*CyS!$K219/(CyS!$K219+CyS!$K251) -> 4.3176162 | N47: =N9*CyS!$K219/(CyS!$K219+CyS!$K251) -> 4.7461369
C48: Electricidad | D48: =D65*D69 -> 0.079477142 | E48: =E65*E69 -> 0.079421285 | F48: =F65*F69 -> 0.077336753 | G48: =G65*G69 -> 0.072241093 | H48: =H65*H69 -> 0.088895231 | I48: =I65*I69 -> 0.09224575 | J48: =J65*J69 -> 0.093152585 | K48: =K65*K69 -> 0.033465998 | L48: =L65*$L69 -> 0.09 | M48: =M65*$L69 -> 0.13126471 | N48: =N65*$L69 -> 0.1236185
B49: Cocción de alimentos
C50: Leña | D50: =D5-D44 -> 8.61 | E50: =E5-E44 -> 8.58 | F50: =F5-F44 -> 8.53 | G50: =G5-G44 -> 8.49 | H50: =H5-H44 -> 8.45 | I50: =I5-I44 -> 8.4 | J50: =J5-J44 -> 8.37 | K50: =K5-K44 -> 8.32 | ... N50: =N5-N44 -> 8.2259846
C51: Carbón vegetal | D51: =D6-D45 -> 3.69 | E51: =E6-E45 -> 3.75 | F51: =F6-F45 -> 3.79 | G51: =G6-G45 -> 3.84 | H51: =H6-H45 -> 3.88 | I51: =I6-I45 -> 3.94 | J51: =J6-J45 -> 3.98 | K51: =K6-K45 -> 4.03 | ... N51: =N6-N45 -> 4.1823197
C52: Gas licuado de petróleo | D52: =(D7-D33-D37-D40)*CyS!C245/(CyS!C213+CyS!C245) -> 40.255847 | E52: =(E7-E33-E37-E40)*CyS!D245/(CyS!D213+CyS!D245) -> 38.318858 | F52: =(F7-F33-F37-F40)*CyS!E245/(CyS!E213+CyS!E245) -> 37.955293 | G52: =(G7-G33-G37-G40)*CyS!F245/(CyS!F213+CyS!F245) -> 37.855059 | H52: =(H7-H33-H37-H40)*CyS!G245/(CyS!G213+CyS!G245) -> 37.323215 | I52: =(I7-I33-I37-I40)*CyS!H245/(CyS!H213+CyS!H245) -> 38.087277 | J52: =(J7-J33-J37-J40)*CyS!I245/(CyS!I213+CyS!I245) -> 38.053635 | K52: =(K7-K33-K37-K40)*CyS!J245/(CyS!J213+CyS!J245) -> 44.551888 | L52: =(L7-L33-L37-L40)*CyS!$K245/(CyS!$K213+CyS!$K245) -> 37.4 | M52: =(M7-M33-M37-M40)*CyS!$K245/(CyS!$K213+CyS!$K245) -> 40.814806 | N52: =(N7-N33-N37-N40)*CyS!$K245/(CyS!$K213+CyS!$K245) -> 37.325669
C53: Gas seco | D53: =D9-D47 -> 7.1 | E53: =E9-E47 -> 8.4 | F53: =F9-F47 -> 8.54 | G53: =G9-G47 -> 9.2 | H53: =H9-H47 -> 8.81 | I53: =I9-I47 -> 7.82 | J53: =J9-J47 -> 7.01 | K53: =K9-K47 -> 6.08 | ... N53: =N9-N47 -> 8.4338631
C54: Electricidad | D54: =D65*D70 -> 0.71529427 | E54: =E65*E70 -> 0.73464689 | F54: =F65*F70 -> 0.73469916 | G54: =G65*G70 -> 0.62608948 | H54: =H65*H70 -> 0.79017983 | I54: =I65*I70 -> 0.78921364 | J54: =J65*J70 -> 0.82802298 | K54: =K65*K70 -> 0.2863202 | L54: =L65*$L70 -> 0.84 | M54: =M65*$L70 -> 1.2251373 | N54: =N65*$L70 -> 1.1537727
D56: =SUM(D26:D54) -> 163.96 | E56: =SUM(E26:E54) -> 167.03 | F56: =SUM(F26:F54) -> 169.87 | G56: =SUM(G26:G54) -> 171.43 | H56: =SUM(H26:H54) -> 169.47 | I56: =SUM(I26:I54) -> 165.71 | J56: =SUM(J26:J54) -> 165.41 | K56: =SUM(K26:K54) -> 176.76 | ... N56: =SUM(N26:N54) -> 177.46581
B58: appliances
C59: Gas licuado de petróleo | D59: =D40+D37+D33 -> 6.4142903 | E59: =E40+E37+E33 -> 7.4645476 | F59: =F40+F37+F33 -> 7.8752365 | G59: =G40+G37+G33 -> 10.114545 | H59: =H40+H37+H33 -> 10.050477 | I59: =I40+I37+I33 -> 7.8677469 | J59: =J40+J37+J33 -> 6.6329509 | K59: =K40+K37+K33 -> 11.688214 | ... N59: =N40+N37+N33 -> 4.2979584
C60: Diésel | D60: =D34 -> 4.4 | E60: =E34 -> 4.46 | F60: =F34 -> 5.22 | G60: =G34 -> 1.97 | H60: =H34 -> 0 | I60: =I34 -> 0 | J60: =J34 -> 0 | K60: =K34 -> 0 | ... N60: =N34 -> 0
C61: Electricidad | D61: =D41+D38+D35+D31 -> 12.638596 | E61: =E41+E38+E35+E31 -> 13.112433 | F61: =F41+F38+F35+F31 -> 13.285214 | G61: =G41+G38+G35+G31 -> 12.4584 | H61: =H41+H38+H35+H31 -> 14.02356 | I61: =I41+I38+I35+I31 -> 13.880881 | J61: =J41+J38+J35+J31 -> 14.346703 | K61: =K41+K38+K35+K31 -> 9.3567262 | ... N61: =N41+N38+N35+N31 -> 18.307298
B62: Calentamiento de agua | C62: Biomass | D62: =D44+D45 -> 6.93 | E62: =E44+E45 -> 6.92 | F62: =F44+F45 -> 6.93 | G62: =G44+G45 -> 6.94 | H62: =H44+H45 -> 6.94 | I62: =I44+I45 -> 6.94 | J62: =J44+J45 -> 6.94 | K62: =K44+K45 -> 6.95 | ... N62: =N44+N45 -> 6.9816957
B63: Cocción de alimentos | C63: Biomass | D63: =D50+D51 -> 12.3 | E63: =E50+E51 -> 12.33 | F63: =F50+F51 -> 12.32 | G63: =G50+G51 -> 12.33 | H63: =H50+H51 -> 12.33 | I63: =I50+I51 -> 12.34 | J63: =J50+J51 -> 12.35 | K63: =K50+K51 -> 12.35 | ... N63: =N50+N51 -> 12.408304
B65: Electricidad | D65: =D10-D27-D29-D31 -> 7.9079756 | E65: =E10-E27-E29-E31 -> 8.19032 | F65: =F10-F27-F29-F31 -> 8.1880288 | G65: =G10-G27-G29-G31 -> 6.9592253 | H65: =H10-H27-H29-H31 -> 8.7413644 | I65: =I10-I27-I29-I31 -> 8.8145939 | J65: =J10-J27-J29-J31 -> 9.1600042 | K65: =K10-K27-K29-K31 -> 3.1792698 | ... N65: =N10-N27-N29-N31 -> 12.842589
C66: Motores | D66: =CyS!C124/SUM(CyS!C124,CyS!C156,CyS!C188,CyS!C220,CyS!C252) -> 0.54899497 | E66: =CyS!D124/SUM(CyS!D124,CyS!D156,CyS!D188,CyS!D220,CyS!D252) -> 0.55030303 | F66: =CyS!E124/SUM(CyS!E124,CyS!E156,CyS!E188,CyS!E220,CyS!E252) -> 0.5501771 | G66: =CyS!F124/SUM(CyS!F124,CyS!F156,CyS!F188,CyS!F220,CyS!F252) -> 0.54901961 | H66: =CyS!G124/SUM(CyS!G124,CyS!G156,CyS!G188,CyS!G220,CyS!G252) -> 0.55028249 | I66: =CyS!H124/SUM(CyS!H124,CyS!H156,CyS!H188,CyS!H220,CyS!H252) -> 0.55 | J66: =CyS!I124/SUM(CyS!I124,CyS!I156,CyS!I188,CyS!I220,CyS!I252) -> 0.55028249 | K66: =CyS!J124/SUM(CyS!J124,CyS!J156,CyS!J188,CyS!J220,CyS!J252) -> 0.5497076 | L66: =CyS!K124/SUM(CyS!K124,CyS!K156,CyS!K188,CyS!K220,CyS!K252) -> 0.54973262
C67: Misceláneos | D67: =CyS!C156/SUM(CyS!C124,CyS!C156,CyS!C188,CyS!C220,CyS!C252) -> 0.10050251 | E67: =CyS!D156/SUM(CyS!D124,CyS!D156,CyS!D188,CyS!D220,CyS!D252) -> 0.10060606 | F67: =CyS!E156/SUM(CyS!E124,CyS!E156,CyS!E188,CyS!E220,CyS!E252) -> 0.10035419 | G67: =CyS!F156/SUM(CyS!F124,CyS!F156,CyS!F188,CyS!F220,CyS!F252) -> 0.10034602 | H67: =CyS!G156/SUM(CyS!G124,CyS!G156,CyS!G188,CyS!G220,CyS!G252) -> 0.099435028 | I67: =CyS!H156/SUM(CyS!H124,CyS!H156,CyS!H188,CyS!H220,CyS!H252) -> 0.1 | J67: =CyS!I156/SUM(CyS!I124,CyS!I156,CyS!I188,CyS!I220,CyS!I252) -> 0.099435028 | K67: =CyS!J156/SUM(CyS!J124,CyS!J156,CyS!J188,CyS!J220,CyS!J252) -> 0.099415205 | L67: =CyS!K156/SUM(CyS!K124,CyS!K156,CyS!K188,CyS!K220,CyS!K252) -> 0.10053476
C68: Otros | D68: =CyS!C188/SUM(CyS!C124,CyS!C156,CyS!C188,CyS!C220,CyS!C252) -> 0.25 | E68: =CyS!D188/SUM(CyS!D124,CyS!D156,CyS!D188,CyS!D220,CyS!D252) -> 0.24969697 | F68: =CyS!E188/SUM(CyS!E124,CyS!E156,CyS!E188,CyS!E220,CyS!E252) -> 0.25029516 | G68: =CyS!F188/SUM(CyS!F124,CyS!F156,CyS!F188,CyS!F220,CyS!F252) -> 0.25028835 | H68: =CyS!G188/SUM(CyS!G124,CyS!G156,CyS!G188,CyS!G220,CyS!G252) -> 0.24971751 | I68: =CyS!H188/SUM(CyS!H124,CyS!H156,CyS!H188,CyS!H220,CyS!H252) -> 0.25 | J68: =CyS!I188/SUM(CyS!I124,CyS!I156,CyS!I188,CyS!I220,CyS!I252) -> 0.24971751 | K68: =CyS!J188/SUM(CyS!J124,CyS!J156,CyS!J188,CyS!J220,CyS!J252) -> 0.2502924 | L68: =CyS!K188/SUM(CyS!K124,CyS!K156,CyS!K188,CyS!K220,CyS!K252) -> 0.25026738
C69: Calentamiento de agua | D69: =CyS!C220/SUM(CyS!C124,CyS!C156,CyS!C188,CyS!C220,CyS!C252) -> 0.010050251 | E69: =CyS!D220/SUM(CyS!D124,CyS!D156,CyS!D188,CyS!D220,CyS!D252) -> 0.0096969697 | F69: =CyS!E220/SUM(CyS!E124,CyS!E156,CyS!E188,CyS!E220,CyS!E252) -> 0.0094451004 | G69: =CyS!F220/SUM(CyS!F124,CyS!F156,CyS!F188,CyS!F220,CyS!F252) -> 0.010380623 | H69: =CyS!G220/SUM(CyS!G124,CyS!G156,CyS!G188,CyS!G220,CyS!G252) -> 0.010169492 | I69: =CyS!H220/SUM(CyS!H124,CyS!H156,CyS!H188,CyS!H220,CyS!H252) -> 0.010465116 | J69: =CyS!I220/SUM(CyS!I124,CyS!I156,CyS!I188,CyS!I220,CyS!I252) -> 0.010169492 | K69: =CyS!J220/SUM(CyS!J124,CyS!J156,CyS!J188,CyS!J220,CyS!J252) -> 0.010526316 | L69: =CyS!K220/SUM(CyS!K124,CyS!K156,CyS!K188,CyS!K220,CyS!K252) -> 0.0096256684
C70: Cocción de alimentos | D70: =CyS!C252/SUM(CyS!C124,CyS!C156,CyS!C188,CyS!C220,CyS!C252) -> 0.090452261 | E70: =CyS!D252/SUM(CyS!D124,CyS!D156,CyS!D188,CyS!D220,CyS!D252) -> 0.08969697 | F70: =CyS!E252/SUM(CyS!E124,CyS!E156,CyS!E188,CyS!E220,CyS!E252) -> 0.089728453 | G70: =CyS!F252/SUM(CyS!F124,CyS!F156,CyS!F188,CyS!F220,CyS!F252) -> 0.089965398 | H70: =CyS!G252/SUM(CyS!G124,CyS!G156,CyS!G188,CyS!G220,CyS!G252) -> 0.09039548 | I70: =CyS!H252/SUM(CyS!H124,CyS!H156,CyS!H188,CyS!H220,CyS!H252) -> 0.089534884 | J70: =CyS!I252/SUM(CyS!I124,CyS!I156,CyS!I188,CyS!I220,CyS!I252) -> 0.09039548 | K70: =CyS!J252/SUM(CyS!J124,CyS!J156,CyS!J188,CyS!J220,CyS!J252) -> 0.09005848 | L70: =CyS!K252/SUM(CyS!K124,CyS!K156,CyS!K188,CyS!K220,CyS!K252) -> 0.089839572
A72: Proyecciones
A73: Proyección por sector | D73: 2013 | E73: 2014 | F73: 2015 | G73: 2016 | H73: 2017 | I73: 2018 | J73: 2019 | K73: 2020 | L73: 2021 | M73: 2022 | N73: 2023 | O73: 2024 | P73: 2025 | Q73: 2026 | R73: 2027 | S73: 2028 | T73: 2029 | U73: 2030 | V73: 2031 | W73: 2032 | X73: 2033 | Y73: 2034 | Z73: 2035 | AA73: 2036 | AB73: 2037 | AC73: 2038 | AD73: 2039 | AE73: 2040 | AF73: 2041 | AG73: 2042 | AH73: 2043 | AI73: 2044 | AJ73: 2045 | AK73: 2046 | AL73: 2047 | AM73: 2048 | AN73: 2049 | AO73: 2050 | AP73: 2051 | AQ73: 2052 | AR73: 2053 | AS73: 2054 | AT73: 2055 | AU73: 2056 | AV73: 2057 | AW73: 2058 | AX73: 2059 | AY73: 2060 | AZ73: 2061 | BA73: 2062 | BB73: 2063 | BC73: 2064 | BD73: 2065 | BE73: 2066 | BF73: 2067 | BG73: 2068 | BH73: 2069 | BI73: 2070
C74: CF | D74: =D11 -> 163.96 | E74: =E11 -> 167.03 | F74: =F11 -> 169.87 | G74: =G11 -> 171.43 | H74: =H11 -> 169.47 | I74: =I11 -> 165.71 | J74: =J11 -> 165.41 | K74: =K11 -> 176.76 | ... N74: =N11 -> 177.46581 | O74: =N74*(1+AVERAGE($E76:$N76)) -> 178.97013 | P74: =O74*(1+AVERAGE($E76:$N76)) -> 180.4872 | Q74: =P74*(1+AVERAGE($E76:$N76)) -> 182.01713 | R74: =Q74*(1+AVERAGE($E76:$N76)) -> 183.56004 | S74: =R74*(1+AVERAGE($E76:$N76)) -> 185.11602 | T74: =S74*(1+AVERAGE($E76:$N76)) -> 186.68518 | U74: =T74*(1+AVERAGE($E76:$N76)) -> 188.26766 | V74: =U74*(1+AVERAGE($E76:$N76)) -> 189.86354 | ... BI74: =BH74*(1+AVERAGE($E76:$N76)) -> 263.88221
C75: CF | D75: =D11 -> 163.96 | E75: =E11 -> 167.03 | F75: =F11 -> 169.87 | G75: =G11 -> 171.43 | H75: =H11 -> 169.47 | I75: =I11 -> 165.71 | J75: =J11 -> 165.41 | K75: =K11 -> 176.76 | ... N75: =N11 -> 177.46581 | O75: =N75*(1+AVERAGE($E76:$J76)) -> 177.74621 | P75: =O75*(1+AVERAGE($E76:$J76)) -> 178.02705 | Q75: =P75*(1+AVERAGE($E76:$J76)) -> 178.30833 | R75: =Q75*(1+AVERAGE($E76:$J76)) -> 178.59006 | S75: =R75*(1+AVERAGE($E76:$J76)) -> 178.87224 | T75: =S75*(1+AVERAGE($E76:$J76)) -> 179.15485 | U75: =T75*(1+AVERAGE($E76:$J76)) -> 179.43792 | V75: =U75*(1+AVERAGE($E76:$J76)) -> 179.72144 | ... BI75: =BH75*(1+AVERAGE($E76:$J76)) -> 191.13497
E76: =(E74-D74)/D74 -> 0.018724079 | F76: =(F74-E74)/E74 -> 0.017002934 | G76: =(G74-F74)/F74 -> 0.0091834933 | H76: =(H74-G74)/G74 -> -0.011433238 | I76: =(I74-H74)/H74 -> -0.022186818 | J76: =(J74-I74)/I74 -> -0.0018103916 | K76: =(K74-J74)/J74 -> 0.068617375 | L76: =(L74-K74)/K74 -> -0.033548314 | ... N76: =(N74-M74)/M74 -> -0.022051891
A77: Proyección por energético | D77: 2013 | E77: 2014 | F77: 2015 | G77: 2016 | H77: 2017 | I77: 2018 | J77: 2019 | K77: 2020 | L77: 2021 | M77: 2022 | N77: 2023 | O77: 2024 | P77: 2025 | Q77: 2026 | R77: 2027 | S77: 2028 | T77: 2029 | U77: 2030 | V77: 2031 | W77: 2032 | X77: 2033 | Y77: 2034 | Z77: 2035 | AA77: 2036 | AB77: 2037 | AC77: 2038 | AD77: 2039 | AE77: 2040 | AF77: 2041 | AG77: 2042 | AH77: 2043 | AI77: 2044 | AJ77: 2045 | AK77: 2046 | AL77: 2047 | AM77: 2048 | AN77: 2049 | AO77: 2050 | AP77: 2051 | AQ77: 2052 | AR77: 2053 | AS77: 2054 | AT77: 2055 | AU77: 2056 | AV77: 2057 | AW77: 2058 | AX77: 2059 | AY77: 2060 | AZ77: 2061 | BA77: 2062 | BB77: 2063 | BC77: 2064 | BD77: 2065 | BE77: 2066 | BF77: 2067 | BG77: 2068 | BH77: 2069 | BI77: 2070
C78: Radiación solar | D78: =D4 -> 2.98 | E78: =E4 -> 3.3 | F78: =F4 -> 3.68 | G78: =G4 -> 3.91 | H78: =H4 -> 3.87 | I78: =I4 -> 4.75 | J78: =J4 -> 5.17 | K78: =K4 -> 5.96 | ... N78: =N4 -> 8.47 | O78: =N78*(1+AVERAGE($E97:$N97)) -> 9.4257348 | P78: =O78*(1+AVERAGE($E97:$N97)) -> 10.489312 | Q78: =P78*(1+AVERAGE($E97:$N97)) -> 11.672902 | R78: =Q78*(1+AVERAGE($E97:$N97)) -> 12.990044 | S78: =R78*(1+AVERAGE($E97:$N97)) -> 14.45581 | T78: =S78*(1+AVERAGE($E97:$N97)) -> 16.08697 | U78: =T78*(1+AVERAGE($E97:$N97)) -> 17.902185 | V78: =U78*(1+AVERAGE($E97:$N97)) -> 19.922226 | ... BI78: =BH78*(1+AVERAGE($E97:$N97)) -> 1288.7785
C79: Leña | D79: =D5 -> 13.46 | E79: =E5 -> 13.4 | F79: =F5 -> 13.33 | G79: =G5 -> 13.27 | H79: =H5 -> 13.2 | I79: =I5 -> 13.13 | J79: =J5 -> 13.07 | K79: =K5 -> 13 | ... N79: =N5 -> 12.85 | O79: =N79*(1+AVERAGE($E98:$N98)) -> 12.790544 | P79: =O79*(1+AVERAGE($E98:$N98)) -> 12.731363 | Q79: =P79*(1+AVERAGE($E98:$N98)) -> 12.672456 | R79: =Q79*(1+AVERAGE($E98:$N98)) -> 12.613821 | S79: =R79*(1+AVERAGE($E98:$N98)) -> 12.555458 | T79: =S79*(1+AVERAGE($E98:$N98)) -> 12.497365 | U79: =T79*(1+AVERAGE($E98:$N98)) -> 12.43954 | V79: =U79*(1+AVERAGE($E98:$N98)) -> 12.381983 | ... BI79: =BH79*(1+AVERAGE($E98:$N98)) -> 10.333316
C80: Carbón vegetal | D80: =D6 -> 5.77 | E80: =E6 -> 5.85 | F80: =F6 -> 5.92 | G80: =G6 -> 6 | H80: =H6 -> 6.07 | I80: =I6 -> 6.15 | J80: =J6 -> 6.22 | K80: =K6 -> 6.3 | ... N80: =N6 -> 6.54 | O80: =N80*(1+AVERAGE($E99:$N99)) -> 6.6224404 | P80: =O80*(1+AVERAGE($E99:$N99)) -> 6.7059201 | Q80: =P80*(1+AVERAGE($E99:$N99)) -> 6.7904521 | R80: =Q80*(1+AVERAGE($E99:$N99)) -> 6.8760496 | S80: =R80*(1+AVERAGE($E99:$N99)) -> 6.9627262 | T80: =S80*(1+AVERAGE($E99:$N99)) -> 7.0504953 | U80: =T80*(1+AVERAGE($E99:$N99)) -> 7.1393708 | V80: =U80*(1+AVERAGE($E99:$N99)) -> 7.2293667 | ... BI80: =BH80*(1+AVERAGE($E99:$N99)) -> 11.78345
C81: Gas licuado de petróleo | D81: =D7 -> 65.03 | E81: =E7 -> 63.32 | F81: =F7 -> 63.17 | G81: =G7 -> 65.21 | H81: =H7 -> 64.43 | I81: =I7 -> 63.29 | J81: =J7 -> 61.89 | K81: =K7 -> 76.2 | ... N81: =N7 -> 58.51 | O81: =N81*(1+AVERAGE($E100:$N100)) -> 58.187247 | P81: =O81*(1+AVERAGE($E100:$N100)) -> 57.866274 | Q81: =P81*(1+AVERAGE($E100:$N100)) -> 57.547072 | R81: =Q81*(1+AVERAGE($E100:$N100)) -> 57.229631 | S81: =R81*(1+AVERAGE($E100:$N100)) -> 56.91394 | T81: =S81*(1+AVERAGE($E100:$N100)) -> 56.599991 | U81: =T81*(1+AVERAGE($E100:$N100)) -> 56.287774 | V81: =U81*(1+AVERAGE($E100:$N100)) -> 55.977279 | ... BI81: =BH81*(1+AVERAGE($E100:$N100)) -> 45.115162
C82: Diésel | D82: =D8 -> 4.4 | E82: =E8 -> 4.46 | F82: =F8 -> 5.22 | G82: =G8 -> 1.97 | H82: =H8 -> 0 | I82: =I8 -> 0 | J82: =J8 -> 0 | K82: =K8 -> 0 | ... N82: =N8 -> 0 | O82: =N82*(1+AVERAGE($E101:$N101)) -> 0 | P82: =O82*(1+AVERAGE($E101:$N101)) -> 0 | Q82: =P82*(1+AVERAGE($E101:$N101)) -> 0 | R82: =Q82*(1+AVERAGE($E101:$N101)) -> 0 | S82: =R82*(1+AVERAGE($E101:$N101)) -> 0 | T82: =S82*(1+AVERAGE($E101:$N101)) -> 0 | U82: =T82*(1+AVERAGE($E101:$N101)) -> 0 | V82: =U82*(1+AVERAGE($E101:$N101)) -> 0 | ... BI82: =BH82*(1+AVERAGE($E101:$N101)) -> 0
C83: Gas seco | D83: =D9 -> 11.1 | E83: =E9 -> 13.13 | F83: =F9 -> 13.34 | G83: =G9 -> 14.38 | H83: =H9 -> 13.77 | I83: =I9 -> 12.22 | J83: =J9 -> 10.96 | K83: =K9 -> 9.5 | ... N83: =N9 -> 13.18 | O83: =N83*(1+AVERAGE($E102:$N102)) -> 13.501026 | P83: =O83*(1+AVERAGE($E102:$N102)) -> 13.829871 | Q83: =P83*(1+AVERAGE($E102:$N102)) -> 14.166725 | R83: =Q83*(1+AVERAGE($E102:$N102)) -> 14.511785 | S83: =R83*(1+AVERAGE($E102:$N102)) -> 14.865249 | T83: =S83*(1+AVERAGE($E102:$N102)) -> 15.227322 | U83: =T83*(1+AVERAGE($E102:$N102)) -> 15.598215 | V83: =U83*(1+AVERAGE($E102:$N102)) -> 15.978141 | ... BI83: =BH83*(1+AVERAGE($E102:$N102)) -> 40.844079
C84: Electricidad | D84: =D10 -> 61.22 | E84: =E10 -> 63.57 | F84: =F10 -> 65.21 | G84: =G10 -> 66.69 | H84: =H10 -> 68.13 | I84: =I10 -> 66.17 | J84: =J10 -> 68.1 | K84: =K10 -> 65.8 | ... N84: =N10 -> 77.915809 | O84: =N84*(1+AVERAGE($E103:$N103)) -> 79.900272 | P84: =O84*(1+AVERAGE($E103:$N103)) -> 81.935278 | Q84: =P84*(1+AVERAGE($E103:$N103)) -> 84.022114 | R84: =Q84*(1+AVERAGE($E103:$N103)) -> 86.1621 | S84: =R84*(1+AVERAGE($E103:$N103)) -> 88.356591 | T84: =S84*(1+AVERAGE($E103:$N103)) -> 90.606973 | U84: =T84*(1+AVERAGE($E103:$N103)) -> 92.914671 | V84: =U84*(1+AVERAGE($E103:$N103)) -> 95.281145 | ... BI84: =BH84*(1+AVERAGE($E103:$N103)) -> 254.09213
C85: Total | D85: =SUM(D78:D84) -> 163.96 | E85: =SUM(E78:E84) -> 167.03 | F85: =SUM(F78:F84) -> 169.87 | G85: =SUM(G78:G84) -> 171.43 | H85: =SUM(H78:H84) -> 169.47 | I85: =SUM(I78:I84) -> 165.71 | J85: =SUM(J78:J84) -> 165.41 | K85: =SUM(K78:K84) -> 176.76 | ... BI85: =SUM(BI78:BI84) -> 1650.9466
C87: Radiación solar | D87: =D4 -> 2.98 | E87: =E4 -> 3.3 | F87: =F4 -> 3.68 | G87: =G4 -> 3.91 | H87: =H4 -> 3.87 | I87: =I4 -> 4.75 | J87: =J4 -> 5.17 | K87: =K4 -> 5.96 | ... N87: =N4 -> 8.47 | O87: =N87*(1+AVERAGE($E97:$J97)) -> 9.3037517 | P87: =O87*(1+AVERAGE($E97:$J97)) -> 10.219574 | Q87: =P87*(1+AVERAGE($E97:$J97)) -> 11.225547 | R87: =Q87*(1+AVERAGE($E97:$J97)) -> 12.330543 | S87: =R87*(1+AVERAGE($E97:$J97)) -> 13.544311 | T87: =S87*(1+AVERAGE($E97:$J97)) -> 14.877557 | U87: =T87*(1+AVERAGE($E97:$J97)) -> 16.342042 | V87: =U87*(1+AVERAGE($E97:$J97)) -> 17.950684 | ... BI87: =BH87*(1+AVERAGE($E97:$J97)) -> 698.70574
C88: Leña | D88: =D5 -> 13.46 | E88: =E5 -> 13.4 | F88: =F5 -> 13.33 | G88: =G5 -> 13.27 | H88: =H5 -> 13.2 | I88: =I5 -> 13.13 | J88: =J5 -> 13.07 | K88: =K5 -> 13 | ... N88: =N5 -> 12.85 | O88: =N88*(1+AVERAGE($E98:$J98)) -> 12.787184 | P88: =O88*(1+AVERAGE($E98:$J98)) -> 12.724675 | Q88: =P88*(1+AVERAGE($E98:$J98)) -> 12.662472 | R88: =Q88*(1+AVERAGE($E98:$J98)) -> 12.600572 | S88: =R88*(1+AVERAGE($E98:$J98)) -> 12.538976 | T88: =S88*(1+AVERAGE($E98:$J98)) -> 12.47768 | U88: =T88*(1+AVERAGE($E98:$J98)) -> 12.416684 | V88: =U88*(1+AVERAGE($E98:$J98)) -> 12.355986 | ... BI88: =BH88*(1+AVERAGE($E98:$J98)) -> 10.206506
C89: Carbón vegetal | D89: =D6 -> 5.77 | E89: =E6 -> 5.85 | F89: =F6 -> 5.92 | G89: =G6 -> 6 | H89: =H6 -> 6.07 | I89: =I6 -> 6.15 | J89: =J6 -> 6.22 | K89: =K6 -> 6.3 | ... N89: =N6 -> 6.54 | O89: =N89*(1+AVERAGE($E99:$J99)) -> 6.622374 | P89: =O89*(1+AVERAGE($E99:$J99)) -> 6.7057856 | Q89: =P89*(1+AVERAGE($E99:$J99)) -> 6.7902477 | R89: =Q89*(1+AVERAGE($E99:$J99)) -> 6.8757737 | S89: =R89*(1+AVERAGE($E99:$J99)) -> 6.962377 | T89: =S89*(1+AVERAGE($E99:$J99)) -> 7.050071 | U89: =T89*(1+AVERAGE($E99:$J99)) -> 7.1388696 | V89: =U89*(1+AVERAGE($E99:$J99)) -> 7.2287866 | ... BI89: =BH89*(1+AVERAGE($E99:$J99)) -> 11.777896
C90: Gas licuado de petróleo | D90: =D7 -> 65.03 | E90: =E7 -> 63.32 | F90: =F7 -> 63.17 | G90: =G7 -> 65.21 | H90: =H7 -> 64.43 | I90: =I7 -> 63.29 | J90: =J7 -> 61.89 | K90: =K7 -> 76.2 | ... N90: =N7 -> 58.51 | O90: =N90*(1+AVERAGE($E100:$J100)) -> 58.040496 | P90: =O90*(1+AVERAGE($E100:$J100)) -> 57.574759 | Q90: =P90*(1+AVERAGE($E100:$J100)) -> 57.11276 | R90: =Q90*(1+AVERAGE($E100:$J100)) -> 56.654468 | S90: =R90*(1+AVERAGE($E100:$J100)) -> 56.199853 | T90: =S90*(1+AVERAGE($E100:$J100)) -> 55.748886 | U90: =T90*(1+AVERAGE($E100:$J100)) -> 55.301538 | V90: =U90*(1+AVERAGE($E100:$J100)) -> 54.85778 | ... BI90: =BH90*(1+AVERAGE($E100:$J100)) -> 40.066172
C91: Diésel | D91: =D8 -> 4.4 | E91: =E8 -> 4.46 | F91: =F8 -> 5.22 | G91: =G8 -> 1.97 | H91: =H8 -> 0 | I91: =I8 -> 0 | J91: =J8 -> 0 | K91: =K8 -> 0 | ... N91: =N8 -> 0 | O91: =N91*(1+AVERAGE($E101:$J101)) -> 0 | P91: =O91*(1+AVERAGE($E101:$J101)) -> 0 | Q91: =P91*(1+AVERAGE($E101:$J101)) -> 0 | R91: =Q91*(1+AVERAGE($E101:$J101)) -> 0 | S91: =R91*(1+AVERAGE($E101:$J101)) -> 0 | T91: =S91*(1+AVERAGE($E101:$J101)) -> 0 | U91: =T91*(1+AVERAGE($E101:$J101)) -> 0 | V91: =U91*(1+AVERAGE($E101:$J101)) -> 0 | ... BI91: =BH91*(1+AVERAGE($E101:$J101)) -> 0
C92: Gas seco | D92: =D9 -> 11.1 | E92: =E9 -> 13.13 | F92: =F9 -> 13.34 | G92: =G9 -> 14.38 | H92: =H9 -> 13.77 | I92: =I9 -> 12.22 | J92: =J9 -> 10.96 | K92: =K9 -> 9.5 | ... N92: =N9 -> 13.18 | O92: =N92*(1+AVERAGE($E102:$J102)) -> 13.221176 | P92: =O92*(1+AVERAGE($E102:$J102)) -> 13.26248 | Q92: =P92*(1+AVERAGE($E102:$J102)) -> 13.303913 | R92: =Q92*(1+AVERAGE($E102:$J102)) -> 13.345476 | S92: =R92*(1+AVERAGE($E102:$J102)) -> 13.387168 | T92: =S92*(1+AVERAGE($E102:$J102)) -> 13.428991 | U92: =T92*(1+AVERAGE($E102:$J102)) -> 13.470945 | V92: =U92*(1+AVERAGE($E102:$J102)) -> 13.513029 | ... BI92: =BH92*(1+AVERAGE($E102:$J102)) -> 15.261056
C93: Electricidad | D93: =D10 -> 61.22 | E93: =E10 -> 63.57 | F93: =F10 -> 65.21 | G93: =G10 -> 66.69 | H93: =H10 -> 68.13 | I93: =I10 -> 66.17 | J93: =J10 -> 68.1 | K93: =K10 -> 65.8 | ... N93: =N10 -> 77.915809 | O93: =N93*(1+AVERAGE($E103:$J103)) -> 79.329612 | P93: =O93*(1+AVERAGE($E103:$J103)) -> 80.769069 | Q93: =P93*(1+AVERAGE($E103:$J103)) -> 82.234645 | R93: =Q93*(1+AVERAGE($E103:$J103)) -> 83.726815 | S93: =R93*(1+AVERAGE($E103:$J103)) -> 85.24606 | T93: =S93*(1+AVERAGE($E103:$J103)) -> 86.792873 | U93: =T93*(1+AVERAGE($E103:$J103)) -> 88.367752 | V93: =U93*(1+AVERAGE($E103:$J103)) -> 89.971209 | ... BI93: =BH93*(1+AVERAGE($E103:$J103)) -> 181.41937
C94: Total | D94: =SUM(D87:D93) -> 163.96 | E94: =SUM(E87:E93) -> 167.03 | F94: =SUM(F87:F93) -> 169.87 | G94: =SUM(G87:G93) -> 171.43 | H94: =SUM(H87:H93) -> 169.47 | I94: =SUM(I87:I93) -> 165.71 | J94: =SUM(J87:J93) -> 165.41 | K94: =SUM(K87:K93) -> 176.76 | ... BI94: =SUM(BI87:BI93) -> 957.43674
C97: Radiación solar | E97: =(E78-D78)/D78 -> 0.10738255 | F97: =(F78-E78)/E78 -> 0.11515152 | G97: =(G78-F78)/F78 -> 0.0625 | H97: =(H78-G78)/G78 -> -0.010230179 | I97: =(I78-H78)/H78 -> 0.22739018 | J97: =(J78-I78)/I78 -> 0.088421053 | K97: =(K78-J78)/J78 -> 0.15280464 | L97: =(L78-K78)/K78 -> 0.092281879 | ... N97: =(N78-M78)/M78 -> 0.26041667
C98: Leña | E98: =(E79-D79)/D79 -> -0.0044576523 | F98: =(F79-E79)/E79 -> -0.0052238806 | G98: =(G79-F79)/F79 -> -0.0045011253 | H98: =(H79-G79)/G79 -> -0.0052750565 | I98: =(I79-H79)/H79 -> -0.0053030303 | J98: =(J79-I79)/I79 -> -0.0045696877 | K98: =(K79-J79)/J79 -> -0.0053557766 | L98: =(L79-K79)/K79 -> -0.0038461538 | ... N98: =(N79-M79)/M79 -> -0.003875969
C99: Carbón vegetal | E99: =(E80-D80)/D80 -> 0.013864818 | F99: =(F80-E80)/E80 -> 0.011965812 | G99: =(G80-F80)/F80 -> 0.013513514 | H99: =(H80-G80)/G80 -> 0.011666667 | I99: =(I80-H80)/H80 -> 0.013179572 | J99: =(J80-I80)/I80 -> 0.011382114 | K99: =(K80-J80)/J80 -> 0.012861736 | L99: =(L80-K80)/K80 -> 0.012698413 | ... N99: =(N80-M80)/M80 -> 0.012383901
C100: Gas licuado de petróleo | E100: =(E81-D81)/D81 -> -0.026295556 | F100: =(F81-E81)/E81 -> -0.0023689198 | G100: =(G81-F81)/F81 -> 0.03229381 | H100: =(H81-G81)/G81 -> -0.011961356 | I100: =(I81-H81)/H81 -> -0.017693621 | J100: =(J81-I81)/I81 -> -0.022120398 | K100: =(K81-J81)/J81 -> 0.23121667 | L100: =(L81-K81)/K81 -> -0.19724409 | ... N100: =(N81-M81)/M81 -> -0.07450174
C101: Diésel | E101: =(E82-D82)/D82 -> 0.013636364 | F101: =(F82-E82)/E82 -> 0.17040359 | G101: =(G82-F82)/F82 -> -0.62260536 | H101: =(H82-G82)/G82 -> -1 | I101: 0 | J101: 0 | K101: 0 | L101: 0 | M101: 0 | N101: 0
C102: Gas seco | E102: =(E83-D83)/D83 -> 0.18288288 | F102: =(F83-E83)/E83 -> 0.015993907 | G102: =(G83-F83)/F83 -> 0.077961019 | H102: =(H83-G83)/G83 -> -0.042420028 | I102: =(I83-H83)/H83 -> -0.11256354 | J102: =(J83-I83)/I83 -> -0.10310966 | K102: =(K83-J83)/J83 -> -0.13321168 | L102: =(L83-K83)/K83 -> 0.24526316 | ... N102: =(N83-M83)/M83 -> 0.099249374
C103: Electricidad | E103: =(E84-D84)/D84 -> 0.038386148 | F103: =(F84-E84)/E84 -> 0.025798333 | G103: =(G84-F84)/F84 -> 0.022695906 | H103: =(H84-G84)/G84 -> 0.021592443 | I103: =(I84-H84)/H84 -> -0.028768531 | J103: =(J84-I84)/I84 -> 0.029167296 | K103: =(K84-J84)/J84 -> -0.033773862 | L103: =(L84-K84)/K84 -> 0.094072948 | ... N103: =(N84-M84)/M84 -> -0.02820868
A104: Proyección por uso final | D104: 2013 | E104: 2014 | F104: 2015 | G104: 2016 | H104: 2017 | I104: 2018 | J104: 2019 | K104: 2020 | L104: 2021 | M104: 2022 | N104: 2023 | O104: 2024 | P104: 2025 | Q104: 2026 | R104: 2027 | S104: 2028 | T104: 2029 | U104: 2030 | V104: 2031 | W104: 2032 | X104: 2033 | Y104: 2034 | Z104: 2035 | AA104: 2036 | AB104: 2037 | AC104: 2038 | AD104: 2039 | AE104: 2040 | AF104: 2041 | AG104: 2042 | AH104: 2043 | AI104: 2044 | AJ104: 2045 | AK104: 2046 | AL104: 2047 | AM104: 2048 | AN104: 2049 | AO104: 2050 | AP104: 2051 | AQ104: 2052 | AR104: 2053 | AS104: 2054 | AT104: 2055 | AU104: 2056 | AV104: 2057 | AW104: 2058 | AX104: 2059 | AY104: 2060 | AZ104: 2061 | BA104: 2062 | BB104: 2063 | BC104: 2064 | BD104: 2065 | BE104: 2066 | BF104: 2067 | BG104: 2068 | BH104: 2069 | BI104: 2070
C105: Iluminación | D105: =D16 -> 18.057621 | E105: =E16 -> 18.750206 | F105: =F16 -> 19.305465 | G105: =G16 -> 20.229399 | H105: =H16 -> 20.10678 | I105: =I16 -> 19.41735 | J105: =J16 -> 19.955043 | K105: =K16 -> 21.198074 | ... N105: =N16 -> 22.033892 | O105: =N105*(1+AVERAGE($E125:$N125)) -> 22.488319 | P105: =O105*(1+AVERAGE($E125:$N125)) -> 22.952117 | Q105: =P105*(1+AVERAGE($E125:$N125)) -> 23.425481 | R105: =Q105*(1+AVERAGE($E125:$N125)) -> 23.908607 | S105: =R105*(1+AVERAGE($E125:$N125)) -> 24.401697 | T105: =S105*(1+AVERAGE($E125:$N125)) -> 24.904957 | U105: =T105*(1+AVERAGE($E125:$N125)) -> 25.418596 | V105: =U105*(1+AVERAGE($E125:$N125)) -> 25.942828 | ... BI105: =BH105*(1+AVERAGE($E125:$N125)) -> 57.515122
C106: Climatización | D106: =D17 -> 29.729011 | E106: =E17 -> 30.893292 | F106: =F17 -> 31.807286 | G106: =G17 -> 33.30387 | H106: =H17 -> 33.120585 | I106: =I17 -> 31.990309 | J106: =J17 -> 32.877078 | K106: =K17 -> 34.925413 | ... N106: =N17 -> 36.297228 | O106: =N106*(1+AVERAGE($E126:$N126)) -> 37.047959 | P106: =O106*(1+AVERAGE($E126:$N126)) -> 37.814218 | Q106: =P106*(1+AVERAGE($E126:$N126)) -> 38.596325 | R106: =Q106*(1+AVERAGE($E126:$N126)) -> 39.394608 | S106: =R106*(1+AVERAGE($E126:$N126)) -> 40.209402 | T106: =S106*(1+AVERAGE($E126:$N126)) -> 41.041049 | U106: =T106*(1+AVERAGE($E126:$N126)) -> 41.889896 | V106: =U106*(1+AVERAGE($E126:$N126)) -> 42.7563 | ... BI106: =BH106*(1+AVERAGE($E126:$N126)) -> 95.004151
C107: Refrigeración | D107: =D18 -> 5.5253919 | E107: =E18 -> 5.7361816 | F107: =F18 -> 5.9092208 | G107: =G18 -> 6.1975054 | H107: =H18 -> 6.1612704 | I107: =I18 -> 5.9477466 | J107: =J18 -> 6.1078747 | K107: =K18 -> 6.4972426 | ... N107: =N18 -> 6.7421009 | O107: =N107*(1+AVERAGE($E127:$N127)) -> 6.8812394 | P107: =O107*(1+AVERAGE($E127:$N127)) -> 7.0232492 | Q107: =P107*(1+AVERAGE($E127:$N127)) -> 7.1681898 | R107: =Q107*(1+AVERAGE($E127:$N127)) -> 7.3161216 | S107: =R107*(1+AVERAGE($E127:$N127)) -> 7.4671062 | T107: =S107*(1+AVERAGE($E127:$N127)) -> 7.6212068 | U107: =T107*(1+AVERAGE($E127:$N127)) -> 7.7784875 | V107: =U107*(1+AVERAGE($E127:$N127)) -> 7.9390142 | ... BI107: =BH107*(1+AVERAGE($E127:$N127)) -> 17.609693
C108: Motores | D108: =D19 -> 13.38306 | E108: =E19 -> 14.595729 | F108: =F19 -> 15.617227 | G108: =G19 -> 13.259779 | H108: =H19 -> 12.873549 | I108: =I19 -> 10.919146 | J108: =J19 -> 9.8680972 | K108: =K19 -> 9.2208342 | ... N108: =N19 -> 10.326115 | O108: =N108*(1+AVERAGE($E128:$N128)) -> 10.104171 | P108: =O108*(1+AVERAGE($E128:$N128)) -> 9.8869974 | Q108: =P108*(1+AVERAGE($E128:$N128)) -> 9.6744918 | R108: =Q108*(1+AVERAGE($E128:$N128)) -> 9.4665537 | S108: =R108*(1+AVERAGE($E128:$N128)) -> 9.2630849 | T108: =S108*(1+AVERAGE($E128:$N128)) -> 9.0639893 | U108: =T108*(1+AVERAGE($E128:$N128)) -> 8.869173 | V108: =U108*(1+AVERAGE($E128:$N128)) -> 8.678544 | ... BI108: =BH108*(1+AVERAGE($E128:$N128)) -> 3.7190565
C109: Misceláneos | D109: =D20 -> 1.7617192 | E109: =E20 -> 1.8219634 | F109: =F20 -> 1.879293 | G109: =G20 -> 1.9663182 | H109: =H20 -> 1.9435552 | I109: =I20 -> 1.882955 | J109: =J20 -> 1.9298497 | K109: =K20 -> 2.0563663 | ... N109: =N20 -> 2.1400197 | O109: =N109*(1+AVERAGE($E129:$N129)) -> 2.1831754 | P109: =O109*(1+AVERAGE($E129:$N129)) -> 2.2272014 | Q109: =P109*(1+AVERAGE($E129:$N129)) -> 2.2721152 | R109: =Q109*(1+AVERAGE($E129:$N129)) -> 2.3179348 | S109: =R109*(1+AVERAGE($E129:$N129)) -> 2.3646783 | T109: =S109*(1+AVERAGE($E129:$N129)) -> 2.4123645 | U109: =T109*(1+AVERAGE($E129:$N129)) -> 2.4610123 | V109: =U109*(1+AVERAGE($E129:$N129)) -> 2.5106411 | ... BI109: =BH109*(1+AVERAGE($E129:$N129)) -> 5.4695063
...

Sheet P.Pub
A2: Público | D2: 2013 | E2: 2014 | F2: 2015 | G2: 2016 | H2: 2017 | I2: 2018 | J2: 2019 | K2: 2020 | L2: 2021 | M2: 2022 | N2: 2023
D3: =SUM(Pub!C3:C29,Pub!C35:C61) -> 26.47 | E3: =SUM(Pub!D3:D29,Pub!D35:D61) -> 25.16 | F3: =SUM(Pub!E3:E29,Pub!E35:E61) -> 25.68 | G3: =SUM(Pub!F3:F29,Pub!F35:F61) -> 24.85 | H3: =SUM(Pub!G3:G29,Pub!G35:G61) -> 24.18 | I3: =SUM(Pub!H3:H29,Pub!H35:H61) -> 24.83 | J3: =SUM(Pub!I3:I29,Pub!I35:I61) -> 24.76 | K3: =SUM(Pub!J3:J29,Pub!J35:J61) -> 23.72 | L3: =SUM(Pub!K3:K29,Pub!K35:K61) -> 22.62 | M3: =M6+M8 -> 23.911701 | N3: =N6+N8 -> 21.983645
B4: Alumbrado público | D4: =Pub!C28 -> 6.97 | E4: =Pub!D28 -> 5.85 | F4: =Pub!E28 -> 6.12 | G4: =Pub!F28 -> 5.85 | H4: =Pub!G28 -> 6.04 | I4: =Pub!H28 -> 6.04 | J4: =Pub!I28 -> 6.25 | K4: =Pub!J28 -> 5.74 | L4: =Pub!K28 -> 5.51 | M4: =L4/L$3*M$3 -> 5.8246451 | N4: =L4/L$3*N$3 -> 5.3549905
B5: Bombeo de agua | D5: =Pub!C60 -> 19.5 | E5: =Pub!D60 -> 19.31 | F5: =Pub!E60 -> 19.56 | G5: =Pub!F60 -> 19 | H5: =Pub!G60 -> 18.14 | I5: =Pub!H60 -> 18.79 | J5: =Pub!I60 -> 18.51 | K5: =Pub!J60 -> 17.98 | L5: =Pub!K60 -> 17.11 | M5: =L5/L$3*M$3 -> 18.087056 | N5: =L5/L$3*N$3 -> 16.628655
B6: Base | L6: ='Cuadro A.15'!J30 -> 13.92 | M6: ='Cuadro A.15'!K30 -> 15.34 | N6: ='Cuadro A.15'!L30 -> 13.31
B7: Sin clasificar | L7: ='Cuadro A.11'!J12 -> 300.4 | M7: ='Cuadro A.11'!K12 -> 295.97 | N7: ='Cuadro A.11'!L12 -> 299.49
L8: =(L3-L6)/L7 -> 0.028961385 | M8: =$L8*M7 -> 8.5717011 | N8: =$L8*N7 -> 8.6736451
A9: Proyecciones
A10: Proyecciones por sector | D10: 2013 | E10: 2014 | F10: 2015 | G10: 2016 | H10: 2017 | I10: 2018 | J10: 2019 | K10: 2020 | L10: 2021 | M10: 2022 | N10: 2023 | O10: 2024 | P10: 2025 | Q10: 2026 | R10: 2027 | S10: 2028 | T10: 2029 | U10: 2030 | V10: 2031 | W10: 2032 | X10: 2033 | Y10: 2034 | Z10: 2035 | AA10: 2036 | AB10: 2037 | AC10: 2038 | AD10: 2039 | AE10: 2040 | AF10: 2041 | AG10: 2042 | AH10: 2043 | AI10: 2044 | AJ10: 2045 | AK10: 2046 | AL10: 2047 | AM10: 2048 | AN10: 2049 | AO10: 2050 | AP10: 2051 | AQ10: 2052 | AR10: 2053 | AS10: 2054 | AT10: 2055 | AU10: 2056 | AV10: 2057 | AW10: 2058 | AX10: 2059 | AY10: 2060 | AZ10: 2061 | BA10: 2062 | BB10: 2063 | BC10: 2064 | BD10: 2065 | BE10: 2066 | BF10: 2067 | BG10: 2068 | BH10: 2069 | BI10: 2070
C11: CF | D11: =D3 -> 26.47 | E11: =E3 -> 25.16 | F11: =F3 -> 25.68 | G11: =G3 -> 24.85 | H11: =H3 -> 24.18 | I11: =I3 -> 24.83 | J11: =J3 -> 24.76 | K11: =K3 -> 23.72 | ... N11: =N3 -> 21.983645 | O11: =N11*(1+AVERAGE($E13:$N13)) -> 21.596848 | P11: =O11*(1+AVERAGE($E13:$N13)) -> 21.216856 | Q11: =P11*(1+AVERAGE($E13:$N13)) -> 20.843549 | R11: =Q11*(1+AVERAGE($E13:$N13)) -> 20.476812 | S11: =R11*(1+AVERAGE($E13:$N13)) -> 20.116526 | T11: =S11*(1+AVERAGE($E13:$N13)) -> 19.76258 | U11: =T11*(1+AVERAGE($E13:$N13)) -> 19.414862 | V11: =U11*(1+AVERAGE($E13:$N13)) -> 19.073262 | ... BI11: =BH11*(1+AVERAGE($E13:$N13)) -> 9.544663
C12: CF | D12: =D3 -> 26.47 | E12: =E3 -> 25.16 | F12: =F3 -> 25.68 | G12: =G3 -> 24.85 | H12: =H3 -> 24.18 | I12: =I3 -> 24.83 | J12: =J3 -> 24.76 | K12: =K3 -> 23.72 | ... N12: =N3 -> 21.983645 | O12: =N12*(1+AVERAGE($E13:$J13)) -> 21.748998 | P12: =O12*(1+AVERAGE($E13:$J13)) -> 21.516855 | Q12: =P12*(1+AVERAGE($E13:$J13)) -> 21.28719 | R12: =Q12*(1+AVERAGE($E13:$J13)) -> 21.059976 | S12: =R12*(1+AVERAGE($E13:$J13)) -> 20.835188 | T12: =S12*(1+AVERAGE($E13:$J13)) -> 20.612799 | U12: =T12*(1+AVERAGE($E13:$J13)) -> 20.392783 | V12: =U12*(1+AVERAGE($E13:$J13)) -> 20.175116 | ... BI12: =BH12*(1+AVERAGE($E13:$J13)) -> 13.275724
E13: =(E11-D11)/D11 -> -0.049489989 | F13: =(F11-E11)/E11 -> 0.020667727 | G13: =(G11-F11)/F11 -> -0.032320872 | H13: =(H11-G11)/G11 -> -0.026961771 | I13: =(I11-H11)/H11 -> 0.02688172 | J13: =(J11-I11)/I11 -> -0.0028191704 | K13: =(K11-J11)/J11 -> -0.042003231 | L13: =(L11-K11)/K11 -> -0.046374368 | ... N13: =(N11-M11)/M11 -> -0.08063232
A14: Proyección por uso final | D14: 2013 | E14: 2014 | F14: 2015 | G14: 2016 | H14: 2017 | I14: 2018 | J14: 2019 | K14: 2020 | L14: 2021 | M14: 2022 | N14: 2023 | O14: 2024 | P14: 2025 | Q14: 2026 | R14: 2027 | S14: 2028 | T14: 2029 | U14: 2030 | V14: 2031 | W14: 2032 | X14: 2033 | Y14: 2034 | Z14: 2035 | AA14: 2036 | AB14: 2037 | AC14: 2038 | AD14: 2039 | AE14: 2040 | AF14: 2041 | AG14: 2042 | AH14: 2043 | AI14: 2044 | AJ14: 2045 | AK14: 2046 | AL14: 2047 | AM14: 2048 | AN14: 2049 | AO14: 2050 | AP14: 2051 | AQ14: 2052 | AR14: 2053 | AS14: 2054 | AT14: 2055 | AU14: 2056 | AV14: 2057 | AW14: 2058 | AX14: 2059 | AY14: 2060 | AZ14: 2061 | BA14: 2062 | BB14: 2063 | BC14: 2064 | BD14: 2065 | BE14: 2066 | BF14: 2067 | BG14: 2068 | BH14: 2069 | BI14: 2070
C15: Alumbrado público | D15: =D4 -> 6.97 | E15: =E4 -> 5.85 | F15: =F4 -> 6.12 | G15: =G4 -> 5.85 | H15: =H4 -> 6.04 | I15: =I4 -> 6.04 | J15: =J4 -> 6.25 | K15: =K4 -> 5.74 | ... N15: =N4 -> 5.3549905 | O15: =N15*(1+AVERAGE($E22:$N22)) -> 5.2282897 | P15: =O15*(1+AVERAGE($E22:$N22)) -> 5.1045866 | Q15: =P15*(1+AVERAGE($E22:$N22)) -> 4.9838105 | R15: =Q15*(1+AVERAGE($E22:$N22)) -> 4.8658919 | S15: =R15*(1+AVERAGE($E22:$N22)) -> 4.7507633 | T15: =S15*(1+AVERAGE($E22:$N22)) -> 4.6383587 | U15: =T15*(1+AVERAGE($E22:$N22)) -> 4.5286136 | V15: =U15*(1+AVERAGE($E22:$N22)) -> 4.4214652 | ... BI15: =BH15*(1+AVERAGE($E22:$N22)) -> 1.737812
C16: Bombeo de agua | D16: =D5 -> 19.5 | E16: =E5 -> 19.31 | F16: =F5 -> 19.56 | G16: =G5 -> 19 | H16: =H5 -> 18.14 | I16: =I5 -> 18.79 | J16: =J5 -> 18.51 | K16: =K5 -> 17.98 | ... N16: =N5 -> 16.628655 | O16: =N16*(1+AVERAGE($E23:$N23)) -> 16.378714 | P16: =O16*(1+AVERAGE($E23:$N23)) -> 16.13253 | Q16: =P16*(1+AVERAGE($E23:$N23)) -> 15.890046 | R16: =Q16*(1+AVERAGE($E23:$N23)) -> 15.651207 | S16: =R16*(1+AVERAGE($E23:$N23)) -> 15.415958 | T16: =S16*(1+AVERAGE($E23:$N23)) -> 15.184245 | U16: =T16*(1+AVERAGE($E23:$N23)) -> 14.956015 | V16: =U16*(1+AVERAGE($E23:$N23)) -> 14.731215 | ... BI16: =BH16*(1+AVERAGE($E23:$N23)) -> 8.1606202
C17: TOTAL | D17: =SUM(D15:D16) -> 26.47 | E17: =SUM(E15:E16) -> 25.16 | F17: =SUM(F15:F16) -> 25.68 | G17: =SUM(G15:G16) -> 24.85 | H17: =SUM(H15:H16) -> 24.18 | I17: =SUM(I15:I16) -> 24.83 | J17: =SUM(J15:J16) -> 24.76 | K17: =SUM(K15:K16) -> 23.72 | ... BI17: =SUM(BI15:BI16) -> 9.8984322
C19: Alumbrado público | D19: =D4 -> 6.97 | E19: =E4 -> 5.85 | F19: =F4 -> 6.12 | G19: =G4 -> 5.85 | H19: =H4 -> 6.04 | I19: =I4 -> 6.04 | J19: =J4 -> 6.25 | K19: =K4 -> 5.74 | ... N19: =N4 -> 5.3549905 | O19: =N19*(1+AVERAGE($E22:$J22)) -> 5.2734111 | P19: =O19*(1+AVERAGE($E22:$J22)) -> 5.1930745 | Q19: =P19*(1+AVERAGE($E22:$J22)) -> 5.1139618 | R19: =Q19*(1+AVERAGE($E22:$J22)) -> 5.0360544 | S19: =R19*(1+AVERAGE($E22:$J22)) -> 4.9593337 | T19: =S19*(1+AVERAGE($E22:$J22)) -> 4.8837819 | U19: =T19*(1+AVERAGE($E22:$J22)) -> 4.8093811 | V19: =U19*(1+AVERAGE($E22:$J22)) -> 4.7361137 | ... BI19: =BH19*(1+AVERAGE($E22:$J22)) -> 2.602593
C20: Bombeo de agua | D20: =D5 -> 19.5 | E20: =E5 -> 19.31 | F20: =F5 -> 19.56 | G20: =G5 -> 19 | H20: =H5 -> 18.14 | I20: =I5 -> 18.79 | J20: =J5 -> 18.51 | K20: =K5 -> 17.98 | ... N20: =N5 -> 16.628655 | O20: =N20*(1+AVERAGE($E23:$J23)) -> 16.49075 | P20: =O20*(1+AVERAGE($E23:$J23)) -> 16.35399 | Q20: =P20*(1+AVERAGE($E23:$J23)) -> 16.218363 | R20: =Q20*(1+AVERAGE($E23:$J23)) -> 16.083861 | S20: =R20*(1+AVERAGE($E23:$J23)) -> 15.950475 | T20: =S20*(1+AVERAGE($E23:$J23)) -> 15.818195 | U20: =T20*(1+AVERAGE($E23:$J23)) -> 15.687012 | V20: =U20*(1+AVERAGE($E23:$J23)) -> 15.556916 | ... BI20: =BH20*(1+AVERAGE($E23:$J23)) -> 11.242742
C21: TOTAL | D21: =SUM(D19:D20) -> 26.47 | E21: =SUM(E19:E20) -> 25.16 | F21: =SUM(F19:F20) -> 25.68 | G21: =SUM(G19:G20) -> 24.85 | H21: =SUM(H19:H20) -> 24.18 | I21: =SUM(I19:I20) -> 24.83 | J21: =SUM(J19:J20) -> 24.76 | K21: =SUM(K19:K20) -> 23.72 | ... BI21: =SUM(BI19:BI20) -> 13.845335
E22: =(E15-D15)/D15 -> -0.16068867 | F22: =(F15-E15)/E15 -> 0.046153846 | G22: =(G15-F15)/F15 -> -0.044117647 | H22: =(H15-G15)/G15 -> 0.032478632 | I22: =(I15-H15)/H15 -> 0 | J22: =(J15-I15)/I15 -> 0.034768212 | K22: =(K15-J15)/J15 -> -0.0816 | L22: =(L15-K15)/K15 -> -0.040069686 | ... N22: =(N15-M15)/M15 -> -0.08063232
E23: =(E16-D16)/D16 -> -0.0097435897 | F23: =(F16-E16)/E16 -> 0.01294666 | G23: =(G16-F16)/F16 -> -0.028629857 | H23: =(H16-G16)/G16 -> -0.045263158 | I23: =(I16-H16)/H16 -> 0.035832415 | J23: =(J16-I16)/I16 -> -0.014901543 | K23: =(K16-J16)/J16 -> -0.028633171 | L23: =(L16-K16)/K16 -> -0.048387097 | ... N23: =(N16-M16)/M16 -> -0.08063232
A24: Proyección por población | D24: 2013 | E24: 2014 | F24: 2015 | G24: 2016 | H24: 2017 | I24: 2018 | J24: 2019 | K24: 2020 | L24: 2021 | M24: 2022 | N24: 2023 | O24: 2024 | P24: 2025 | Q24: 2026 | R24: 2027 | S24: 2028 | T24: 2029 | U24: 2030 | V24: 2031 | W24: 2032 | X24: 2033 | Y24: 2034 | Z24: 2035 | AA24: 2036 | AB24: 2037 | AC24: 2038 | AD24: 2039 | AE24: 2040 | AF24: 2041 | AG24: 2042 | AH24: 2043 | AI24: 2044 | AJ24: 2045 | AK24: 2046 | AL24: 2047 | AM24: 2048 | AN24: 2049 | AO24: 2050 | AP24: 2051 | AQ24: 2052 | AR24: 2053 | AS24: 2054 | AT24: 2055 | AU24: 2056 | AV24: 2057 | AW24: 2058 | AX24: 2059 | AY24: 2060 | AZ24: 2061 | BA24: 2062 | BB24: 2063 | BC24: 2064 | BD24: 2065 | BE24: 2066 | BF24: 2067 | BG24: 2068 | BH24: 2069 | BI24: 2070
D25: {=TRANSPOSE('Pob&Viv'!B65:B122)} -> 117688241 | E25: 119216240 | F25: 120653293 | G25: 122038924 | H25: 123388002 | I25: 124692044 | J25: 125960168 | K25: 127191826 | L25: 128389290 | M25: 129960600 | N25: 131135337 | O25: 132274416 | P25: 133367428 | Q25: 134407258 | R25: 135391662 | S25: 136321595 | T25: 137200808 | U25: 138033990 | V25: 138825843 | W25: 139580548 | X25: 140301983 | Y25: 140993393 | Z25: 141656637 | AA25: 142291504 | AB25: 142895488 | AC25: 143464237 | AD25: 143992746 | AE25: 144476530 | AF25: 144912929 | AG25: 145301351 | AH25: 145642911 | AI25: 145939797 | AJ25: 146194887 | AK25: 146411280 | AL25: 146592205 | AM25: 146740307 | AN25: 146857365 | AO25: 146943948 | AP25: 146999649 | AQ25: 147022927 | AR25: 147011306 | AS25: 146961870 | AT25: 146872208 | AU25: 146741137 | AV25: 146568916 | AW25: 146356973 | AX25: 146107409 | AY25: 145822700 | AZ25: 145505553 | BA25: 145158569 | BB25: 144784066 | BC25: 144383681 | BD25: 143958301 | BE25: 143507972 | BF25: 143032072 | BG25: 142529549 | BH25: 141999271 | BI25: 141440479
D26: =D3 -> 26.47 | E26: =E3 -> 25.16 | F26: =F3 -> 25.68 | G26: =G3 -> 24.85 | H26: =H3 -> 24.18 | I26: =I3 -> 24.83 | J26: =J3 -> 24.76 | K26: =K3 -> 23.72 | ... N26: =N3 -> 21.983645 | O26: =O25*AVERAGE($D29:$N29)/1000000 -> 25.954642 | P26: =P25*AVERAGE($D29:$N29)/1000000 -> 26.169111 | Q26: =Q25*AVERAGE($D29:$N29)/1000000 -> 26.373145 | R26: =R25*AVERAGE($D29:$N29)/1000000 -> 26.566302 | S26: =S25*AVERAGE($D29:$N29)/1000000 -> 26.748772 | T26: =T25*AVERAGE($D29:$N29)/1000000 -> 26.92129 | U26: =U25*AVERAGE($D29:$N29)/1000000 -> 27.084775 | V26: =V25*AVERAGE($D29:$N29)/1000000 -> 27.240151 | ... BI26: =BI25*AVERAGE($D29:$N29)/1000000 -> 27.75319
D27: =D3 -> 26.47 | E27: =E3 -> 25.16 | F27: =F3 -> 25.68 | G27: =G3 -> 24.85 | H27: =H3 -> 24.18 | I27: =I3 -> 24.83 | J27: =J3 -> 24.76 | K27: =K3 -> 23.72 | ... N27: =N3 -> 21.983645 | O27: =O25*O29/1000000 -> 21.549544 | P27: =P25*P29/1000000 -> 21.115155 | Q27: =Q25*Q29/1000000 -> 20.67995 | R27: =R25*R29/1000000 -> 20.244216 | S27: =S25*S29/1000000 -> 19.8087 | T27: =T25*T29/1000000 -> 19.374488 | U27: =U25*U29/1000000 -> 18.9427 | V27: =V25*V29/1000000 -> 18.514348 | ... BI27: =BI25*BI29/1000000 -> 6.1847234
D28: =D3 -> 26.47 | E28: =E3 -> 25.16 | F28: =F3 -> 25.68 | G28: =G3 -> 24.85 | H28: =H3 -> 24.18 | I28: =I3 -> 24.83 | J28: =J3 -> 24.76 | K28: =K3 -> 23.72 | ... N28: =N3 -> 21.983645 | O28: =O25*O30/1000000 -> 21.691246 | P28: =P25*P30/1000000 -> 21.393759 | Q28: =Q25*Q30/1000000 -> 21.09059 | R28: =R25*R30/1000000 -> 20.781965 | S28: =S25*S30/1000000 -> 20.468594 | T28: =T25*T30/1000000 -> 20.151562 | U28: =U25*U30/1000000 -> 19.832011 | V28: =V25*V30/1000000 -> 19.511008 | ... BI28: =BI25*BI30/1000000 -> 8.4159191
D29: =D26/D25*1000000 -> 0.22491627 | E29: =E26/E25*1000000 -> 0.21104507 | F29: =F26/F25*1000000 -> 0.21284127 | G29: =G26/G25*1000000 -> 0.20362356 | H29: =H26/H25*1000000 -> 0.19596719 | I29: =I26/I25*1000000 -> 0.19913059 | J29: =J26/J25*1000000 -> 0.19657008 | K29: =K26/K25*1000000 -> 0.18648997 | ... N29: =N26/N25*1000000 -> 0.16764089 | O29: =N29*(1+AVERAGE($E31:$N31)) -> 0.16291544 | P29: =O29*(1+AVERAGE($E31:$N31)) -> 0.15832318 | Q29: =P29*(1+AVERAGE($E31:$N31)) -> 0.15386037 | R29: =Q29*(1+AVERAGE($E31:$N31)) -> 0.14952336 | S29: =R29*(1+AVERAGE($E31:$N31)) -> 0.1453086 | T29: =S29*(1+AVERAGE($E31:$N31)) -> 0.14121264 | U29: =T29*(1+AVERAGE($E31:$N31)) -> 0.13723214 | V29: =U29*(1+AVERAGE($E31:$N31)) -> 0.13336385 | ... BI29: =BH29*(1+AVERAGE($E31:$N31)) -> 0.043726686
D30: =D26/D25*1000000 -> 0.22491627 | E30: =E26/E25*1000000 -> 0.21104507 | F30: =F26/F25*1000000 -> 0.21284127 | G30: =G26/G25*1000000 -> 0.20362356 | H30: =H26/H25*1000000 -> 0.19596719 | I30: =I26/I25*1000000 -> 0.19913059 | J30: =J26/J25*1000000 -> 0.19657008 | K30: =K26/K25*1000000 -> 0.18648997 | ... N30: =N26/N25*1000000 -> 0.16764089 | O30: =N30*(1+AVERAGE($E31:$J31)) -> 0.16398671 | P30: =O30*(1+AVERAGE($E31:$J31)) -> 0.16041217 | Q30: =P30*(1+AVERAGE($E31:$J31)) -> 0.15691556 | R30: =Q30*(1+AVERAGE($E31:$J31)) -> 0.15349516 | S30: =R30*(1+AVERAGE($E31:$J31)) -> 0.15014932 | T30: =S30*(1+AVERAGE($E31:$J31)) -> 0.14687641 | U30: =T30*(1+AVERAGE($E31:$J31)) -> 0.14367484 | V30: =U30*(1+AVERAGE($E31:$J31)) -> 0.14054306 | ... BI30: =BH30*(1+AVERAGE($E31:$J31)) -> 0.059501489
E31: =(E29-D29)/D29 -> -0.061672711 | F31: =(F29-E29)/E29 -> 0.0085109625 | G31: =(G29-F29)/F29 -> -0.043307909 | H31: =(H29-G29)/G29 -> -0.037600605 | I31: =(I29-H29)/H29 -> 0.016142488 | J31: =(J29-I29)/I29 -> -0.012858447 | K31: =(K29-J29)/J29 -> -0.051279962 | L31: =(L29-K29)/K29 -> -0.055268664 | ... N31: =(N29-M29)/M29 -> -0.088868202
D32: 2013 | E32: 2014 | F32: 2015 | G32: 2016 | H32: 2017 | I32: 2018 | J32: 2019 | K32: 2020 | L32: 2021 | M32: 2022 | N32: 2023 | O32: 2024 | P32: 2025 | Q32: 2026 | R32: 2027 | S32: 2028 | T32: 2029 | U32: 2030 | V32: 2031 | W32: 2032 | X32: 2033 | Y32: 2034 | Z32: 2035 | AA32: 2036 | AB32: 2037 | AC32: 2038 | AD32: 2039 | AE32: 2040 | AF32: 2041 | AG32: 2042 | AH32: 2043 | AI32: 2044 | AJ32: 2045 | AK32: 2046 | AL32: 2047 | AM32: 2048 | AN32: 2049 | AO32: 2050 | AP32: 2051 | AQ32: 2052 | AR32: 2053 | AS32: 2054 | AT32: 2055 | AU32: 2056 | AV32: 2057 | AW32: 2058 | AX32: 2059 | AY32: 2060 | AZ32: 2061 | BA32: 2062 | BB32: 2063 | BC32: 2064 | BD32: 2065 | BE32: 2066 | BF32: 2067 | BG32: 2068 | BH32: 2069 | BI32: 2070
A33: =BI33 -> 9.544663 | C33: Proyección por sector | D33: =D11 -> 26.47 | E33: =E11 -> 25.16 | F33: =F11 -> 25.68 | G33: =G11 -> 24.85 | H33: =H11 -> 24.18 | I33: =I11 -> 24.83 | J33: =J11 -> 24.76 | K33: =K11 -> 23.72 | ... BI33: =BI11 -> 9.544663
A34: =BI34 -> 13.275724 | C34: Proyección por sector (13-19) | D34: =D12 -> 26.47 | E34: =E12 -> 25.16 | F34: =F12 -> 25.68 | G34: =G12 -> 24.85 | H34: =H12 -> 24.18 | I34: =I12 -> 24.83 | J34: =J12 -> 24.76 | K34: =K12 -> 23.72 | ... BI34: =BI12 -> 13.275724
A35: =BI35 -> 9.8984322 | C35: Proyección por uso final (13-23) | D35: =D17 -> 26.47 | E35: =E17 -> 25.16 | F35: =F17 -> 25.68 | G35: =G17 -> 24.85 | H35: =H17 -> 24.18 | I35: =I17 -> 24.83 | J35: =J17 -> 24.76 | K35: =K17 -> 23.72 | ... BI35: =BI17 -> 9.8984322
A36: =BI36 -> 13.845335 | C36: Proyección por uso final (13-19) | D36: =D21 -> 26.47 | E36: =E21 -> 25.16 | F36: =F21 -> 25.68 | G36: =G21 -> 24.85 | H36: =H21 -> 24.18 | I36: =I21 -> 24.83 | J36: =J21 -> 24.76 | K36: =K21 -> 23.72 | ... BI36: =BI21 -> 13.845335
A37: =BI37 -> 23.782193 | B37: 1 | C37: Proyección por población (P.Intensidad 13-23) | D37: =D26 -> 26.47 | E37: =E26 -> 25.16 | F37: =F26 -> 25.68 | G37: =G26 -> 24.85 | H37: =H26 -> 24.18 | I37: =I26 -> 24.83 | J37: =J26 -> 24.76 | K37: =K26 -> 23.72 | ... N37: =N26 -> 21.983645 | O37: =O26-$O26+$N26 -> 21.983645 | P37: =P26-$O26+$N26 -> 22.198114 | Q37: =Q26-$O26+$N26 -> 22.402147 | R37: =R26-$O26+$N26 -> 22.595305 | S37: =S26-$O26+$N26 -> 22.777775 | T37: =T26-$O26+$N26 -> 22.950293 | U37: =U26-$O26+$N26 -> 23.113778 | V37: =V26-$O26+$N26 -> 23.269154 | ... BI37: =BI26-$O26+$N26 -> 23.782193
A38: =BI38 -> 6.1847234 | C38: Proyección por población (Intensidad 13-23) | D38: =D27 -> 26.47 | E38: =E27 -> 25.16 | F38: =F27 -> 25.68 | G38: =G27 -> 24.85 | H38: =H27 -> 24.18 | I38: =I27 -> 24.83 | J38: =J27 -> 24.76 | K38: =K27 -> 23.72 | ... BI38: =BI27 -> 6.1847234
A39: =BI39 -> 8.4159191 | B39: 1 | C39: Proyección por población (Intensidad 13-19) | D39: =D28 -> 26.47 | E39: =E28 -> 25.16 | F39: =F28 -> 25.68 | G39: =G28 -> 24.85 | H39: =H28 -> 24.18 | I39: =I28 -> 24.83 | J39: =J28 -> 24.76 | K39: =K28 -> 23.72 | ... BI39: =BI28 -> 8.4159191
A40: =BI40 -> 16.099056 | B40: =SUM(B31:B39) -> 2 | C40: Usuario | D40: =(D33*$B33/$B40)+(D34*$B34/$B40)+(D35*$B35/$B40)+(D36*$B36/$B40)+(D37*$B37/$B40)+(D38*$B38/$B40)+(D39*$B39/$B40) -> 26.47 | E40: =(E33*$B33/$B40)+(E34*$B34/$B40)+(E35*$B35/$B40)+(E36*$B36/$B40)+(E37*$B37/$B40)+(E38*$B38/$B40)+(E39*$B39/$B40) -> 25.16 | F40: =(F33*$B33/$B40)+(F34*$B34/$B40)+(F35*$B35/$B40)+(F36*$B36/$B40)+(F37*$B37/$B40)+(F38*$B38/$B40)+(F39*$B39/$B40) -> 25.68 | G40: =(G33*$B33/$B40)+(G34*$B34/$B40)+(G35*$B35/$B40)+(G36*$B36/$B40)+(G37*$B37/$B40)+(G38*$B38/$B40)+(G39*$B39/$B40) -> 24.85 | H40: =(H33*$B33/$B40)+(H34*$B34/$B40)+(H35*$B35/$B40)+(H36*$B36/$B40)+(H37*$B37/$B40)+(H38*$B38/$B40)+(H39*$B39/$B40) -> 24.18 | I40: =(I33*$B33/$B40)+(I34*$B34/$B40)+(I35*$B35/$B40)+(I36*$B36/$B40)+(I37*$B37/$B40)+(I38*$B38/$B40)+(I39*$B39/$B40) -> 24.83 | J40: =(J33*$B33/$B40)+(J34*$B34/$B40)+(J35*$B35/$B40)+(J36*$B36/$B40)+(J37*$B37/$B40)+(J38*$B38/$B40)+(J39*$B39/$B40) -> 24.76 | K40: =(K33*$B33/$B40)+(K34*$B34/$B40)+(K35*$B35/$B40)+(K36*$B36/$B40)+(K37*$B37/$B40)+(K38*$B38/$B40)+(K39*$B39/$B40) -> 23.72 | ... BI40: =(BI33*$B33/$B40)+(BI34*$B34/$B40)+(BI35*$B35/$B40)+(BI36*$B36/$B40)+(BI37*$B37/$B40)+(BI38*$B38/$B40)+(BI39*$B39/$B40) -> 16.099056
D44: 2013 | E44: 2014 | F44: 2015 | G44: 2016 | H44: 2017 | I44: 2018 | J44: 2019 | K44: 2020 | L44: 2021 | M44: 2022 | N44: 2023 | O44: 2024 | P44: 2025 | Q44: 2026 | R44: 2027 | S44: 2028 | T44: 2029 | U44: 2030 | V44: 2031 | W44: 2032 | X44: 2033 | Y44: 2034 | Z44: 2035 | AA44: 2036 | AB44: 2037 | AC44: 2038 | AD44: 2039 | AE44: 2040 | AF44: 2041 | AG44: 2042 | AH44: 2043 | AI44: 2044 | AJ44: 2045 | AK44: 2046 | AL44: 2047 | AM44: 2048 | AN44: 2049 | AO44: 2050 | AP44: 2051 | AQ44: 2052 | AR44: 2053 | AS44: 2054 | AT44: 2055 | AU44: 2056 | AV44: 2057 | AW44: 2058 | AX44: 2059 | AY44: 2060 | AZ44: 2061 | BA44: 2062 | BB44: 2063 | BC44: 2064 | BD44: 2065 | BE44: 2066 | BF44: 2067 | BG44: 2068 | BH44: 2069 | BI44: 2070
C45: Público | D45: =D40 -> 26.47 | E45: =E40 -> 25.16 | F45: =F40 -> 25.68 | G45: =G40 -> 24.85 | H45: =H40 -> 24.18 | I45: =I40 -> 24.83 | J45: =J40 -> 24.76 | K45: =K40 -> 23.72 | ... BI45: =BI40 -> 16.099056
A46: Usos finales
C47: Alumbrado público | D47: =D4 -> 6.97 | E47: =E4 -> 5.85 | F47: =F4 -> 6.12 | G47: =G4 -> 5.85 | H47: =H4 -> 6.04 | I47: =I4 -> 6.04 | J47: =J4 -> 6.25 | K47: =K4 -> 5.74 | ... N47: =N4 -> 5.3549905 | O47: =O19/O$21*O$45 -> 5.2911677 | P47: =P19/P$21*P$45 -> 5.2530555 | Q47: =Q19/Q$21*Q$45 -> 5.2132199 | R47: =R19/R$21*R$45 -> 5.1716658 | S47: =S19/S$21*S$45 -> 5.1285304 | T47: =T19/T$21*T$45 -> 5.084057 | U47: =U19/U$21*U$45 -> 5.0385126 | V47: =V19/V$21*V$45 -> 4.9921503 | ... BI47: =BI19/BI$21*BI$45 -> 3.0262389
C48: Bombeo de agua | D48: =D5 -> 19.5 | E48: =E5 -> 19.31 | F48: =F5 -> 19.56 | G48: =G5 -> 19 | H48: =H5 -> 18.14 | I48: =I5 -> 18.79 | J48: =J5 -> 18.51 | K48: =K5 -> 17.98 | ... N48: =N5 -> 16.628655 | O48: =O20/O$21*O$45 -> 16.546278 | P48: =P20/P$21*P$45 -> 16.542881 | Q48: =Q20/Q$21*Q$45 -> 16.533149 | R48: =R20/R$21*R$45 -> 16.516969 | S48: =S20/S$21*S$45 -> 16.494654 | T48: =T20/T$21*T$45 -> 16.46687 | U48: =U20/U$21*U$45 -> 16.434382 | V48: =V20/V$21*V$45 -> 16.397931 | ... BI48: =BI20/BI$21*BI$45 -> 13.072817
C49: Total | D49: =SUM(D47:D48) -> 26.47 | E49: =SUM(E47:E48) -> 25.16 | F49: =SUM(F47:F48) -> 25.68 | G49: =SUM(G47:G48) -> 24.85 | H49: =SUM(H47:H48) -> 24.18 | I49: =SUM(I47:I48) -> 24.83 | J49: =SUM(J47:J48) -> 24.76 | K49: =SUM(K47:K48) -> 23.72 | ... BI49: =SUM(BI47:BI48) -> 16.099056
A51: BCEU-rural-residential-heating
B52: electricity | D52: 0 | E52: 0 | F52: 0 | G52: 0 | H52: 0 | I52: 0 | J52: 0 | K52: 0 | L52: 0 | M52: 0 | N52: 0 | O52: 0 | P52: 0 | Q52: 0 | R52: 0 | S52: 0 | T52: 0 | U52: 0 | V52: 0 | W52: 0 | X52: 0 | Y52: 0 | Z52: 0 | AA52: 0 | AB52: 0 | AC52: 0 | AD52: 0 | AE52: 0 | AF52: 0 | AG52: 0 | AH52: 0 | AI52: 0 | AJ52: 0 | AK52: 0 | AL52: 0 | AM52: 0 | AN52: 0 | AO52: 0 | AP52: 0 | AQ52: 0 | AR52: 0 | AS52: 0 | AT52: 0 | AU52: 0 | AV52: 0 | AW52: 0 | AX52: 0 | AY52: 0 | AZ52: 0 | BA52: 0 | BB52: 0 | BC52: 0 | BD52: 0 | BE52: 0 | BF52: 0 | BG52: 0 | BH52: 0 | BI52: 0
B53: coal | D53: 0 | E53: 0 | F53: 0 | G53: 0 | H53: 0 | I53: 0 | J53: 0 | K53: 0 | L53: 0 | M53: 0 | N53: 0 | O53: 0 | P53: 0 | Q53: 0 | R53: 0 | S53: 0 | T53: 0 | U53: 0 | V53: 0 | W53: 0 | X53: 0 | Y53: 0 | Z53: 0 | AA53: 0 | AB53: 0 | AC53: 0 | AD53: 0 | AE53: 0 | AF53: 0 | AG53: 0 | AH53: 0 | AI53: 0 | AJ53: 0 | AK53: 0 | AL53: 0 | AM53: 0 | AN53: 0 | AO53: 0 | AP53: 0 | AQ53: 0 | AR53: 0 | AS53: 0 | AT53: 0 | AU53: 0 | AV53: 0 | AW53: 0 | AX53: 0 | AY53: 0 | AZ53: 0 | BA53: 0 | BB53: 0 | BC53: 0 | BD53: 0 | BE53: 0 | BF53: 0 | BG53: 0 | BH53: 0 | BI53: 0
B54: natural gas | D54: 0 | E54: 0 | F54: 0 | G54: 0 | H54: 0 | I54: 0 | J54: 0 | K54: 0 | L54: 0 | M54: 0 | N54: 0 | O54: 0 | P54: 0 | Q54: 0 | R54: 0 | S54: 0 | T54: 0 | U54: 0 | V54: 0 | W54: 0 | X54: 0 | Y54: 0 | Z54: 0 | AA54: 0 | AB54: 0 | AC54: 0 | AD54: 0 | AE54: 0 | AF54: 0 | AG54: 0 | AH54: 0 | AI54: 0 | AJ54: 0 | AK54: 0 | AL54: 0 | AM54: 0 | AN54: 0 | AO54: 0 | AP54: 0 | AQ54: 0 | AR54: 0 | AS54: 0 | AT54: 0 | AU54: 0 | AV54: 0 | AW54: 0 | AX54: 0 | AY54: 0 | AZ54: 0 | BA54: 0 | BB54: 0 | BC54: 0 | BD54: 0 | BE54: 0 | BF54: 0 | BG54: 0 | BH54: 0 | BI54: 0
B55: petroleum diesel | D55: 0 | E55: 0 | F55: 0 | G55: 0 | H55: 0 | I55: 0 | J55: 0 | K55: 0 | L55: 0 | M55: 0 | N55: 0 | O55: 0 | P55: 0 | Q55: 0 | R55: 0 | S55: 0 | T55: 0 | U55: 0 | V55: 0 | W55: 0 | X55: 0 | Y55: 0 | Z55: 0 | AA55: 0 | AB55: 0 | AC55: 0 | AD55: 0 | AE55: 0 | AF55: 0 | AG55: 0 | AH55: 0 | AI55: 0 | AJ55: 0 | AK55: 0 | AL55: 0 | AM55: 0 | AN55: 0 | AO55: 0 | AP55: 0 | AQ55: 0 | AR55: 0 | AS55: 0 | AT55: 0 | AU55: 0 | AV55: 0 | AW55: 0 | AX55: 0 | AY55: 0 | AZ55: 0 | BA55: 0 | BB55: 0 | BC55: 0 | BD55: 0 | BE55: 0 | BF55: 0 | BG55: 0 | BH55: 0 | BI55: 0
B56: heat | D56: 0 | E56: 0 | F56: 0 | G56: 0 | H56: 0 | I56: 0 | J56: 0 | K56: 0 | L56: 0 | M56: 0 | N56: 0 | O56: 0 | P56: 0 | Q56: 0 | R56: 0 | S56: 0 | T56: 0 | U56: 0 | V56: 0 | W56: 0 | X56: 0 | Y56: 0 | Z56: 0 | AA56: 0 | AB56: 0 | AC56: 0 | AD56: 0 | AE56: 0 | AF56: 0 | AG56: 0 | AH56: 0 | AI56: 0 | AJ56: 0 | AK56: 0 | AL56: 0 | AM56: 0 | AN56: 0 | AO56: 0 | AP56: 0 | AQ56: 0 | AR56: 0 | AS56: 0 | AT56: 0 | AU56: 0 | AV56: 0 | AW56: 0 | AX56: 0 | AY56: 0 | AZ56: 0 | BA56: 0 | BB56: 0 | BC56: 0 | BD56: 0 | BE56: 0 | BF56: 0 | BG56: 0 | BH56: 0 | BI56: 0
B57: biomass | D57: 0 | E57: 0 | F57: 0 | G57: 0 | H57: 0 | I57: 0 | J57: 0 | K57: 0 | L57: 0 | M57: 0 | N57: 0 | O57: 0 | P57: 0 | Q57: 0 | R57: 0 | S57: 0 | T57: 0 | U57: 0 | V57: 0 | W57: 0 | X57: 0 | Y57: 0 | Z57: 0 | AA57: 0 | AB57: 0 | AC57: 0 | AD57: 0 | AE57: 0 | AF57: 0 | AG57: 0 | AH57: 0 | AI57: 0 | AJ57: 0 | AK57: 0 | AL57: 0 | AM57: 0 | AN57: 0 | AO57: 0 | AP57: 0 | AQ57: 0 | AR57: 0 | AS57: 0 | AT57: 0 | AU57: 0 | AV57: 0 | AW57: 0 | AX57: 0 | AY57: 0 | AZ57: 0 | BA57: 0 | BB57: 0 | BC57: 0 | BD57: 0 | BE57: 0 | BF57: 0 | BG57: 0 | BH57: 0 | BI57: 0
B58: kerosene | D58: 0 | E58: 0 | F58: 0 | G58: 0 | H58: 0 | I58: 0 | J58: 0 | K58: 0 | L58: 0 | M58: 0 | N58: 0 | O58: 0 | P58: 0 | Q58: 0 | R58: 0 | S58: 0 | T58: 0 | U58: 0 | V58: 0 | W58: 0 | X58: 0 | Y58: 0 | Z58: 0 | AA58: 0 | AB58: 0 | AC58: 0 | AD58: 0 | AE58: 0 | AF58: 0 | AG58: 0 | AH58: 0 | AI58: 0 | AJ58: 0 | AK58: 0 | AL58: 0 | AM58: 0 | AN58: 0 | AO58: 0 | AP58: 0 | AQ58: 0 | AR58: 0 | AS58: 0 | AT58: 0 | AU58: 0 | AV58: 0 | AW58: 0 | AX58: 0 | AY58: 0 | AZ58: 0 | BA58: 0 | BB58: 0 | BC58: 0 | BD58: 0 | BE58: 0 | BF58: 0 | BG58: 0 | BH58: 0 | BI58: 0
B59: heavy or residual fuel oil | D59: 0 | E59: 0 | F59: 0 | G59: 0 | H59: 0 | I59: 0 | J59: 0 | K59: 0 | L59: 0 | M59: 0 | N59: 0 | O59: 0 | P59: 0 | Q59: 0 | R59: 0 | S59: 0 | T59: 0 | U59: 0 | V59: 0 | W59: 0 | X59: 0 | Y59: 0 | Z59: 0 | AA59: 0 | AB59: 0 | AC59: 0 | AD59: 0 | AE59: 0 | AF59: 0 | AG59: 0 | AH59: 0 | AI59: 0 | AJ59: 0 | AK59: 0 | AL59: 0 | AM59: 0 | AN59: 0 | AO59: 0 | AP59: 0 | AQ59: 0 | AR59: 0 | AS59: 0 | AT59: 0 | AU59: 0 | AV59: 0 | AW59: 0 | AX59: 0 | AY59: 0 | AZ59: 0 | BA59: 0 | BB59: 0 | BC59: 0 | BD59: 0 | BE59: 0 | BF59: 0 | BG59: 0 | BH59: 0 | BI59: 0
B60: LPG propane or butane | D60: 0 | E60: 0 | F60: 0 | G60: 0 | H60: 0 | I60: 0 | J60: 0 | K60: 0 | L60: 0 | M60: 0 | N60: 0 | O60: 0 | P60: 0 | Q60: 0 | R60: 0 | S60: 0 | T60: 0 | U60: 0 | V60: 0 | W60: 0 | X60: 0 | Y60: 0 | Z60: 0 | AA60: 0 | AB60: 0 | AC60: 0 | AD60: 0 | AE60: 0 | AF60: 0 | AG60: 0 | AH60: 0 | AI60: 0 | AJ60: 0 | AK60: 0 | AL60: 0 | AM60: 0 | AN60: 0 | AO60: 0 | AP60: 0 | AQ60: 0 | AR60: 0 | AS60: 0 | AT60: 0 | AU60: 0 | AV60: 0 | AW60: 0 | AX60: 0 | AY60: 0 | AZ60: 0 | BA60: 0 | BB60: 0 | BC60: 0 | BD60: 0 | BE60: 0 | BF60: 0 | BG60: 0 | BH60: 0 | BI60: 0
B61: hydrogen | D61: 0 | E61: 0 | F61: 0 | G61: 0 | H61: 0 | I61: 0 | J61: 0 | K61: 0 | L61: 0 | M61: 0 | N61: 0 | O61: 0 | P61: 0 | Q61: 0 | R61: 0 | S61: 0 | T61: 0 | U61: 0 | V61: 0 | W61: 0 | X61: 0 | Y61: 0 | Z61: 0 | AA61: 0 | AB61: 0 | AC61: 0 | AD61: 0 | AE61: 0 | AF61: 0 | AG61: 0 | AH61: 0 | AI61: 0 | AJ61: 0 | AK61: 0 | AL61: 0 | AM61: 0 | AN61: 0 | AO61: 0 | AP61: 0 | AQ61: 0 | AR61: 0 | AS61: 0 | AT61: 0 | AU61: 0 | AV61: 0 | AW61: 0 | AX61: 0 | AY61: 0 | AZ61: 0 | BA61: 0 | BB61: 0 | BC61: 0 | BD61: 0 | BE61: 0 | BF61: 0 | BG61: 0 | BH61: 0 | BI61: 0
A62: BCEU-rural-residential-cooling
B63: electricity | D63: 0 | E63: 0 | F63: 0 | G63: 0 | H63: 0 | I63: 0 | J63: 0 | K63: 0 | L63: 0 | M63: 0 | N63: 0 | O63: 0 | P63: 0 | Q63: 0 | R63: 0 | S63: 0 | T63: 0 | U63: 0 | V63: 0 | W63: 0 | X63: 0 | Y63: 0 | Z63: 0 | AA63: 0 | AB63: 0 | AC63: 0 | AD63: 0 | AE63: 0 | AF63: 0 | AG63: 0 | AH63: 0 | AI63: 0 | AJ63: 0 | AK63: 0 | AL63: 0 | AM63: 0 | AN63: 0 | AO63: 0 | AP63: 0 | AQ63: 0 | AR63: 0 | AS63: 0 | AT63: 0 | AU63: 0 | AV63: 0 | AW63: 0 | AX63: 0 | AY63: 0 | AZ63: 0 | BA63: 0 | BB63: 0 | BC63: 0 | BD63: 0 | BE63: 0 | BF63: 0 | BG63: 0 | BH63: 0 | BI63: 0
B64: coal | D64: 0 | E64: 0 | F64: 0 | G64: 0 | H64: 0 | I64: 0 | J64: 0 | K64: 0 | L64: 0 | M64: 0 | N64: 0 | O64: 0 | P64: 0 | Q64: 0 | R64: 0 | S64: 0 | T64: 0 | U64: 0 | V64: 0 | W64: 0 | X64: 0 | Y64: 0 | Z64: 0 | AA64: 0 | AB64: 0 | AC64: 0 | AD64: 0 | AE64: 0 | AF64: 0 | AG64: 0 | AH64: 0 | AI64: 0 | AJ64: 0 | AK64: 0 | AL64: 0 | AM64: 0 | AN64: 0 | AO64: 0 | AP64: 0 | AQ64: 0 | AR64: 0 | AS64: 0 | AT64: 0 | AU64: 0 | AV64: 0 | AW64: 0 | AX64: 0 | AY64: 0 | AZ64: 0 | BA64: 0 | BB64: 0 | BC64: 0 | BD64: 0 | BE64: 0 | BF64: 0 | BG64: 0 | BH64: 0 | BI64: 0
B65: natural gas | D65: 0 | E65: 0 | F65: 0 | G65: 0 | H65: 0 | I65: 0 | J65: 0 | K65: 0 | L65: 0 | M65: 0 | N65: 0 | O65: 0 | P65: 0 | Q65: 0 | R65: 0 | S65: 0 | T65: 0 | U65: 0 | V65: 0 | W65: 0 | X65: 0 | Y65: 0 | Z65: 0 | AA65: 0 | AB65: 0 | AC65: 0 | AD65: 0 | AE65: 0 | AF65: 0 | AG65: 0 | AH65: 0 | AI65: 0 | AJ65: 0 | AK65: 0 | AL65: 0 | AM65: 0 | AN65: 0 | AO65: 0 | AP65: 0 | AQ65: 0 | AR65: 0 | AS65: 0 | AT65: 0 | AU65: 0 | AV65: 0 | AW65: 0 | AX65: 0 | AY65: 0 | AZ65: 0 | BA65: 0 | BB65: 0 | BC65: 0 | BD65: 0 | BE65: 0 | BF65: 0 | BG65: 0 | BH65: 0 | BI65: 0
B66: petroleum diesel | D66: 0 | E66: 0 | F66: 0 | G66: 0 | H66: 0 | I66: 0 | J66: 0 | K66: 0 | L66: 0 | M66: 0 | N66: 0 | O66: 0 | P66: 0 | Q66: 0 | R66: 0 | S66: 0 | T66: 0 | U66: 0 | V66: 0 | W66: 0 | X66: 0 | Y66: 0 | Z66: 0 | AA66: 0 | AB66: 0 | AC66: 0 | AD66: 0 | AE66: 0 | AF66: 0 | AG66: 0 | AH66: 0 | AI66: 0 | AJ66: 0 | AK66: 0 | AL66: 0 | AM66: 0 | AN66: 0 | AO66: 0 | AP66: 0 | AQ66: 0 | AR66: 0 | AS66: 0 | AT66: 0 | AU66: 0 | AV66: 0 | AW66: 0 | AX66: 0 | AY66: 0 | AZ66: 0 | BA66: 0 | BB66: 0 | BC66: 0 | BD66: 0 | BE66: 0 | BF66: 0 | BG66: 0 | BH66: 0 | BI66: 0
B67: heat | D67: 0 | E67: 0 | F67: 0 | G67: 0 | H67: 0 | I67: 0 | J67: 0 | K67: 0 | L67: 0 | M67: 0 | N67: 0 | O67: 0 | P67: 0 | Q67: 0 | R67: 0 | S67: 0 | T67: 0 | U67: 0 | V67: 0 | W67: 0 | X67: 0 | Y67: 0 | Z67: 0 | AA67: 0 | AB67: 0 | AC67: 0 | AD67: 0 | AE67: 0 | AF67: 0 | AG67: 0 | AH67: 0 | AI67: 0 | AJ67: 0 | AK67: 0 | AL67: 0 | AM67: 0 | AN67: 0 | AO67: 0 | AP67: 0 | AQ67: 0 | AR67: 0 | AS67: 0 | AT67: 0 | AU67: 0 | AV67: 0 | AW67: 0 | AX67: 0 | AY67: 0 | AZ67: 0 | BA67: 0 | BB67: 0 | BC67: 0 | BD67: 0 | BE67: 0 | BF67: 0 | BG67: 0 | BH67: 0 | BI67: 0
B68: biomass | D68: 0 | E68: 0 | F68: 0 | G68: 0 | H68: 0 | I68: 0 | J68: 0 | K68: 0 | L68: 0 | M68: 0 | N68: 0 | O68: 0 | P68: 0 | Q68: 0 | R68: 0 | S68: 0 | T68: 0 | U68: 0 | V68: 0 | W68: 0 | X68: 0 | Y68: 0 | Z68: 0 | AA68: 0 | AB68: 0 | AC68: 0 | AD68: 0 | AE68: 0 | AF68: 0 | AG68: 0 | AH68: 0 | AI68: 0 | AJ68: 0 | AK68: 0 | AL68: 0 | AM68: 0 | AN68: 0 | AO68: 0 | AP68: 0 | AQ68: 0 | AR68: 0 | AS68: 0 | AT68: 0 | AU68: 0 | AV68: 0 | AW68: 0 | AX68: 0 | AY68: 0 | AZ68: 0 | BA68: 0 | BB68: 0 | BC68: 0 | BD68: 0 | BE68: 0 | BF68: 0 | BG68: 0 | BH68: 0 | BI68: 0
B69: kerosene | D69: 0 | E69: 0 | F69: 0 | G69: 0 | H69: 0 | I69: 0 | J69: 0 | K69: 0 | L69: 0 | M69: 0 | N69: 0 | O69: 0 | P69: 0 | Q69: 0 | R69: 0 | S69: 0 | T69: 0 | U69: 0 | V69: 0 | W69: 0 | X69: 0 | Y69: 0 | Z69: 0 | AA69: 0 | AB69: 0 | AC69: 0 | AD69: 0 | AE69: 0 | AF69: 0 | AG69: 0 | AH69: 0 | AI69: 0 | AJ69: 0 | AK69: 0 | AL69: 0 | AM69: 0 | AN69: 0 | AO69: 0 | AP69: 0 | AQ69: 0 | AR69: 0 | AS69: 0 | AT69: 0 | AU69: 0 | AV69: 0 | AW69: 0 | AX69: 0 | AY69: 0 | AZ69: 0 | BA69: 0 | BB69: 0 | BC69: 0 | BD69: 0 | BE69: 0 | BF69: 0 | BG69: 0 | BH69: 0 | BI69: 0
B70: heavy or residual fuel oil | D70: 0 | E70: 0 | F70: 0 | G70: 0 | H70: 0 | I70: 0 | J70: 0 | K70: 0 | L70: 0 | M70: 0 | N70: 0 | O70: 0 | P70: 0 | Q70: 0 | R70: 0 | S70: 0 | T70: 0 | U70: 0 | V70: 0 | W70: 0 | X70: 0 | Y70: 0 | Z70: 0 | AA70: 0 | AB70: 0 | AC70: 0 | AD70: 0 | AE70: 0 | AF70: 0 | AG70: 0 | AH70: 0 | AI70: 0 | AJ70: 0 | AK70: 0 | AL70: 0 | AM70: 0 | AN70: 0 | AO70: 0 | AP70: 0 | AQ70: 0 | AR70: 0 | AS70: 0 | AT70: 0 | AU70: 0 | AV70: 0 | AW70: 0 | AX70: 0 | AY70: 0 | AZ70: 0 | BA70: 0 | BB70: 0 | BC70: 0 | BD70: 0 | BE70: 0 | BF70: 0 | BG70: 0 | BH70: 0 | BI70: 0
B71: LPG propane or butane | D71: 0 | E71: 0 | F71: 0 | G71: 0 | H71: 0 | I71: 0 | J71: 0 | K71: 0 | L71: 0 | M71: 0 | N71: 0 | O71: 0 | P71: 0 | Q71: 0 | R71: 0 | S71: 0 | T71: 0 | U71: 0 | V71: 0 | W71: 0 | X71: 0 | Y71: 0 | Z71: 0 | AA71: 0 | AB71: 0 | AC71: 0 | AD71: 0 | AE71: 0 | AF71: 0 | AG71: 0 | AH71: 0 | AI71: 0 | AJ71: 0 | AK71: 0 | AL71: 0 | AM71: 0 | AN71: 0 | AO71: 0 | AP71: 0 | AQ71: 0 | AR71: 0 | AS71: 0 | AT71: 0 | AU71: 0 | AV71: 0 | AW71: 0 | AX71: 0 | AY71: 0 | AZ71: 0 | BA71: 0 | BB71: 0 | BC71: 0 | BD71: 0 | BE71: 0 | BF71: 0 | BG71: 0 | BH71: 0 | BI71: 0
B72: hydrogen | D72: 0 | E72: 0 | F72: 0 | G72: 0 | H72: 0 | I72: 0 | J72: 0 | K72: 0 | L72: 0 | M72: 0 | N72: 0 | O72: 0 | P72: 0 | Q72: 0 | R72: 0 | S72: 0 | T72: 0 | U72: 0 | V72: 0 | W72: 0 | X72: 0 | Y72: 0 | Z72: 0 | AA72: 0 | AB72: 0 | AC72: 0 | AD72: 0 | AE72: 0 | AF72: 0 | AG72: 0 | AH72: 0 | AI72: 0 | AJ72: 0 | AK72: 0 | AL72: 0 | AM72: 0 | AN72: 0 | AO72: 0 | AP72: 0 | AQ72: 0 | AR72: 0 | AS72: 0 | AT72: 0 | AU72: 0 | AV72: 0 | AW72: 0 | AX72: 0 | AY72: 0 | AZ72: 0 | BA72: 0 | BB72: 0 | BC72: 0 | BD72: 0 | BE72: 0 | BF72: 0 | BG72: 0 | BH72: 0 | BI72: 0
A73: BCEU-rural-residential-lighting
B74: electricity | D74: =D47 -> 6.97 | E74: =E47 -> 5.85 | F74: =F47 -> 6.12 | G74: =G47 -> 5.85 | H74: =H47 -> 6.04 | I74: =I47 -> 6.04 | J74: =J47 -> 6.25 | K74: =K47 -> 5.74 | ... BI74: =BI47 -> 3.0262389
B75: coal | D75: 0 | E75: 0 | F75: 0 | G75: 0 | H75: 0 | I75: 0 | J75: 0 | K75: 0 | L75: 0 | M75: 0 | N75: 0 | O75: 0 | P75: 0 | Q75: 0 | R75: 0 | S75: 0 | T75: 0 | U75: 0 | V75: 0 | W75: 0 | X75: 0 | Y75: 0 | Z75: 0 | AA75: 0 | AB75: 0 | AC75: 0 | AD75: 0 | AE75: 0 | AF75: 0 | AG75: 0 | AH75: 0 | AI75: 0 | AJ75: 0 | AK75: 0 | AL75: 0 | AM75: 0 | AN75: 0 | AO75: 0 | AP75: 0 | AQ75: 0 | AR75: 0 | AS75: 0 | AT75: 0 | AU75: 0 | AV75: 0 | AW75: 0 | AX75: 0 | AY75: 0 | AZ75: 0 | BA75: 0 | BB75: 0 | BC75: 0 | BD75: 0 | BE75: 0 | BF75: 0 | BG75: 0 | BH75: 0 | BI75: 0
B76: natural gas | D76: 0 | E76: 0 | F76: 0 | G76: 0 | H76: 0 | I76: 0 | J76: 0 | K76: 0 | L76: 0 | M76: 0 | N76: 0 | O76: 0 | P76: 0 | Q76: 0 | R76: 0 | S76: 0 | T76: 0 | U76: 0 | V76: 0 | W76: 0 | X76: 0 | Y76: 0 | Z76: 0 | AA76: 0 | AB76: 0 | AC76: 0 | AD76: 0 | AE76: 0 | AF76: 0 | AG76: 0 | AH76: 0 | AI76: 0 | AJ76: 0 | AK76: 0 | AL76: 0 | AM76: 0 | AN76: 0 | AO76: 0 | AP76: 0 | AQ76: 0 | AR76: 0 | AS76: 0 | AT76: 0 | AU76: 0 | AV76: 0 | AW76: 0 | AX76: 0 | AY76: 0 | AZ76: 0 | BA76: 0 | BB76: 0 | BC76: 0 | BD76: 0 | BE76: 0 | BF76: 0 | BG76: 0 | BH76: 0 | BI76: 0
B77: petroleum diesel | D77: 0 | E77: 0 | F77: 0 | G77: 0 | H77: 0 | I77: 0 | J77: 0 | K77: 0 | L77: 0 | M77: 0 | N77: 0 | O77: 0 | P77: 0 | Q77: 0 | R77: 0 | S77: 0 | T77: 0 | U77: 0 | V77: 0 | W77: 0 | X77: 0 | Y77: 0 | Z77: 0 | AA77: 0 | AB77: 0 | AC77: 0 | AD77: 0 | AE77: 0 | AF77: 0 | AG77: 0 | AH77: 0 | AI77: 0 | AJ77: 0 | AK77: 0 | AL77: 0 | AM77: 0 | AN77: 0 | AO77: 0 | AP77: 0 | AQ77: 0 | AR77: 0 | AS77: 0 | AT77: 0 | AU77: 0 | AV77: 0 | AW77: 0 | AX77: 0 | AY77: 0 | AZ77: 0 | BA77: 0 | BB77: 0 | BC77: 0 | BD77: 0 | BE77: 0 | BF77: 0 | BG77: 0 | BH77: 0 | BI77: 0
B78: heat | D78: 0 | E78: 0 | F78: 0 | G78: 0 | H78: 0 | I78: 0 | J78: 0 | K78: 0 | L78: 0 | M78: 0 | N78: 0 | O78: 0 | P78: 0 | Q78: 0 | R78: 0 | S78: 0 | T78: 0 | U78: 0 | V78: 0 | W78: 0 | X78: 0 | Y78: 0 | Z78: 0 | AA78: 0 | AB78: 0 | AC78: 0 | AD78: 0 | AE78: 0 | AF78: 0 | AG78: 0 | AH78: 0 | AI78: 0 | AJ78: 0 | AK78: 0 | AL78: 0 | AM78: 0 | AN78: 0 | AO78: 0 | AP78: 0 | AQ78: 0 | AR78: 0 | AS78: 0 | AT78: 0 | AU78: 0 | AV78: 0 | AW78: 0 | AX78: 0 | AY78: 0 | AZ78: 0 | BA78: 0 | BB78: 0 | BC78: 0 | BD78: 0 | BE78: 0 | BF78: 0 | BG78: 0 | BH78: 0 | BI78: 0
B79: biomass | D79: 0 | E79: 0 | F79: 0 | G79: 0 | H79: 0 | I79: 0 | J79: 0 | K79: 0 | L79: 0 | M79: 0 | N79: 0 | O79: 0 | P79: 0 | Q79: 0 | R79: 0 | S79: 0 | T79: 0 | U79: 0 | V79: 0 | W79: 0 | X79: 0 | Y79: 0 | Z79: 0 | AA79: 0 | AB79: 0 | AC79: 0 | AD79: 0 | AE79: 0 | AF79: 0 | AG79: 0 | AH79: 0 | AI79: 0 | AJ79: 0 | AK79: 0 | AL79: 0 | AM79: 0 | AN79: 0 | AO79: 0 | AP79: 0 | AQ79: 0 | AR79: 0 | AS79: 0 | AT79: 0 | AU79: 0 | AV79: 0 | AW79: 0 | AX79: 0 | AY79: 0 | AZ79: 0 | BA79: 0 | BB79: 0 | BC79: 0 | BD79: 0 | BE79: 0 | BF79: 0 | BG79: 0 | BH79: 0 | BI79: 0
B80: kerosene | D80: 0 | E80: 0 | F80: 0 | G80: 0 | H80: 0 | I80: 0 | J80: 0 | K80: 0 | L80: 0 | M80: 0 | N80: 0 | O80: 0 | P80: 0 | Q80: 0 | R80: 0 | S80: 0 | T80: 0 | U80: 0 | V80: 0 | W80: 0 | X80: 0 | Y80: 0 | Z80: 0 | AA80: 0 | AB80: 0 | AC80: 0 | AD80: 0 | AE80: 0 | AF80: 0 | AG80: 0 | AH80: 0 | AI80: 0 | AJ80: 0 | AK80: 0 | AL80: 0 | AM80: 0 | AN80: 0 | AO80: 0 | AP80: 0 | AQ80: 0 | AR80: 0 | AS80: 0 | AT80: 0 | AU80: 0 | AV80: 0 | AW80: 0 | AX80: 0 | AY80: 0 | AZ80: 0 | BA80: 0 | BB80: 0 | BC80: 0 | BD80: 0 | BE80: 0 | BF80: 0 | BG80: 0 | BH80: 0 | BI80: 0
B81: heavy or residual fuel oil | D81: 0 | E81: 0 | F81: 0 | G81: 0 | H81: 0 | I81: 0 | J81: 0 | K81: 0 | L81: 0 | M81: 0 | N81: 0 | O81: 0 | P81: 0 | Q81: 0 | R81: 0 | S81: 0 | T81: 0 | U81: 0 | V81: 0 | W81: 0 | X81: 0 | Y81: 0 | Z81: 0 | AA81: 0 | AB81: 0 | AC81: 0 | AD81: 0 | AE81: 0 | AF81: 0 | AG81: 0 | AH81: 0 | AI81: 0 | AJ81: 0 | AK81: 0 | AL81: 0 | AM81: 0 | AN81: 0 | AO81: 0 | AP81: 0 | AQ81: 0 | AR81: 0 | AS81: 0 | AT81: 0 | AU81: 0 | AV81: 0 | AW81: 0 | AX81: 0 | AY81: 0 | AZ81: 0 | BA81: 0 | BB81: 0 | BC81: 0 | BD81: 0 | BE81: 0 | BF81: 0 | BG81: 0 | BH81: 0 | BI81: 0
B82: LPG propane or butane | D82: 0 | E82: 0 | F82: 0 | G82: 0 | H82: 0 | I82: 0 | J82: 0 | K82: 0 | L82: 0 | M82: 0 | N82: 0 | O82: 0 | P82: 0 | Q82: 0 | R82: 0 | S82: 0 | T82: 0 | U82: 0 | V82: 0 | W82: 0 | X82: 0 | Y82: 0 | Z82: 0 | AA82: 0 | AB82: 0 | AC82: 0 | AD82: 0 | AE82: 0 | AF82: 0 | AG82: 0 | AH82: 0 | AI82: 0 | AJ82: 0 | AK82: 0 | AL82: 0 | AM82: 0 | AN82: 0 | AO82: 0 | AP82: 0 | AQ82: 0 | AR82: 0 | AS82: 0 | AT82: 0 | AU82: 0 | AV82: 0 | AW82: 0 | AX82: 0 | AY82: 0 | AZ82: 0 | BA82: 0 | BB82: 0 | BC82: 0 | BD82: 0 | BE82: 0 | BF82: 0 | BG82: 0 | BH82: 0 | BI82: 0
B83: hydrogen | D83: 0 | E83: 0 | F83: 0 | G83: 0 | H83: 0 | I83: 0 | J83: 0 | K83: 0 | L83: 0 | M83: 0 | N83: 0 | O83: 0 | P83: 0 | Q83: 0 | R83: 0 | S83: 0 | T83: 0 | U83: 0 | V83: 0 | W83: 0 | X83: 0 | Y83: 0 | Z83: 0 | AA83: 0 | AB83: 0 | AC83: 0 | AD83: 0 | AE83: 0 | AF83: 0 | AG83: 0 | AH83: 0 | AI83: 0 | AJ83: 0 | AK83: 0 | AL83: 0 | AM83: 0 | AN83: 0 | AO83: 0 | AP83: 0 | AQ83: 0 | AR83: 0 | AS83: 0 | AT83: 0 | AU83: 0 | AV83: 0 | AW83: 0 | AX83: 0 | AY83: 0 | AZ83: 0 | BA83: 0 | BB83: 0 | BC83: 0 | BD83: 0 | BE83: 0 | BF83: 0 | BG83: 0 | BH83: 0 | BI83: 0
A84: BCEU-rural-residential-appl
B85: electricity | D85: 0 | E85: 0 | F85: 0 | G85: 0 | H85: 0 | I85: 0 | J85: 0 | K85: 0 | L85: 0 | M85: 0 | N85: 0 | O85: 0 | P85: 0 | Q85: 0 | R85: 0 | S85: 0 | T85: 0 | U85: 0 | V85: 0 | W85: 0 | X85: 0 | Y85: 0 | Z85: 0 | AA85: 0 | AB85: 0 | AC85: 0 | AD85: 0 | AE85: 0 | AF85: 0 | AG85: 0 | AH85: 0 | AI85: 0 | AJ85: 0 | AK85: 0 | AL85: 0 | AM85: 0 | AN85: 0 | AO85: 0 | AP85: 0 | AQ85: 0 | AR85: 0 | AS85: 0 | AT85: 0 | AU85: 0 | AV85: 0 | AW85: 0 | AX85: 0 | AY85: 0 | AZ85: 0 | BA85: 0 | BB85: 0 | BC85: 0 | BD85: 0 | BE85: 0 | BF85: 0 | BG85: 0 | BH85: 0 | BI85: 0
B86: coal | D86: 0 | E86: 0 | F86: 0 | G86: 0 | H86: 0 | I86: 0 | J86: 0 | K86: 0 | L86: 0 | M86: 0 | N86: 0 | O86: 0 | P86: 0 | Q86: 0 | R86: 0 | S86: 0 | T86: 0 | U86: 0 | V86: 0 | W86: 0 | X86: 0 | Y86: 0 | Z86: 0 | AA86: 0 | AB86: 0 | AC86: 0 | AD86: 0 | AE86: 0 | AF86: 0 | AG86: 0 | AH86: 0 | AI86: 0 | AJ86: 0 | AK86: 0 | AL86: 0 | AM86: 0 | AN86: 0 | AO86: 0 | AP86: 0 | AQ86: 0 | AR86: 0 | AS86: 0 | AT86: 0 | AU86: 0 | AV86: 0 | AW86: 0 | AX86: 0 | AY86: 0 | AZ86: 0 | BA86: 0 | BB86: 0 | BC86: 0 | BD86: 0 | BE86: 0 | BF86: 0 | BG86: 0 | BH86: 0 | BI86: 0
B87: natural gas | D87: 0 | E87: 0 | F87: 0 | G87: 0 | H87: 0 | I87: 0 | J87: 0 | K87: 0 | L87: 0 | M87: 0 | N87: 0 | O87: 0 | P87: 0 | Q87: 0 | R87: 0 | S87: 0 | T87: 0 | U87: 0 | V87: 0 | W87: 0 | X87: 0 | Y87: 0 | Z87: 0 | AA87: 0 | AB87: 0 | AC87: 0 | AD87: 0 | AE87: 0 | AF87: 0 | AG87: 0 | AH87: 0 | AI87: 0 | AJ87: 0 | AK87: 0 | AL87: 0 | AM87: 0 | AN87: 0 | AO87: 0 | AP87: 0 | AQ87: 0 | AR87: 0 | AS87: 0 | AT87: 0 | AU87: 0 | AV87: 0 | AW87: 0 | AX87: 0 | AY87: 0 | AZ87: 0 | BA87: 0 | BB87: 0 | BC87: 0 | BD87: 0 | BE87: 0 | BF87: 0 | BG87: 0 | BH87: 0 | BI87: 0
B88: petroleum diesel | D88: 0 | E88: 0 | F88: 0 | G88: 0 | H88: 0 | I88: 0 | J88: 0 | K88: 0 | L88: 0 | M88: 0 | N88: 0 | O88: 0 | P88: 0 | Q88: 0 | R88: 0 | S88: 0 | T88: 0 | U88: 0 | V88: 0 | W88: 0 | X88: 0 | Y88: 0 | Z88: 0 | AA88: 0 | AB88: 0 | AC88: 0 | AD88: 0 | AE88: 0 | AF88: 0 | AG88: 0 | AH88: 0 | AI88: 0 | AJ88: 0 | AK88: 0 | AL88: 0 | AM88: 0 | AN88: 0 | AO88: 0 | AP88: 0 | AQ88: 0 | AR88: 0 | AS88: 0 | AT88: 0 | AU88: 0 | AV88: 0 | AW88: 0 | AX88: 0 | AY88: 0 | AZ88: 0 | BA88: 0 | BB88: 0 | BC88: 0 | BD88: 0 | BE88: 0 | BF88: 0 | BG88: 0 | BH88: 0 | BI88: 0
B89: heat | D89: 0 | E89: 0 | F89: 0 | G89: 0 | H89: 0 | I89: 0 | J89: 0 | K89: 0 | L89: 0 | M89: 0 | N89: 0 | O89: 0 | P89: 0 | Q89: 0 | R89: 0 | S89: 0 | T89: 0 | U89: 0 | V89: 0 | W89: 0 | X89: 0 | Y89: 0 | Z89: 0 | AA89: 0 | AB89: 0 | AC89: 0 | AD89: 0 | AE89: 0 | AF89: 0 | AG89: 0 | AH89: 0 | AI89: 0 | AJ89: 0 | AK89: 0 | AL89: 0 | AM89: 0 | AN89: 0 | AO89: 0 | AP89: 0 | AQ89: 0 | AR89: 0 | AS89: 0 | AT89: 0 | AU89: 0 | AV89: 0 | AW89: 0 | AX89: 0 | AY89: 0 | AZ89: 0 | BA89: 0 | BB89: 0 | BC89: 0 | BD89: 0 | BE89: 0 | BF89: 0 | BG89: 0 | BH89: 0 | BI89: 0
B90: biomass | D90: 0 | E90: 0 | F90: 0 | G90: 0 | H90: 0 | I90: 0 | J90: 0 | K90: 0 | L90: 0 | M90: 0 | N90: 0 | O90: 0 | P90: 0 | Q90: 0 | R90: 0 | S90: 0 | T90: 0 | U90: 0 | V90: 0 | W90: 0 | X90: 0 | Y90: 0 | Z90: 0 | AA90: 0 | AB90: 0 | AC90: 0 | AD90: 0 | AE90: 0 | AF90: 0 | AG90: 0 | AH90: 0 | AI90: 0 | AJ90: 0 | AK90: 0 | AL90: 0 | AM90: 0 | AN90: 0 | AO90: 0 | AP90: 0 | AQ90: 0 | AR90: 0 | AS90: 0 | AT90: 0 | AU90: 0 | AV90: 0 | AW90: 0 | AX90: 0 | AY90: 0 | AZ90: 0 | BA90: 0 | BB90: 0 | BC90: 0 | BD90: 0 | BE90: 0 | BF90: 0 | BG90: 0 | BH90: 0 | BI90: 0
B91: kerosene | D91: 0 | E91: 0 | F91: 0 | G91: 0 | H91: 0 | I91: 0 | J91: 0 | K91: 0 | L91: 0 | M91: 0 | N91: 0 | O91: 0 | P91: 0 | Q91: 0 | R91: 0 | S91: 0 | T91: 0 | U91: 0 | V91: 0 | W91: 0 | X91: 0 | Y91: 0 | Z91: 0 | AA91: 0 | AB91: 0 | AC91: 0 | AD91: 0 | AE91: 0 | AF91: 0 | AG91: 0 | AH91: 0 | AI91: 0 | AJ91: 0 | AK91: 0 | AL91: 0 | AM91: 0 | AN91: 0 | AO91: 0 | AP91: 0 | AQ91: 0 | AR91: 0 | AS91: 0 | AT91: 0 | AU91: 0 | AV91: 0 | AW91: 0 | AX91: 0 | AY91: 0 | AZ91: 0 | BA91: 0 | BB91: 0 | BC91: 0 | BD91: 0 | BE91: 0 | BF91: 0 | BG91: 0 | BH91: 0 | BI91: 0
B92: heavy or residual fuel oil | D92: 0 | E92: 0 | F92: 0 | G92: 0 | H92: 0 | I92: 0 | J92: 0 | K92: 0 | L92: 0 | M92: 0 | N92: 0 | O92: 0 | P92: 0 | Q92: 0 | R92: 0 | S92: 0 | T92: 0 | U92: 0 | V92: 0 | W92: 0 | X92: 0 | Y92: 0 | Z92: 0 | AA92: 0 | AB92: 0 | AC92: 0 | AD92: 0 | AE92: 0 | AF92: 0 | AG92: 0 | AH92: 0 | AI92: 0 | AJ92: 0 | AK92: 0 | AL92: 0 | AM92: 0 | AN92: 0 | AO92: 0 | AP92: 0 | AQ92: 0 | AR92: 0 | AS92: 0 | AT92: 0 | AU92: 0 | AV92: 0 | AW92: 0 | AX92: 0 | AY92: 0 | AZ92: 0 | BA92: 0 | BB92: 0 | BC92: 0 | BD92: 0 | BE92: 0 | BF92: 0 | BG92: 0 | BH92: 0 | BI92: 0
B93: LPG propane or butane | D93: 0 | E93: 0 | F93: 0 | G93: 0 | H93: 0 | I93: 0 | J93: 0 | K93: 0 | L93: 0 | M93: 0 | N93: 0 | O93: 0 | P93: 0 | Q93: 0 | R93: 0 | S93: 0 | T93: 0 | U93: 0 | V93: 0 | W93: 0 | X93: 0 | Y93: 0 | Z93: 0 | AA93: 0 | AB93: 0 | AC93: 0 | AD93: 0 | AE93: 0 | AF93: 0 | AG93: 0 | AH93: 0 | AI93: 0 | AJ93: 0 | AK93: 0 | AL93: 0 | AM93: 0 | AN93: 0 | AO93: 0 | AP93: 0 | AQ93: 0 | AR93: 0 | AS93: 0 | AT93: 0 | AU93: 0 | AV93: 0 | AW93: 0 | AX93: 0 | AY93: 0 | AZ93: 0 | BA93: 0 | BB93: 0 | BC93: 0 | BD93: 0 | BE93: 0 | BF93: 0 | BG93: 0 | BH93: 0 | BI93: 0
B94: hydrogen | D94: 0 | E94: 0 | F94: 0 | G94: 0 | H94: 0 | I94: 0 | J94: 0 | K94: 0 | L94: 0 | M94: 0 | N94: 0 | O94: 0 | P94: 0 | Q94: 0 | R94: 0 | S94: 0 | T94: 0 | U94: 0 | V94: 0 | W94: 0 | X94: 0 | Y94: 0 | Z94: 0 | AA94: 0 | AB94: 0 | AC94: 0 | AD94: 0 | AE94: 0 | AF94: 0 | AG94: 0 | AH94: 0 | AI94: 0 | AJ94: 0 | AK94: 0 | AL94: 0 | AM94: 0 | AN94: 0 | AO94: 0 | AP94: 0 | AQ94: 0 | AR94: 0 | AS94: 0 | AT94: 0 | AU94: 0 | AV94: 0 | AW94: 0 | AX94: 0 | AY94: 0 | AZ94: 0 | BA94: 0 | BB94: 0 | BC94: 0 | BD94: 0 | BE94: 0 | BF94: 0 | BG94: 0 | BH94: 0 | BI94: 0
A95: BCEU-rural-residential-other
B96: electricity | D96: =D48 -> 19.5 | E96: =E48 -> 19.31 | F96: =F48 -> 19.56 | G96: =G48 -> 19 | H96: =H48 -> 18.14 | I96: =I48 -> 18.79 | J96: =J48 -> 18.51 | K96: =K48 -> 17.98 | ... BI96: =BI48 -> 13.072817
B97: coal | D97: 0 | E97: 0 | F97: 0 | G97: 0 | H97: 0 | I97: 0 | J97: 0 | K97: 0 | L97: 0 | M97: 0 | N97: 0 | O97: 0 | P97: 0 | Q97: 0 | R97: 0 | S97: 0 | T97: 0 | U97: 0 | V97: 0 | W97: 0 | X97: 0 | Y97: 0 | Z97: 0 | AA97: 0 | AB97: 0 | AC97: 0 | AD97: 0 | AE97: 0 | AF97: 0 | AG97: 0 | AH97: 0 | AI97: 0 | AJ97: 0 | AK97: 0 | AL97: 0 | AM97: 0 | AN97: 0 | AO97: 0 | AP97: 0 | AQ97: 0 | AR97: 0 | AS97: 0 | AT97: 0 | AU97: 0 | AV97: 0 | AW97: 0 | AX97: 0 | AY97: 0 | AZ97: 0 | BA97: 0 | BB97: 0 | BC97: 0 | BD97: 0 | BE97: 0 | BF97: 0 | BG97: 0 | BH97: 0 | BI97: 0
B98: natural gas | D98: 0 | E98: 0 | F98: 0 | G98: 0 | H98: 0 | I98: 0 | J98: 0 | K98: 0 | L98: 0 | M98: 0 | N98: 0 | O98: 0 | P98: 0 | Q98: 0 | R98: 0 | S98: 0 | T98: 0 | U98: 0 | V98: 0 | W98: 0 | X98: 0 | Y98: 0 | Z98: 0 | AA98: 0 | AB98: 0 | AC98: 0 | AD98: 0 | AE98: 0 | AF98: 0 | AG98: 0 | AH98: 0 | AI98: 0 | AJ98: 0 | AK98: 0 | AL98: 0 | AM98: 0 | AN98: 0 | AO98: 0 | AP98: 0 | AQ98: 0 | AR98: 0 | AS98: 0 | AT98: 0 | AU98: 0 | AV98: 0 | AW98: 0 | AX98: 0 | AY98: 0 | AZ98: 0 | BA98: 0 | BB98: 0 | BC98: 0 | BD98: 0 | BE98: 0 | BF98: 0 | BG98: 0 | BH98: 0 | BI98: 0
B99: petroleum diesel | D99: 0 | E99: 0 | F99: 0 | G99: 0 | H99: 0 | I99: 0 | J99: 0 | K99: 0 | L99: 0 | M99: 0 | N99: 0 | O99: 0 | P99: 0 | Q99: 0 | R99: 0 | S99: 0 | T99: 0 | U99: 0 | V99: 0 | W99: 0 | X99: 0 | Y99: 0 | Z99: 0 | AA99: 0 | AB99: 0 | AC99: 0 | AD99: 0 | AE99: 0 | AF99: 0 | AG99: 0 | AH99: 0 | AI99: 0 | AJ99: 0 | AK99: 0 | AL99: 0 | AM99: 0 | AN99: 0 | AO99: 0 | AP99: 0 | AQ99: 0 | AR99: 0 | AS99: 0 | AT99: 0 | AU99: 0 | AV99: 0 | AW99: 0 | AX99: 0 | AY99: 0 | AZ99: 0 | BA99: 0 | BB99: 0 | BC99: 0 | BD99: 0 | BE99: 0 | BF99: 0 | BG99: 0 | BH99: 0 | BI99: 0
B100: heat | D100: 0 | E100: 0 | F100: 0 | G100: 0 | H100: 0 | I100: 0 | J100: 0 | K100: 0 | L100: 0 | M100: 0 | N100: 0 | O100: 0 | P100: 0 | Q100: 0 | R100: 0 | S100: 0 | T100: 0 | U100: 0 | V100: 0 | W100: 0 | X100: 0 | Y100: 0 | Z100: 0 | AA100: 0 | AB100: 0 | AC100: 0 | AD100: 0 | AE100: 0 | AF100: 0 | AG100: 0 | AH100: 0 | AI100: 0 | AJ100: 0 | AK100: 0 | AL100: 0 | AM100: 0 | AN100: 0 | AO100: 0 | AP100: 0 | AQ100: 0 | AR100: 0 | AS100: 0 | AT100: 0 | AU100: 0 | AV100: 0 | AW100: 0 | AX100: 0 | AY100: 0 | AZ100: 0 | BA100: 0 | BB100: 0 | BC100: 0 | BD100: 0 | BE100: 0 | BF100: 0 | BG100: 0 | BH100: 0 | BI100: 0
B101: biomass | D101: 0 | E101: 0 | F101: 0 | G101: 0 | H101: 0 | I101: 0 | J101: 0 | K101: 0 | L101: 0 | M101: 0 | N101: 0 | O101: 0 | P101: 0 | Q101: 0 | R101: 0 | S101: 0 | T101: 0 | U101: 0 | V101: 0 | W101: 0 | X101: 0 | Y101: 0 | Z101: 0 | AA101: 0 | AB101: 0 | AC101: 0 | AD101: 0 | AE101: 0 | AF101: 0 | AG101: 0 | AH101: 0 | AI101: 0 | AJ101: 0 | AK101: 0 | AL101: 0 | AM101: 0 | AN101: 0 | AO101: 0 | AP101: 0 | AQ101: 0 | AR101: 0 | AS101: 0 | AT101: 0 | AU101: 0 | AV101: 0 | AW101: 0 | AX101: 0 | AY101: 0 | AZ101: 0 | BA101: 0 | BB101: 0 | BC101: 0 | BD101: 0 | BE101: 0 | BF101: 0 | BG101: 0 | BH101: 0 | BI101: 0
B102: kerosene | D102: 0 | E102: 0 | F102: 0 | G102: 0 | H102: 0 | I102: 0 | J102: 0 | K102: 0 | L102: 0 | M102: 0 | N102: 0 | O102: 0 | P102: 0 | Q102: 0 | R102: 0 | S102: 0 | T102: 0 | U102: 0 | V102: 0 | W102: 0 | X102: 0 | Y102: 0 | Z102: 0 | AA102: 0 | AB102: 0 | AC102: 0 | AD102: 0 | AE102: 0 | AF102: 0 | AG102: 0 | AH102: 0 | AI102: 0 | AJ102: 0 | AK102: 0 | AL102: 0 | AM102: 0 | AN102: 0 | AO102: 0 | AP102: 0 | AQ102: 0 | AR102: 0 | AS102: 0 | AT102: 0 | AU102: 0 | AV102: 0 | AW102: 0 | AX102: 0 | AY102: 0 | AZ102: 0 | BA102: 0 | BB102: 0 | BC102: 0 | BD102: 0 | BE102: 0 | BF102: 0 | BG102: 0 | BH102: 0 | BI102: 0
B103: heavy or residual fuel oil | D103: 0 | E103: 0 | F103: 0 | G103: 0 | H103: 0 | I103: 0 | J103: 0 | K103: 0 | L103: 0 | M103: 0 | N103: 0 | O103: 0 | P103: 0 | Q103: 0 | R103: 0 | S103: 0 | T103: 0 | U103: 0 | V103: 0 | W103: 0 | X103: 0 | Y103: 0 | Z103: 0 | AA103: 0 | AB103: 0 | AC103: 0 | AD103: 0 | AE103: 0 | AF103: 0 | AG103: 0 | AH103: 0 | AI103: 0 | AJ103: 0 | AK103: 0 | AL103: 0 | AM103: 0 | AN103: 0 | AO103: 0 | AP103: 0 | AQ103: 0 | AR103: 0 | AS103: 0 | AT103: 0 | AU103: 0 | AV103: 0 | AW103: 0 | AX103: 0 | AY103: 0 | AZ103: 0 | BA103: 0 | BB103: 0 | BC103: 0 | BD103: 0 | BE103: 0 | BF103: 0 | BG103: 0 | BH103: 0 | BI103: 0
B104: LPG propane or butane | D104: 0 | E104: 0 | F104: 0 | G104: 0 | H104: 0 | I104: 0 | J104: 0 | K104: 0 | L104: 0 | M104: 0 | N104: 0 | O104: 0 | P104: 0 | Q104: 0 | R104: 0 | S104: 0 | T104: 0 | U104: 0 | V104: 0 | W104: 0 | X104: 0 | Y104: 0 | Z104: 0 | AA104: 0 | AB104: 0 | AC104: 0 | AD104: 0 | AE104: 0 | AF104: 0 | AG104: 0 | AH104: 0 | AI104: 0 | AJ104: 0 | AK104: 0 | AL104: 0 | AM104: 0 | AN104: 0 | AO104: 0 | AP104: 0 | AQ104: 0 | AR104: 0 | AS104: 0 | AT104: 0 | AU104: 0 | AV104: 0 | AW104: 0 | AX104: 0 | AY104: 0 | AZ104: 0 | BA104: 0 | BB104: 0 | BC104: 0 | BD104: 0 | BE104: 0 | BF104: 0 | BG104: 0 | BH104: 0 | BI104: 0
B105: hydrogen | D105: 0 | E105: 0 | F105: 0 | G105: 0 | H105: 0 | I105: 0 | J105: 0 | K105: 0 | L105: 0 | M105: 0 | N105: 0 | O105: 0 | P105: 0 | Q105: 0 | R105: 0 | S105: 0 | T105: 0 | U105: 0 | V105: 0 | W105: 0 | X105: 0 | Y105: 0 | Z105: 0 | AA105: 0 | AB105: 0 | AC105: 0 | AD105: 0 | AE105: 0 | AF105: 0 | AG105: 0 | AH105: 0 | AI105: 0 | AJ105: 0 | AK105: 0 | AL105: 0 | AM105: 0 | AN105: 0 | AO105: 0 | AP105: 0 | AQ105: 0 | AR105: 0 | AS105: 0 | AT105: 0 | AU105: 0 | AV105: 0 | AW105: 0 | AX105: 0 | AY105: 0 | AZ105: 0 | BA105: 0 | BB105: 0 | BC105: 0 | BD105: 0 | BE105: 0 | BF105: 0 | BG105: 0 | BH105: 0 | BI105: 0
A106: BCEU-all-envelope
...

Sheet BCEU-all-envelope
A1: Year | B1: 2021 | C1: 2022 | D1: 2023 | E1: 2024 | F1: 2025 | G1: 2026 | H1: 2027 | I1: 2028 | J1: 2029 | K1: 2030 | L1: 2031 | M1: 2032 | N1: 2033 | O1: 2034 | P1: 2035 | Q1: 2036 | R1: 2037 | S1: 2038 | T1: 2039 | U1: 2040 | V1: 2041 | W1: 2042 | X1: 2043 | Y1: 2044 | Z1: 2045 | AA1: 2046 | AB1: 2047 | AC1: 2048 | AD1: 2049 | AE1: 2050 | AF1: 2051 | AG1: 2052 | AH1: 2053 | AI1: 2054 | AJ1: 2055 | AK1: 2056 | AL1: 2057 | AM1: 2058 | AN1: 2059 | AO1: 2060 | AP1: 2061 | AQ1: 2062 | AR1: 2063 | AS1: 2064 | AT1: 2065 | AU1: 2066 | AV1: 2067 | AW1: 2068 | AX1: 2069 | AY1: 2070
A2: electricity (BTU) | B2: 0 | C2: 0 | D2: 0 | E2: 0 | F2: 0 | G2: 0 | H2: 0 | I2: 0 | J2: 0 | K2: 0 | L2: 0 | M2: 0 | N2: 0 | O2: 0 | P2: 0 | Q2: 0 | R2: 0 | S2: 0 | T2: 0 | U2: 0 | V2: 0 | W2: 0 | X2: 0 | Y2: 0 | Z2: 0 | AA2: 0 | AB2: 0 | AC2: 0 | AD2: 0 | AE2: 0 | AF2: 0 | AG2: 0 | AH2: 0 | AI2: 0 | AJ2: 0 | AK2: 0 | AL2: 0 | AM2: 0 | AN2: 0 | AO2: 0 | AP2: 0 | AQ2: 0 | AR2: 0 | AS2: 0 | AT2: 0 | AU2: 0 | AV2: 0 | AW2: 0 | AX2: 0 | AY2: 0
A3: coal (BTU) | B3: =About!$B$41*(P.Res!L289+P.Com!D307+P.Pub!D108) -> 0 | C3: =About!$B$41*(P.Res!M289+P.Com!E307+P.Pub!E108) -> 0 | D3: =About!$B$41*(P.Res!N289+P.Com!F307+P.Pub!F108) -> 0 | E3: =About!$B$41*(P.Res!O289+P.Com!G307+P.Pub!G108) -> 0 | F3: =About!$B$41*(P.Res!P289+P.Com!H307+P.Pub!H108) -> 0 | G3: =About!$B$41*(P.Res!Q289+P.Com!I307+P.Pub!I108) -> 0 | H3: =About!$B$41*(P.Res!R289+P.Com!J307+P.Pub!J108) -> 0 | I3: =About!$B$41*(P.Res!S289+P.Com!K307+P.Pub!K108) -> 0 | ... AY3: =About!$B$41*(P.Res!BI289+P.Com!BA307+P.Pub!BA108) -> 0
A4: natural gas (BTU) | B4: =About!$B$41*(P.Res!L290+P.Com!D308+P.Pub!D109) -> 0 | C4: =About!$B$41*(P.Res!M290+P.Com!E308+P.Pub!E109) -> 0 | D4: =About!$B$41*(P.Res!N290+P.Com!F308+P.Pub!F109) -> 0 | E4: =About!$B$41*(P.Res!O290+P.Com!G308+P.Pub!G109) -> 0 | F4: =About!$B$41*(P.Res!P290+P.Com!H308+P.Pub!H109) -> 0 | G4: =About!$B$41*(P.Res!Q290+P.Com!I308+P.Pub!I109) -> 0 | H4: =About!$B$41*(P.Res!R290+P.Com!J308+P.Pub!J109) -> 0 | I4: =About!$B$41*(P.Res!S290+P.Com!K308+P.Pub!K109) -> 0 | ... AY4: =About!$B$41*(P.Res!BI290+P.Com!BA308+P.Pub!BA109) -> 0
A5: petroleum diesel (BTU) | B5: =About!$B$41*(P.Res!L291+P.Com!D309+P.Pub!D110) -> 0 | C5: =About!$B$41*(P.Res!M291+P.Com!E309+P.Pub!E110) -> 0 | D5: =About!$B$41*(P.Res!N291+P.Com!F309+P.Pub!F110) -> 0 | E5: =About!$B$41*(P.Res!O291+P.Com!G309+P.Pub!G110) -> 0 | F5: =About!$B$41*(P.Res!P291+P.Com!H309+P.Pub!H110) -> 0 | G5: =About!$B$41*(P.Res!Q291+P.Com!I309+P.Pub!I110) -> 0 | H5: =About!$B$41*(P.Res!R291+P.Com!J309+P.Pub!J110) -> 0 | I5: =About!$B$41*(P.Res!S291+P.Com!K309+P.Pub!K110) -> 0 | ... AY5: =About!$B$41*(P.Res!BI291+P.Com!BA309+P.Pub!BA110) -> 0
A6: heat (BTU) | B6: =About!$B$41*(P.Res!L292+P.Com!D310+P.Pub!D111) -> 0 | C6: =About!$B$41*(P.Res!M292+P.Com!E310+P.Pub!E111) -> 0 | D6: =About!$B$41*(P.Res!N292+P.Com!F310+P.Pub!F111) -> 0 | E6: =About!$B$41*(P.Res!O292+P.Com!G310+P.Pub!G111) -> 0 | F6: =About!$B$41*(P.Res!P292+P.Com!H310+P.Pub!H111) -> 0 | G6: =About!$B$41*(P.Res!Q292+P.Com!I310+P.Pub!I111) -> 0 | H6: =About!$B$41*(P.Res!R292+P.Com!J310+P.Pub!J111) -> 0 | I6: =About!$B$41*(P.Res!S292+P.Com!K310+P.Pub!K111) -> 0 | ... AY6: =About!$B$41*(P.Res!BI292+P.Com!BA310+P.Pub!BA111) -> 0
A7: biomass (BTU) | B7: =About!$B$41*(P.Res!L293+P.Com!D311+P.Pub!D112) -> 0 | C7: =About!$B$41*(P.Res!M293+P.Com!E311+P.Pub!E112) -> 0 | D7: =About!$B$41*(P.Res!N293+P.Com!F311+P.Pub!F112) -> 0 | E7: =About!$B$41*(P.Res!O293+P.Com!G311+P.Pub!G112) -> 0 | F7: =About!$B$41*(P.Res!P293+P.Com!H311+P.Pub!H112) -> 0 | G7: =About!$B$41*(P.Res!Q293+P.Com!I311+P.Pub!I112) -> 0 | H7: =About!$B$41*(P.Res!R293+P.Com!J311+P.Pub!J112) -> 0 | I7: =About!$B$41*(P.Res!S293+P.Com!K311+P.Pub!K112) -> 0 | ... AY7: =About!$B$41*(P.Res!BI293+P.Com!BA311+P.Pub!BA112) -> 0
A8: kerosene (BTU) | B8: =About!$B$41*(P.Res!L294+P.Com!D312+P.Pub!D113) -> 0 | C8: =About!$B$41*(P.Res!M294+P.Com!E312+P.Pub!E113) -> 0 | D8: =About!$B$41*(P.Res!N294+P.Com!F312+P.Pub!F113) -> 0 | E8: =About!$B$41*(P.Res!O294+P.Com!G312+P.Pub!G113) -> 0 | F8: =About!$B$41*(P.Res!P294+P.Com!H312+P.Pub!H113) -> 0 | G8: =About!$B$41*(P.Res!Q294+P.Com!I312+P.Pub!I113) -> 0 | H8: =About!$B$41*(P.Res!R294+P.Com!J312+P.Pub!J113) -> 0 | I8: =About!$B$41*(P.Res!S294+P.Com!K312+P.Pub!K113) -> 0 | ... AY8: =About!$B$41*(P.Res!BI294+P.Com!BA312+P.Pub!BA113) -> 0
A9: heavy or residual fuel oil (BTU) | B9: =About!$B$41*(P.Res!L295+P.Com!D313+P.Pub!D114) -> 0 | C9: =About!$B$41*(P.Res!M295+P.Com!E313+P.Pub!E114) -> 0 | D9: =About!$B$41*(P.Res!N295+P.Com!F313+P.Pub!F114) -> 0 | E9: =About!$B$41*(P.Res!O295+P.Com!G313+P.Pub!G114) -> 0 | F9: =About!$B$41*(P.Res!P295+P.Com!H313+P.Pub!H114) -> 0 | G9: =About!$B$41*(P.Res!Q295+P.Com!I313+P.Pub!I114) -> 0 | H9: =About!$B$41*(P.Res!R295+P.Com!J313+P.Pub!J114) -> 0 | I9: =About!$B$41*(P.Res!S295+P.Com!K313+P.Pub!K114) -> 0 | ... AY9: =About!$B$41*(P.Res!BI295+P.Com!BA313+P.Pub!BA114) -> 0
A10: LPG propane or butane (BTU) | B10: =About!$B$41*(P.Res!L296+P.Com!D314+P.Pub!D115) -> 0 | C10: =About!$B$41*(P.Res!M296+P.Com!E314+P.Pub!E115) -> 0 | D10: =About!$B$41*(P.Res!N296+P.Com!F314+P.Pub!F115) -> 0 | E10: =About!$B$41*(P.Res!O296+P.Com!G314+P.Pub!G115) -> 0 | F10: =About!$B$41*(P.Res!P296+P.Com!H314+P.Pub!H115) -> 0 | G10: =About!$B$41*(P.Res!Q296+P.Com!I314+P.Pub!I115) -> 0 | H10: =About!$B$41*(P.Res!R296+P.Com!J314+P.Pub!J115) -> 0 | I10: =About!$B$41*(P.Res!S296+P.Com!K314+P.Pub!K115) -> 0 | ... AY10: =About!$B$41*(P.Res!BI296+P.Com!BA314+P.Pub!BA115) -> 0
A11: hydrogen (BTU) | B11: =About!$B$41*(P.Res!L297+P.Com!D315+P.Pub!D116) -> 0 | C11: =About!$B$41*(P.Res!M297+P.Com!E315+P.Pub!E116) -> 0 | D11: =About!$B$41*(P.Res!N297+P.Com!F315+P.Pub!F116) -> 0 | E11: =About!$B$41*(P.Res!O297+P.Com!G315+P.Pub!G116) -> 0 | F11: =About!$B$41*(P.Res!P297+P.Com!H315+P.Pub!H116) -> 0 | G11: =About!$B$41*(P.Res!Q297+P.Com!I315+P.Pub!I116) -> 0 | H11: =About!$B$41*(P.Res!R297+P.Com!J315+P.Pub!J116) -> 0 | I11: =About!$B$41*(P.Res!S297+P.Com!K315+P.Pub!K116) -> 0 | ... AY11: =About!$B$41*(P.Res!BI297+P.Com!BA315+P.Pub!BA116) -> 0

Sheet SYCEU-urban-residential
A1: Year | B1: heating | C1: cooling & ventilation | D1: envelope | E1: lighting | F1: appliances | G1: other
A2: electricity (BTU) | B2: =About!$B$41*P.Res!K233 -> 0 | C2: =About!$B$41*(P.Res!K288) -> 6.633458e+13 | D2: 0 | E2: =About!$B$41*P.Res!K255 -> 2.6905365e+13 | F2: =About!$B$41*P.Res!K266 -> 1.533003e+14 | G2: =About!$B$41*P.Res!K277 -> 0
A3: coal (BTU) | B3: =About!$B$41*P.Res!K234 -> 0 | C3: =About!$B$41*(P.Res!K289) -> 0 | D3: 0 | E3: =About!$B$41*P.Res!K256 -> 0 | F3: =About!$B$41*P.Res!K267 -> 0 | G3: =About!$B$41*P.Res!K278 -> 0
A4: natural gas (BTU) | B4: =About!$B$41*P.Res!K235 -> 1.8431379e+13 | C4: =About!$B$41*(P.Res!K290) -> 0 | D4: 0 | E4: =About!$B$41*P.Res!K257 -> 0 | F4: =About!$B$41*P.Res!K268 -> 0 | G4: =About!$B$41*P.Res!K279 -> 6.1657736e+12
A5: petroleum diesel (BTU) | B5: =About!$B$41*P.Res!K236 -> 0 | C5: =About!$B$41*(P.Res!K291) -> 0 | D5: 0 | E5: =About!$B$41*P.Res!K258 -> 0 | F5: =About!$B$41*P.Res!K269 -> 0 | G5: =About!$B$41*P.Res!K280 -> 0
A6: heat (BTU) | B6: =About!$B$41*P.Res!K237 -> 0 | C6: =About!$B$41*(P.Res!K292) -> 0 | D6: 0 | E6: =About!$B$41*P.Res!K259 -> 0 | F6: =About!$B$41*P.Res!K270 -> 0 | G6: =About!$B$41*P.Res!K281 -> 8.5402829e+12
A7: biomass (BTU) | B7: =About!$B$41*P.Res!K238 -> 2.9583251e+14 | C7: =About!$B$41*(P.Res!K293) -> 0 | D7: 0 | E7: =About!$B$41*P.Res!K260 -> 0 | F7: =About!$B$41*P.Res!K271 -> 0 | G7: =About!$B$41*P.Res!K282 -> 9.8963636e+13
A8: kerosene (BTU) | B8: =About!$B$41*P.Res!K239 -> 0 | C8: =About!$B$41*(P.Res!K294) -> 0 | D8: 0 | E8: =About!$B$41*P.Res!K261 -> 0 | F8: =About!$B$41*P.Res!K272 -> 0 | G8: =About!$B$41*P.Res!K283 -> 0
A9: heavy or residual fuel oil (BTU) | B9: =About!$B$41*P.Res!K240 -> 0 | C9: =About!$B$41*(P.Res!K295) -> 0 | D9: 0 | E9: =About!$B$41*P.Res!K262 -> 0 | F9: =About!$B$41*P.Res!K273 -> 0 | G9: =About!$B$41*P.Res!K284 -> 0
A10: KPG propane or butane (BTU) | B10: =About!$B$41*P.Res!K241 -> 2.0565015e+14 | C10: =About!$B$41*(P.Res!K296) -> 0 | D10: 0 | E10: =About!$B$41*P.Res!K263 -> 0 | F10: =About!$B$41*P.Res!K274 -> 0 | G10: =About!$B$41*P.Res!K285 -> 6.8795302e+13
A11: hydrogen (BTU) | B11: =About!$B$41*P.Res!K242 -> 0 | C11: =About!$B$41*(P.Res!K297) -> 0 | D11: 0 | E11: =About!$B$41*P.Res!K264 -> 0 | F11: =About!$B$41*P.Res!K275 -> 0 | G11: =About!$B$41*P.Res!K286 -> 0

Sheet SYCEU-rural-residential
A1: Year | B1: heating | C1: cooling & ventilation | D1: envelope | E1: lighting | F1: appliances | G1: other
A2: electricity (BTU) | B2: =About!$B$41*P.Pub!K52 -> 0 | C2: =About!$B$41*(P.Pub!E107) -> 0 | D2: 0 | E2: =About!$B$41*P.Pub!K74 -> 5.4407574e+12 | F2: =About!$B$41*P.Pub!K85 -> 0 | G2: =About!$B$41*P.Pub!K96 -> 1.7042651e+13
A3: coal (BTU) | B3: =About!$B$41*P.Pub!K53 -> 0 | C3: =About!$B$41*(P.Pub!E108) -> 0 | D3: 0 | E3: =About!$B$41*P.Pub!K75 -> 0 | F3: =About!$B$41*P.Pub!K86 -> 0 | G3: =About!$B$41*P.Pub!K97 -> 0
A4: natural gas (BTU) | B4: =About!$B$41*P.Pub!K54 -> 0 | C4: =About!$B$41*(P.Pub!E109) -> 0 | D4: 0 | E4: =About!$B$41*P.Pub!K76 -> 0 | F4: =About!$B$41*P.Pub!K87 -> 0 | G4: =About!$B$41*P.Pub!K98 -> 0
A5: petroleum diesel (BTU) | B5: =About!$B$41*P.Pub!K55 -> 0 | C5: =About!$B$41*(P.Pub!E110) -> 0 | D5: 0 | E5: =About!$B$41*P.Pub!K77 -> 0 | F5: =About!$B$41*P.Pub!K88 -> 0 | G5: =About!$B$41*P.Pub!K99 -> 0
A6: heat (BTU) | B6: =About!$B$41*P.Pub!K56 -> 0 | C6: =About!$B$41*(P.Pub!E111) -> 0 | D6: 0 | E6: =About!$B$41*P.Pub!K78 -> 0 | F6: =About!$B$41*P.Pub!K89 -> 0 | G6: =About!$B$41*P.Pub!K100 -> 0
A7: biomass (BTU) | B7: =About!$B$41*P.Pub!K57 -> 0 | C7: =About!$B$41*(P.Pub!E112) -> 0 | D7: 0 | E7: =About!$B$41*P.Pub!K79 -> 0 | F7: =About!$B$41*P.Pub!K90 -> 0 | G7: =About!$B$41*P.Pub!K101 -> 0
A8: kerosene (BTU) | B8: =About!$B$41*P.Pub!K58 -> 0 | C8: =About!$B$41*(P.Pub!E113) -> 0 | D8: 0 | E8: =About!$B$41*P.Pub!K80 -> 0 | F8: =About!$B$41*P.Pub!K91 -> 0 | G8: =About!$B$41*P.Pub!K102 -> 0
