Workbook
Name \p: #N/A
Name \s: #N/A
Name A_impresión_IM: #REF!
Name A_impresión_IM: #REF!
Name A_impresión_IM: #REF!
Name paso: #REF!
Name paso: #REF!
Name paso: #REF!
Name prueba: #REF!
Name prueba: #REF!
Name prueba: #REF!

Sheet About
A1: NoH Number of Households
A3: Source: | B3: 2022-2050
B4: Energy Information Administration
B5: 2023
B6: Annual Energy Outlook 2023
B7: https://www.eia.gov/outlooks/archive/aeo23/tables_ref.php
B8: Table 4
B10: 2021
B11: Energy Information Administration
B12: 2022
B13: Annual Energy Outlook 2022
B14: https://www.eia.gov/outlooks/archive/aeo22/tables_ref.php
B15: Table 4
B17: 2020-2024
B18: World Bank
B19: World Development Indicators
B20: https://data.worldbank.org/indicator/SP.POP.TOTL?locations=MX
B22: 2025-2070
B23: UN Data
B24: Average annual rate of population change (percentage)
B25: https://data.un.org/Data.aspx?q=mexico&d=PopDiv&f=variableID%3A47%3BcrID%3A484
B27: Number of households, 2020-2024
... B29: https://en.www.inegi.org.mx/programas/enigh/nc/2024/

Sheet Households
A1: Year | B1: 2020 | C1: 2021 | D1: 2022 | E1: 2023 | F1: 2024 | G1: 2025 | H1: 2026 | I1: 2027 | J1: 2028 | K1: 2029 | L1: 2030 | M1: 2031 | N1: 2032 | O1: 2033 | P1: 2034 | Q1: 2035 | R1: 2036 | S1: 2037 | T1: 2038 | U1: 2039 | V1: 2040 | W1: 2041 | X1: 2042 | Y1: 2043 | Z1: 2044 | AA1: 2045 | AB1: 2046 | AC1: 2047 | AD1: 2048 | AE1: 2049 | AF1: 2050 | AG1: 2051 | AH1: 2052 | AI1: 2053 | AJ1: 2054 | AK1: 2055 | AL1: 2056 | AM1: 2057 | AN1: 2058 | AO1: 2059 | AP1: 2060 | AQ1: 2061 | AR1: 2062 | AS1: 2063 | AT1: 2064 | AU1: 2065 | AV1: 2066 | AW1: 2067 | AX1: 2068 | AY1: 2069 | AZ1: 2070
A2: Households | B2: ='INEGI 2020'!C9 -> 35234822 | C2: =AVERAGE(B2,D2) -> 36101846 | D2: ='INEGI 2022'!C9 -> 36968871 | E2: =AVERAGE(D2,F2) -> 37662456 | F2: =INEGI2024!C9 -> 38356042 | G2: =G3/G5 -> 38665959 | H2: =H3/H5 -> 38966780 | I2: =I3/I5 -> 39259031 | J2: =J3/J5 -> 39543266 | K2: =K3/K5 -> 39818883 | L2: =L3/L5 -> 40086466 | M2: =M3/M5 -> 40346226 | N2: =N3/N5 -> 40597986 | ... AZ2: =AZ3/AZ5 -> 43154974
A3: Population | B3: =Population!L2 -> 126799054 | C3: =Population!M2 -> 127648148 | D3: =Population!N2 -> 128613117 | E3: =Population!O2 -> 129739759 | F3: =Population!P2 -> 130861007 | G3: =Population!Q2 -> 1.3191836e+08 | H3: =Population!R2 -> 1.3294469e+08 | I3: =Population!S2 -> 1.3394177e+08 | ... AZ3: =Population!BJ2 -> 1.4723374e+08
A5: Average household size: | B5: ='World Bank'!M6/B2 -> 3.5986858 | C5: ='World Bank'!N6/C2 -> 3.5357789 | D5: ='World Bank'!O6/D2 -> 3.4789571 | E5: ='World Bank'!P6/E2 -> 3.4448034 | F5: ='World Bank'!Q6/F2 -> 3.4117443 | G5: =F5 -> 3.4117443 | H5: =G5 -> 3.4117443 | I5: =H5 -> 3.4117443 | J5: =I5 -> 3.4117443 | K5: =J5 -> 3.4117443 | L5: =K5 -> 3.4117443 | M5: =L5 -> 3.4117443 | N5: =M5 -> 3.4117443 | ... AZ5: =AY5 -> 3.4117443

Sheet UN growth rates
A1: Country or Area | B1: Mexico | C1: Mexico | D1: Mexico | E1: Mexico | F1: Mexico | G1: Mexico | H1: Mexico | I1: Mexico | J1: Mexico | K1: Mexico | L1: Mexico | M1: Mexico | N1: Mexico | O1: Mexico | P1: Mexico | Q1: Mexico | R1: Mexico | S1: Mexico | T1: Mexico | U1: Mexico | V1: Mexico | W1: Mexico | X1: Mexico | Y1: Mexico | Z1: Mexico | AA1: Mexico | AB1: Mexico | AC1: Mexico | AD1: Mexico | AE1: Mexico | AF1: Mexico | AG1: Mexico | AH1: Mexico | AI1: Mexico | AJ1: Mexico | AK1: Mexico | AL1: Mexico | AM1: Mexico | AN1: Mexico | AO1: Mexico | AP1: Mexico | AQ1: Mexico | AR1: Mexico | AS1: Mexico | AT1: Mexico | AU1: Mexico | AV1: Mexico | AW1: Mexico | AX1: Mexico | AY1: Mexico | AZ1: Mexico | BA1: Mexico | BB1: Mexico | BC1: Mexico | BD1: Mexico | BE1: Mexico | BF1: Mexico | BG1: Mexico | BH1: Mexico | BI1: Mexico | BJ1: Mexico | BK1: Mexico | BL1: Mexico | BM1: Mexico | BN1: Mexico | BO1: Mexico | BP1: Mexico | BQ1: Mexico | BR1: Mexico | BS1: Mexico | BT1: Mexico | BU1: Mexico | BV1: Mexico | BW1: Mexico | BX1: Mexico | BY1: Mexico | BZ1: Mexico | CA1: Mexico | CB1: Mexico | CC1: Mexico | CD1: Mexico | CE1: Mexico | CF1: Mexico | CG1: Mexico | CH1: Mexico | CI1: Mexico | CJ1: Mexico | CK1: Mexico | CL1: Mexico | CM1: Mexico | CN1: Mexico | CO1: Mexico | CP1: Mexico | CQ1: Mexico | CR1: Mexico | CS1: Mexico | CT1: Mexico | CU1: Mexico | CV1: Mexico | CW1: Mexico | CX1: Mexico | CY1: Mexico | CZ1: Mexico | DA1: Mexico | DB1: Mexico | DC1: Mexico | DD1: Mexico | DE1: Mexico | DF1: Mexico | DG1: Mexico | DH1: Mexico | DI1: Mexico | DJ1: Mexico | DK1: Mexico | DL1: Mexico | DM1: Mexico | DN1: Mexico | DO1: Mexico | DP1: Mexico | DQ1: Mexico | DR1: Mexico | DS1: Mexico | DT1: Mexico | DU1: Mexico | DV1: Mexico | DW1: Mexico | DX1: Mexico | DY1: Mexico | DZ1: Mexico | EA1: Mexico | EB1: Mexico | EC1: Mexico | ED1: Mexico | EE1: Mexico | EF1: Mexico | EG1: Mexico | EH1: Mexico | EI1: Mexico | EJ1: Mexico | EK1: Mexico | EL1: Mexico | EM1: Mexico | EN1: Mexico | EO1: Mexico | EP1: Mexico | EQ1: Mexico | ER1: Mexico | ES1: Mexico | ET1: Mexico | EU1: Mexico | EV1: Mexico
A2: Year(s) | B2: 1950 | C2: 1951 | D2: 1952 | E2: 1953 | F2: 1954 | G2: 1955 | H2: 1956 | I2: 1957 | J2: 1958 | K2: 1959 | L2: 1960 | M2: 1961 | N2: 1962 | O2: 1963 | P2: 1964 | Q2: 1965 | R2: 1966 | S2: 1967 | T2: 1968 | U2: 1969 | V2: 1970 | W2: 1971 | X2: 1972 | Y2: 1973 | Z2: 1974 | AA2: 1975 | AB2: 1976 | AC2: 1977 | AD2: 1978 | AE2: 1979 | AF2: 1980 | AG2: 1981 | AH2: 1982 | AI2: 1983 | AJ2: 1984 | AK2: 1985 | AL2: 1986 | AM2: 1987 | AN2: 1988 | AO2: 1989 | AP2: 1990 | AQ2: 1991 | AR2: 1992 | AS2: 1993 | AT2: 1994 | AU2: 1995 | AV2: 1996 | AW2: 1997 | AX2: 1998 | AY2: 1999 | AZ2: 2000 | BA2: 2001 | BB2: 2002 | BC2: 2003 | BD2: 2004 | BE2: 2005 | BF2: 2006 | BG2: 2007 | BH2: 2008 | BI2: 2009 | BJ2: 2010 | BK2: 2011 | BL2: 2012 | BM2: 2013 | BN2: 2014 | BO2: 2015 | BP2: 2016 | BQ2: 2017 | BR2: 2018 | BS2: 2019 | BT2: 2020 | BU2: 2021 | BV2: 2022 | BW2: 2023 | BX2: 2024 | BY2: 2025 | BZ2: 2026 | CA2: 2027 | CB2: 2028 | CC2: 2029 | CD2: 2030 | CE2: 2031 | CF2: 2032 | CG2: 2033 | CH2: 2034 | CI2: 2035 | CJ2: 2036 | CK2: 2037 | CL2: 2038 | CM2: 2039 | CN2: 2040 | CO2: 2041 | CP2: 2042 | CQ2: 2043 | CR2: 2044 | CS2: 2045 | CT2: 2046 | CU2: 2047 | CV2: 2048 | CW2: 2049 | CX2: 2050 | CY2: 2051 | CZ2: 2052 | DA2: 2053 | DB2: 2054 | DC2: 2055 | DD2: 2056 | DE2: 2057 | DF2: 2058 | DG2: 2059 | DH2: 2060 | DI2: 2061 | DJ2: 2062 | DK2: 2063 | DL2: 2064 | DM2: 2065 | DN2: 2066 | DO2: 2067 | DP2: 2068 | DQ2: 2069 | DR2: 2070 | DS2: 2071 | DT2: 2072 | DU2: 2073 | DV2: 2074 | DW2: 2075 | DX2: 2076 | DY2: 2077 | DZ2: 2078 | EA2: 2079 | EB2: 2080 | EC2: 2081 | ED2: 2082 | EE2: 2083 | EF2: 2084 | EG2: 2085 | EH2: 2086 | EI2: 2087 | EJ2: 2088 | EK2: 2089 | EL2: 2090 | EM2: 2091 | EN2: 2092 | EO2: 2093 | EP2: 2094 | EQ2: 2095 | ER2: 2096 | ES2: 2097 | ET2: 2098 | EU2: 2099 | EV2: 2100
A3: Variant | B3: Medium | C3: Medium | D3: Medium | E3: Medium | F3: Medium | G3: Medium | H3: Medium | I3: Medium | J3: Medium | K3: Medium | L3: Medium | M3: Medium | N3: Medium | O3: Medium | P3: Medium | Q3: Medium | R3: Medium | S3: Medium | T3: Medium | U3: Medium | V3: Medium | W3: Medium | X3: Medium | Y3: Medium | Z3: Medium | AA3: Medium | AB3: Medium | AC3: Medium | AD3: Medium | AE3: Medium | AF3: Medium | AG3: Medium | AH3: Medium | AI3: Medium | AJ3: Medium | AK3: Medium | AL3: Medium | AM3: Medium | AN3: Medium | AO3: Medium | AP3: Medium | AQ3: Medium | AR3: Medium | AS3: Medium | AT3: Medium | AU3: Medium | AV3: Medium | AW3: Medium | AX3: Medium | AY3: Medium | AZ3: Medium | BA3: Medium | BB3: Medium | BC3: Medium | BD3: Medium | BE3: Medium | BF3: Medium | BG3: Medium | BH3: Medium | BI3: Medium | BJ3: Medium | BK3: Medium | BL3: Medium | BM3: Medium | BN3: Medium | BO3: Medium | BP3: Medium | BQ3: Medium | BR3: Medium | BS3: Medium | BT3: Medium | BU3: Medium | BV3: Medium | BW3: Medium | BX3: Medium | BY3: Medium | BZ3: Medium | CA3: Medium | CB3: Medium | CC3: Medium | CD3: Medium | CE3: Medium | CF3: Medium | CG3: Medium | CH3: Medium | CI3: Medium | CJ3: Medium | CK3: Medium | CL3: Medium | CM3: Medium | CN3: Medium | CO3: Medium | CP3: Medium | CQ3: Medium | CR3: Medium | CS3: Medium | CT3: Medium | CU3: Medium | CV3: Medium | CW3: Medium | CX3: Medium | CY3: Medium | CZ3: Medium | DA3: Medium | DB3: Medium | DC3: Medium | DD3: Medium | DE3: Medium | DF3: Medium | DG3: Medium | DH3: Medium | DI3: Medium | DJ3: Medium | DK3: Medium | DL3: Medium | DM3: Medium | DN3: Medium | DO3: Medium | DP3: Medium | DQ3: Medium | DR3: Medium | DS3: Medium | DT3: Medium | DU3: Medium | DV3: Medium | DW3: Medium | DX3: Medium | DY3: Medium | DZ3: Medium | EA3: Medium | EB3: Medium | EC3: Medium | ED3: Medium | EE3: Medium | EF3: Medium | EG3: Medium | EH3: Medium | EI3: Medium | EJ3: Medium | EK3: Medium | EL3: Medium | EM3: Medium | EN3: Medium | EO3: Medium | EP3: Medium | EQ3: Medium | ER3: Medium | ES3: Medium | ET3: Medium | EU3: Medium | EV3: Medium
A4: % Value | B4: 2.584 | C4: 2.657 | D4: 2.706 | E4: 2.78 | F4: 2.85 | G4: 2.903 | H4: 2.934 | I4: 2.961 | J4: 2.982 | K4: 3.013 | L4: 3.054 | M4: 3.193 | N4: 3.242 | O4: 3.269 | P4: 3.291 | Q4: 3.313 | R4: 3.315 | S4: 3.299 | T4: 3.264 | U4: 3.198 | V4: 3.128 | W4: 3.064 | X4: 3.016 | Y4: 2.955 | Z4: 2.898 | AA4: 2.821 | AB4: 2.742 | AC4: 2.67 | AD4: 2.622 | AE4: 2.532 | AF4: 2.438 | AG4: 2.239 | AH4: 2.186 | AI4: 2.135 | AJ4: 2.088 | AK4: 2.05 | AL4: 2.019 | AM4: 1.991 | AN4: 1.96 | AO4: 1.897 | AP4: 1.938 | AQ4: 1.914 | AR4: 1.874 | AS4: 1.832 | AT4: 1.798 | AU4: 1.762 | AV4: 1.708 | AW4: 1.657 | AX4: 1.622 | AY4: 1.576 | AZ4: 1.51 | BA4: 1.457 | BB4: 1.419 | BC4: 1.378 | BD4: 1.353 | BE4: 1.344 | BF4: 1.363 | BG4: 1.452 | BH4: 1.468 | BI4: 1.456 | BJ4: 1.424 | BK4: 1.407 | BL4: 1.308 | BM4: 1.287 | BN4: 1.134 | BO4: 1.005 | BP4: 0.933 | BQ4: 0.937 | BR4: 0.956 | BS4: 0.945 | BT4: 0.697 | BU4: 0.638 | BV4: 0.868 | BW4: 0.877 | BX4: 0.845 | BY4: 0.808 | BZ4: 0.778 | CA4: 0.75 | CB4: 0.724 | CC4: 0.697 | CD4: 0.672 | CE4: 0.648 | CF4: 0.624 | CG4: 0.601 | CH4: 0.571 | CI4: 0.55 | CJ4: 0.522 | CK4: 0.502 | CL4: 0.475 | CM4: 0.446 | CN4: 0.421 | CO4: 0.398 | CP4: 0.372 | CQ4: 0.344 | CR4: 0.322 | CS4: 0.294 | CT4: 0.268 | CU4: 0.241 | CV4: 0.221 | CW4: 0.191 | CX4: 0.17 | CY4: 0.146 | CZ4: 0.124 | DA4: 0.102 | DB4: 0.081 | DC4: 0.06 | DD4: 0.04 | DE4: 0.022 | DF4: 0.005 | DG4: -0.014 | DH4: -0.035 | DI4: -0.052 | DJ4: -0.069 | DK4: -0.088 | DL4: -0.106 | DM4: -0.125 | DN4: -0.141 | DO4: -0.157 | DP4: -0.175 | DQ4: -0.192 | DR4: -0.211 | DS4: -0.224 | DT4: -0.243 | DU4: -0.261 | DV4: -0.278 | DW4: -0.293 | DX4: -0.308 | DY4: -0.325 | DZ4: -0.341 | EA4: -0.357 | EB4: -0.373 | EC4: -0.389 | ED4: -0.398 | EE4: -0.416 | EF4: -0.43 | EG4: -0.446 | EH4: -0.457 | EI4: -0.468 | EJ4: -0.477 | EK4: -0.491 | EL4: -0.502 | EM4: -0.514 | EN4: -0.521 | EO4: -0.535 | EP4: -0.545 | EQ4: -0.554 | ER4: -0.56 | ES4: -0.567 | ET4: -0.572 | EU4: -0.578 | EV4: -0.583
A5: Fraction | B5: =B4/100 -> 0.02584 | C5: =C4/100 -> 0.02657 | D5: =D4/100 -> 0.02706 | E5: =E4/100 -> 0.0278 | F5: =F4/100 -> 0.0285 | G5: =G4/100 -> 0.02903 | H5: =H4/100 -> 0.02934 | I5: =I4/100 -> 0.02961 | ... EV5: =EV4/100 -> -0.00583

Sheet World Bank
A1: Data Source | B1: World Development Indicators
A3: Last Updated Date | B3: 45937
A5: Country Name | B5: Country Code | C5: 2010 | D5: 2011 | E5: 2012 | F5: 2013 | G5: 2014 | H5: 2015 | I5: 2016 | J5: 2017 | K5: 2018 | L5: 2019 | M5: 2020 | N5: 2021 | O5: 2022 | P5: 2023 | Q5: 2024
A6: Mexico | B6: MEX | C6: 113623895 | D6: 115243504 | E6: 116818208 | F6: 118343573 | G6: 119784261 | H6: 121072306 | I6: 122251351 | J6: 123400057 | K6: 124573711 | L6: 125762982 | M6: 126799054 | N6: 127648148 | O6: 128613117 | P6: 129739759 | Q6: 130861007

Sheet Population
A1: Year | B1: 2010 | C1: 2011 | D1: 2012 | E1: 2013 | F1: 2014 | G1: 2015 | H1: 2016 | I1: 2017 | J1: 2018 | K1: 2019 | L1: 2020 | M1: 2021 | N1: 2022 | O1: 2023 | P1: 2024 | Q1: 2025 | R1: 2026 | S1: 2027 | T1: 2028 | U1: 2029 | V1: 2030 | W1: 2031 | X1: 2032 | Y1: 2033 | Z1: 2034 | AA1: 2035 | AB1: 2036 | AC1: 2037 | AD1: 2038 | AE1: 2039 | AF1: 2040 | AG1: 2041 | AH1: 2042 | AI1: 2043 | AJ1: 2044 | AK1: 2045 | AL1: 2046 | AM1: 2047 | AN1: 2048 | AO1: 2049 | AP1: 2050 | AQ1: 2051 | AR1: 2052 | AS1: 2053 | AT1: 2054 | AU1: 2055 | AV1: 2056 | AW1: 2057 | AX1: 2058 | AY1: 2059 | AZ1: 2060 | BA1: 2061 | BB1: 2062 | BC1: 2063 | BD1: 2064 | BE1: 2065 | BF1: 2066 | BG1: 2067 | BH1: 2068 | BI1: 2069 | BJ1: 2070
A2: Population | B2: ='World Bank'!C6 -> 113623895 | C2: ='World Bank'!D6 -> 115243504 | D2: ='World Bank'!E6 -> 116818208 | E2: ='World Bank'!F6 -> 118343573 | F2: ='World Bank'!G6 -> 119784261 | G2: ='World Bank'!H6 -> 121072306 | H2: ='World Bank'!I6 -> 122251351 | I2: ='World Bank'!J6 -> 123400057 | ... P2: ='World Bank'!Q6 -> 130861007 | Q2: =P2+P2*'UN growth rates'!BY5 -> 1.3191836e+08 | R2: =Q2+Q2*'UN growth rates'!BZ5 -> 1.3294469e+08 | S2: =R2+R2*'UN growth rates'!CA5 -> 1.3394177e+08 | T2: =S2+S2*'UN growth rates'!CB5 -> 1.3491151e+08 | U2: =T2+T2*'UN growth rates'!CC5 -> 1.3585185e+08 | V2: =U2+U2*'UN growth rates'!CD5 -> 1.3676477e+08 | W2: =V2+V2*'UN growth rates'!CE5 -> 1.3765101e+08 | X2: =W2+W2*'UN growth rates'!CF5 -> 1.3850995e+08 | ... BJ2: =BI2+BI2*'UN growth rates'!DR5 -> 1.4723374e+08

Sheet INEGI 2020
A1: INEGI. Encuesta Nacional de Ingresos y Gastos de los Hogares. ENIGH 2020. Tabulados de hogares y viviendas. 2021.
A3: VIVIENDAS POR ENTIDAD FEDERATIVA, SEGÚN TIPO DE VIVIENDA | I3: CUADRO 1.1 | K3: ÍNDICE
A5: ENTIDAD FEDERATIVA | C5: TOTAL DE VIVIENDAS | E5: TIPO DE VIVIENDA1
E6: CASA INDEPENDIENTE | H6: OTRO2
E7: ABSOLUTOS | F7: RELATIVOS | H7: ABSOLUTOS | I7: RELATIVOS
A9: ESTADOS UNIDOS MEXICANOS | C9: 35234822 | E9: 32328253 | F9: 91.750862 | H9: 2862645 | I9: 8.124477
A10: AGUASCALIENTES | C10: 386782 | E10: 364909 | F10: 94.344876 | H10: 20867 | I10: 5.3950287
A11: BAJA CALIFORNIA | C11: 1144066 | E11: 1019522 | F11: 89.113915 | H11: 111205 | I11: 9.720156
A12: BAJA CALIFORNIA SUR | C12: 245689 | E12: 219758 | F12: 89.4456 | H12: 25824 | I12: 10.510849
A13: CAMPECHE | C13: 257257 | E13: 254612 | F13: 98.971845 | H13: 2541 | I13: 0.98772823
A14: COAHUILA DE ZARAGOZA | C14: 903683 | E14: 887854 | F14: 98.24839 | H14: 15257 | I14: 1.6883133
A15: COLIMA | C15: 228765 | E15: 223582 | F15: 97.734356 | H15: 5084 | I15: 2.2223679
A16: CHIAPAS | C16: 1411266 | E16: 1386899 | F16: 98.273394 | H16: 23750 | I16: 1.6828861
A17: CHIHUAHUA | C17: 1136150 | E17: 1105726 | F17: 97.322185 | H17: 27666 | I17: 2.4350658
A18: CIUDAD DE MÉXICO | C18: 2707156 | E18: 1591705 | F18: 58.796205 | H18: 1105944 | I18: 40.852614
A19: DURANGO | C19: 499269 | E19: 492064 | F19: 98.55689 | H19: 6731 | I19: 1.348171
A20: GUANAJUATO | C20: 1597797 | E20: 1536735 | F20: 96.178363 | H20: 61062 | I20: 3.8216369
... A41: ZACATECAS | C41: 452914 | E41: 444060 | F41: 98.045103 | H41: 8854 | I41: 1.9548965
A43: Nota: Las estimaciones que aparecen en este cuadro están coloreadas de acuerdo con su nivel de precisión, en Alta, Moderada y Baja, tomando como referencia el coeficiente de variación CV (%). Una precisión Baja requiere un uso cauteloso de la estimación en el que se analicen las causas de la alta variabilidad y se consideren otros indicadores de precisión y confiabilidad, como el intervalo de confianza.
A44: Nivel de precisión de las estimaciones:
A45: Alta, CV en el rango de (0,15)
A46: Moderada, CV en el rango de [15,30)
A47: Baja, CV de 30% en adelante
A48: 1 Se excluyen 43 924 viviendas las cuales no se identificó el tipo de vivienda.
A49: 2 Incluye departamento en edificio, vivienda en vecindad, vivienda en cuarto de azotea y local no construido para habitación.
A50: Fuente: INEGI. Encuesta Nacional de Ingresos y Gastos de los Hogares 2020.
A52: INEGI. Encuesta Nacional de Ingresos y Gastos de los Hogares 2020. SNIEG. Información de Interés Nacional.

Sheet INEGI 2022
A1: INEGI. Encuesta Nacional de Ingresos y Gastos de los Hogares. ENIGH 2022. Tabulados de hogares y viviendas. 2023.
A3: VIVIENDAS POR ENTIDAD FEDERATIVA, SEGÚN TIPO DE VIVIENDA | I3: CUADRO 1.1 | K3: ÍNDICE
A5: ENTIDAD FEDERATIVA | C5: TOTAL DE VIVIENDAS | E5: TIPO DE VIVIENDA1
E6: CASA INDEPENDIENTE | H6: OTRO2
E7: ABSOLUTOS | F7: RELATIVOS | H7: ABSOLUTOS | I7: RELATIVOS
A9: ESTADOS UNIDOS MEXICANOS | C9: 36968871 | E9: 33955579 | F9: 91.84911 | H9: 2957388 | I9: 7.9996709
A10: AGUASCALIENTES | C10: 404976 | E10: 376017 | F10: 92.849206 | H10: 28495 | I10: 7.0362194
A11: BAJA CALIFORNIA | C11: 1188788 | E11: 1042525 | F11: 87.696461 | H11: 132472 | I11: 11.14345
A12: BAJA CALIFORNIA SUR | C12: 270678 | E12: 236034 | F12: 87.201029 | H12: 34031 | I12: 12.572503
A13: CAMPECHE | C13: 270573 | E13: 266155 | F13: 98.367169 | H13: 4418 | I13: 1.6328311
A14: COAHUILA DE ZARAGOZA | C14: 956756 | E14: 937269 | F14: 97.963222 | H14: 19223 | I14: 2.0091852
A15: COLIMA | C15: 245644 | E15: 234177 | F15: 95.331862 | H15: 10856 | I15: 4.4194037
A16: CHIAPAS | C16: 1430351 | E16: 1396197 | F16: 97.612194 | H16: 32570 | I16: 2.2770635
A17: CHIHUAHUA | C17: 1193845 | E17: 1163430 | F17: 97.452349 | H17: 29293 | I17: 2.4536686
A18: CIUDAD DE MÉXICO | C18: 2947953 | E18: 1794484 | F18: 60.872205 | H18: 1142432 | I18: 38.753399
A19: DURANGO | C19: 517501 | E19: 512955 | F19: 99.121548 | H19: 4546 | I19: 0.87845241
A20: GUANAJUATO | C20: 1651948 | E20: 1586927 | F20: 96.06398 | H20: 63515 | I20: 3.8448547
... A41: ZACATECAS | C41: 451585 | E41: 441617 | F41: 97.792664 | H41: 9319 | I41: 2.0636204
A43: Nota: Las estimaciones que aparecen en este cuadro están coloreadas de acuerdo con su nivel de precisión, en Alta, Moderada y Baja, tomando como referencia el coeficiente de variación CV (%). Una precisión Baja requiere un uso cauteloso de la estimación en el que se analicen las causas de la alta variabilidad y se consideren otros indicadores de precisión y confiabilidad, como el intervalo de confianza.
A44: Nivel de precisión de las estimaciones:
A45: Alta, CV en el rango de (0,15)
A46: Moderada, CV en el rango de [15,30)
A47: Baja, CV de 30% en adelante
A48: 1 Se excluyen 55 904 viviendas las cuales no se identificó el tipo de vivienda.
A49: 2 Incluye departamento en edificio, vivienda en vecindad, vivienda en cuarto de azotea y local no construido para habitación.
A50: Fuente: INEGI. Encuesta Nacional de Ingresos y Gastos de los Hogares 2022.
A52: INEGI. Encuesta Nacional de Ingresos y Gastos de los Hogares 2022. SNIEG. Información de Interés Nacional.

Sheet INEGI2024
A1: INEGI. Encuesta Nacional de Ingresos y Gastos de los Hogares. ENIGH 2024. Tabulados de hogares y viviendas. 2025.
A3: VIVIENDAS POR ENTIDAD FEDERATIVA, SEGÚN TIPO DE VIVIENDA | I3: CUADRO 1.1 | J3: HOUSING BY FEDERAL ENTITY, ACCORDING TO TYPE OF HOUSING | K3: ÍNDICE
A5: ENTIDAD FEDERATIVA | C5: TOTAL DE VIVIENDAS | E5: TIPO DE VIVIENDA1
E6: CASA ÚNICA EN EL TERRENO | H6: OTRO2
E7: ABSOLUTOS | F7: RELATIVOS | H7: ABSOLUTOS | I7: RELATIVOS
A9: ESTADOS UNIDOS MEXICANOS | C9: 38356042 | E9: 29006872 | F9: 75.6253 | H9: 9304116 | I9: 24.257237
A10: AGUASCALIENTES | C10: 430980 | E10: 382992 | F10: 88.865377 | H10: 47709 | I10: 11.069887
A11: BAJA CALIFORNIA | C11: 1188652 | E11: 894701 | F11: 75.270222 | H11: 290644 | I11: 24.451564
A12: BAJA CALIFORNIA SUR | C12: 275159 | E12: 215031 | F12: 78.147907 | H12: 59816 | I12: 21.738704
A13: CAMPECHE | C13: 270527 | E13: 222896 | F13: 82.393255 | H13: 47631 | I13: 17.606745
A14: COAHUILA DE ZARAGOZA | C14: 1010678 | E14: 940938 | F14: 93.099682 | H14: 69000 | I14: 6.8271002
A15: COLIMA | C15: 241824 | E15: 217704 | F15: 90.025804 | H15: 23629 | I15: 9.7711559
A16: CHIAPAS | C16: 1527562 | E16: 1318351 | F16: 86.304255 | H16: 208554 | I16: 13.652736
A17: CHIHUAHUA | C17: 1216358 | E17: 1114931 | F17: 91.661419 | H17: 99306 | I17: 8.1642082
A18: CIUDAD DE MÉXICO | C18: 3029724 | E18: 972591 | F18: 32.101637 | H18: 2047203 | I18: 67.57061
A19: DURANGO | C19: 532752 | E19: 497841 | F19: 93.447045 | H19: 34669 | I19: 6.5075307
A20: GUANAJUATO | C20: 1746818 | E20: 1479256 | F20: 84.682892 | H20: 267562 | I20: 15.317108
... A41: ZACATECAS | C41: 475089 | E41: 429342 | F41: 90.370857 | H41: 45566 | I41: 9.591045
A43: Nota: Las estimaciones que aparecen en este cuadro están coloreadas de acuerdo con su nivel de precisión, en Alta, Moderada y Baja, tomando como referencia el coeficiente de variación CV (%). Una precisión Baja requiere un uso cauteloso de la estimación en el que se analicen las causas de la alta variabilidad y se consideren otros indicadores de precisión y confiabilidad, como el intervalo de confianza.
A44: Nivel de precisión de las estimaciones:
A45: Alta, CV en el rango de (0,15)
A46: Moderada, CV en el rango de [15,30)
A47: Baja, CV de 30% en adelante
A48: 1 Se excluyen 45 054 viviendas las cuales no se identificó el tipo de vivienda.
A49: 2 Incluye casa que comparte terreno con otra(s), casa duplex, departamento en edificio, vivienda en vecindad o cuartería, vivienda en cuarto de azotea de un edificio y local no construido para habitación.
A50: Fuente: INEGI. Encuesta Nacional de Ingresos y Gastos de los Hogares 2024.
A52: INEGI. Encuesta Nacional de Ingresos y Gastos de los Hogares 2024. SNIEG. Información de Interés Nacional.

Sheet NoH
A1: Dmnl | B1: 2021 | C1: 2022 | D1: 2023 | E1: 2024 | F1: 2025 | G1: 2026 | H1: 2027 | I1: 2028 | J1: 2029 | K1: 2030 | L1: 2031 | M1: 2032 | N1: 2033 | O1: 2034 | P1: 2035 | Q1: 2036 | R1: 2037 | S1: 2038 | T1: 2039 | U1: 2040 | V1: 2041 | W1: 2042 | X1: 2043 | Y1: 2044 | Z1: 2045 | AA1: 2046 | AB1: 2047 | AC1: 2048 | AD1: 2049 | AE1: 2050 | AF1: 2051 | AG1: 2052 | AH1: 2053 | AI1: 2054 | AJ1: 2055 | AK1: 2056 | AL1: 2057 | AM1: 2058 | AN1: 2059 | AO1: 2060 | AP1: 2061 | AQ1: 2062 | AR1: 2063 | AS1: 2064 | AT1: 2065 | AU1: 2066 | AV1: 2067 | AW1: 2068 | AX1: 2069 | AY1: 2070
A2: Households | B2: =Households!C2 -> 36101846 | C2: =Households!D2 -> 36968871 | D2: =Households!E2 -> 37662456 | E2: =Households!F2 -> 38356042 | F2: =Households!G2 -> 38665959 | G2: =Households!H2 -> 38966780 | H2: =Households!I2 -> 39259031 | I2: =Households!J2 -> 39543266 | ... AY2: =Households!AZ2 -> 43154974
