Workbook

Sheet About
A1: BDCL BAU Data Center Load
A3: Sources: | B3: Data Center Load
B4: The Rhodium Group
B5: Taking Stock 2024: Technical Appendix
B6: https://rhg.com/wp-content/uploads/2024/07/Taking-Stock-2024_Technical-Appendix.pdf
B7: Figure 10
A11: Notes on Data Center Load in AEO
A12: TBD on this adjustment pending AEO choice
A13: In AEO 2025, the EIA included projections for data center load growth. With this, EIA included additional documentation of how data center electricity demand is classified in Table 5.
A14: In AEO 2023 and AEO 2025, data center load is captured in both Ventilation and Other Uses (for on-site data centers) and Computing (for standalone data centers).
A15: To estimate EIA's projected load growth for data centers, the difference can be taken between the two releases.
A16: This data center load is removed from bldgs/BCEU.
A18: Due to uncertainty in electricity demand growth from data centers in the age of AI, we include three different projections for annual data center electricity load.
A19: The projections included are the low, mid and high scenarios from The Rhodium Group through 2035. From 2036 through 2050, we assume continued growth at a slower rate.

Sheet AEO 2025 Table 5
A1: ref2025.d032025a
B3: Report | C3: Annual Energy Outlook 2025
B4: Scenario | C4: ref2025 | E4: Reference
B5: Datekey | C5: d032025a
B6: Release Date | D6: April 2025
A7: 5. Commercial Sector Key Indicators and Consumption
A8: (quadrillion Btu, unless otherwise noted)
AC9: Avg Annual Change
A10: Electricity 3/
A11: Space Heating 3/ | B11: 0.18652315 | C11: 0.19798625 | D11: 0.19807051 | E11: 0.19910294 | F11: 0.19908212 | G11: 0.19794738 | H11: 0.19644886 | I11: 0.19476587 | J11: 0.19315985 | K11: 0.19061019 | L11: 0.18836811 | M11: 0.18721218 | N11: 0.18643974 | O11: 0.18564387 | P11: 0.1847201 | Q11: 0.18376738 | R11: 0.1826206 | S11: 0.18127158 | T11: 0.17960387 | U11: 0.17775351 | V11: 0.17574476 | W11: 0.17370142 | X11: 0.17158204 | Y11: 0.16952172 | Z11: 0.16757397 | AA11: 0.16578631 | AB11: 0.16411205 | AC11: -0.0049112073
A12: Space Cooling 3/ 4/ | B12: 0.57283235 | C12: 0.55535281 | D12: 0.56685525 | E12: 0.58141154 | F12: 0.59308076 | G12: 0.60073072 | H12: 0.60607451 | I12: 0.61122459 | J12: 0.61733556 | K12: 0.62264615 | L12: 0.62905782 | M12: 0.63706893 | N12: 0.64666241 | O12: 0.65692461 | P12: 0.66712528 | Q12: 0.67784053 | R12: 0.68799549 | S12: 0.69792807 | T12: 0.70689106 | U12: 0.7158882 | V12: 0.7247988 | W12: 0.7337153 | X12: 0.74257386 | Y12: 0.75195736 | Z12: 0.76215661 | AA12: 0.77356422 | AB12: 0.78610063 | AC12: 0.012247148
A13: Water Heating 3/ | B13: 0.074489571 | C13: 0.07405784 | D13: 0.074159577 | E13: 0.074695341 | F13: 0.074831821 | G13: 0.074467458 | H13: 0.073813461 | I13: 0.07302881 | J13: 0.07231544 | K13: 0.071469612 | L13: 0.070713222 | M13: 0.070087031 | N13: 0.06961339 | O13: 0.06917619 | P13: 0.068714276 | Q13: 0.068262041 | R13: 0.067748778 | S13: 0.067168027 | T13: 0.066472389 | U13: 0.065735638 | V13: 0.06497214 | W13: 0.064199671 | X13: 0.063415594 | Y13: 0.062666655 | Z13: 0.061966129 | AA13: 0.061328068 | AB13: 0.06074959 | AC13: -0.0078115909
A14: Ventilation 4/ | B14: 0.74461913 | C14: 0.75649542 | D14: 0.77302551 | E14: 0.79476368 | F14: 0.81280762 | G14: 0.82569021 | H14: 0.83301342 | I14: 0.83995199 | J14: 0.84786093 | K14: 0.85514522 | L14: 0.86369646 | M14: 0.8739329 | N14: 0.88622338 | O14: 0.89879966 | P14: 0.9113155 | Q14: 0.924151 | R14: 0.93650663 | S14: 0.94828963 | T14: 0.95887256 | U14: 0.96895885 | V14: 0.97876227 | W14: 0.98868722 | X14: 0.99846816 | Y14: 1.0088506 | Z14: 1.0200368 | AA14: 1.0322971 | AB14: 1.0456395 | AC14: 0.013143749
A15: Cooking | B15: 0.08435721 | C15: 0.084570594 | D15: 0.085033409 | E15: 0.08595828 | F15: 0.086440697 | G15: 0.086347446 | H15: 0.08592312 | I15: 0.085398376 | J15: 0.08494658 | K15: 0.084402867 | L15: 0.083956026 | M15: 0.083652601 | N15: 0.083524123 | O15: 0.08339636 | P15: 0.083211727 | Q15: 0.083003849 | R15: 0.0827135 | S15: 0.082366392 | T15: 0.081895828 | U15: 0.081365205 | V15: 0.08079382 | W15: 0.080208987 | X15: 0.079589635 | Y15: 0.078999907 | Z15: 0.07845585 | AA15: 0.077973224 | AB15: 0.077554032 | AC15: -0.0032288297
A16: Lighting | B16: 0.57559472 | C16: 0.56400311 | D16: 0.56129068 | E16: 0.56498128 | F16: 0.56791908 | G16: 0.56830692 | H16: 0.55829316 | I16: 0.54934591 | J16: 0.54198778 | K16: 0.53465438 | L16: 0.52811337 | M16: 0.52273327 | N16: 0.51909292 | O16: 0.51651102 | P16: 0.514566 | Q16: 0.51337069 | R16: 0.51098669 | S16: 0.50930184 | T16: 0.50740212 | U16: 0.50572538 | V16: 0.50427186 | W16: 0.50305903 | X16: 0.50166762 | Y16: 0.50071299 | Z16: 0.50038922 | AA16: 0.50069064 | AB16: 0.50187737 | AC16: -0.0052572094
A17: Refrigeration | B17: 0.36730015 | C17: 0.36860248 | D17: 0.37073359 | E17: 0.37437391 | F17: 0.37765199 | G17: 0.38006097 | H17: 0.38080069 | I17: 0.38180134 | J17: 0.38318515 | K17: 0.38464868 | L17: 0.38647321 | M17: 0.38868824 | N17: 0.39129943 | O17: 0.39395964 | P17: 0.39658043 | Q17: 0.39921486 | R17: 0.40172413 | S17: 0.40438154 | T17: 0.40681499 | U17: 0.40913928 | V17: 0.41139376 | W17: 0.41364577 | X17: 0.41583353 | Y17: 0.41807708 | Z17: 0.4204134 | AA17: 0.42289445 | AB17: 0.42550063 | AC17: 0.0056732269
A18: Computing 4/ 5/ | B18: 0.34102336 | C18: 0.3573471 | D18: 0.3753615 | E18: 0.39488789 | F18: 0.41532284 | G18: 0.43541867 | H18: 0.45561603 | I18: 0.4765667 | J18: 0.49871296 | K18: 0.52200282 | L18: 0.54672468 | M18: 0.5729602 | N18: 0.60078382 | O18: 0.63061064 | P18: 0.66134155 | Q18: 0.6936937 | R18: 0.72768551 | S18: 0.76332033 | T18: 0.79999483 | U18: 0.83785594 | V18: 0.87773758 | W18: 0.91906726 | X18: 0.961869 | Y18: 1.0071505 | Z18: 1.0542688 | AA18: 1.1024799 | AB18: 1.1535875 | AC18: 0.047988218
A19: Office Equipment | B19: 0.043231878 | C19: 0.043303233 | D19: 0.043520264 | E19: 0.043887559 | F19: 0.044333853 | G19: 0.044710536 | H19: 0.045030575 | I19: 0.045370076 | J19: 0.045713101 | K19: 0.046101823 | L19: 0.046555206 | M19: 0.047018416 | N19: 0.047490261 | O19: 0.04795121 | P19: 0.048337612 | Q19: 0.04871273 | R19: 0.049009115 | S19: 0.049157877 | T19: 0.049218729 | U19: 0.049198192 | V19: 0.049035046 | W19: 0.048667692 | X19: 0.048217241 | Y19: 0.047559753 | Z19: 0.046693068 | AA19: 0.045680221 | AB19: 0.044449177 | AC19: 0.0010685816
A20: Other Uses 4/ 6/ | B20: 1.9011098 | C20: 1.9786971 | D20: 1.9088854 | E20: 1.8951291 | F20: 1.8792416 | G20: 1.9136816 | H20: 1.9447135 | I20: 1.9748988 | J20: 2.0056901 | K20: 2.0370684 | L20: 2.069823 | M20: 2.1042058 | N20: 2.1406472 | O20: 2.1778443 | P20: 2.2157662 | Q20: 2.2544043 | R20: 2.2934918 | S20: 2.3327427 | T20: 2.3721545 | U20: 2.4120493 | V20: 2.4528098 | W20: 2.4945495 | X20: 2.5369534 | Y20: 2.5803483 | Z20: 2.6254854 | AA20: 2.6722097 | AB20: 2.7208641 | AC20: 0.013884416
A21: Gross End-use Electricity Consumption | B21: 4.8910813 | C21: 4.9804158 | D21: 4.9569354 | E21: 5.0091915 | F21: 5.0507126 | G21: 5.1273623 | H21: 5.1797271 | I21: 5.2323527 | J21: 5.2909074 | K21: 5.3487496 | L21: 5.4134812 | M21: 5.4875598 | N21: 5.5717769 | O21: 5.6608176 | P21: 5.7516789 | Q21: 5.8464208 | R21: 5.9404821 | S21: 6.0359278 | T21: 6.1293206 | U21: 6.2236691 | V21: 6.3203197 | W21: 6.4195018 | X21: 6.5201697 | Y21: 6.625845 | Z21: 6.7374392 | AA21: 6.8549037 | AB21: 6.9804344 | AC21: 0.013774691
A22: Purchased Electricity for Electric Vehicle Charging 7/ | B22: 0.018762225 | C22: 0.028111188 | D22: 0.042216714 | E22: 0.061634421 | F22: 0.086184062 | G22: 0.11694346 | H22: 0.15929393 | I22: 0.21282968 | J22: 0.28396726 | K22: 0.35982299 | L22: 0.43453184 | M22: 0.50643897 | N22: 0.57468039 | O22: 0.63944709 | P22: 0.69993162 | Q22: 0.75637621 | R22: 0.80846196 | S22: 0.85591215 | T22: 0.8987807 | U22: 0.93630868 | V22: 0.96902889 | W22: 0.99835861 | X22: 1.0234931 | Y22: 1.0466725 | Z22: 1.0670959 | AA22: 1.0854166 | AB22: 1.1022666 | AC22: 0.1696032
... A24: Purchased Electricity at Commercial Location 8/ | B24: 4.7681003 | C24: 4.8498621 | D24: 4.8239965 | E24: 4.8886595 | F24: 4.9473948 | G24: 5.0449815 | H24: 5.1278796 | I24: 5.2189002 | J24: 5.336853 | K24: 5.4547095 | L24: 5.5843368 | M24: 5.7220488 | N24: 5.8678608 | O24: 6.013474 | P24: 6.159296 | Q24: 6.3075995 | R24: 6.4481125 | S24: 6.5832405 | T24: 6.7102814 | U24: 6.8321629 | V24: 6.9510107 | W24: 7.0695825 | X24: 7.1841536 | Y24: 7.3033595 | Z24: 7.4259939 | AA24: 7.5544286 | AB24: 7.6905122 | AC24: 0.018556197
B26: Data source: 2024: U.S. Energy Information Administration (EIA), Short-Term Energy Outlook, December 2024 and EIA, AEO2025
B27: National Energy Modeling System run ref2025.d032025a. Projections: EIA, AEO2025 National Energy Modeling System run ref2025.d032025a.
B28: Note: Totals may not equal sum of components due to independent rounding.
B29: 1/ Represents all floorspace in the commercial sector, including floorspace operating as on-premise data centers and
B30: server rooms within each applicable commercial building type. Standalone data centers are not modeled as a distinct building type in NEMS,
B31: but associated floorspace is implicitly represented in the "Other" building type.
B32: 2/ Unless otherwise specified, energy consumption by end use includes all electricity consumed for that end use,
B33: including purchased electricity and on-site generation for own use.
B34: 3/ Includes fuel consumption for district services.
B35: 4/ Includes energy consumed by all commercial buildings, including on-premise data centers and server rooms. Compared with non-data center floorspace,
B36: the on-premise data center proportion of floorspace exhibits a higher energy use intensity for space cooling,
B37: ventilation (for air exchange), computing, and other uses (miscellaneous electric loads, such as uninterruptible power supplies).
... B57: - - = Not applicable
B58: 2024 | C58: 2025 | D58: 2026 | E58: 2027 | F58: 2028 | G58: 2029 | H58: 2030 | I58: 2031 | J58: 2032 | K58: 2033 | L58: 2034 | M58: 2035 | N58: 2036 | O58: 2037 | P58: 2038 | Q58: 2039 | R58: 2040 | S58: 2041 | T58: 2042 | U58: 2043 | V58: 2044 | W58: 2045 | X58: 2046 | Y58: 2047 | Z58: 2048 | AA58: 2049 | AB58: 2050
A59: Data Center Related Demand | B59: =B14+B18+B20 -> 2.9867523 | C59: =C14+C18+C20 -> 3.0925396 | D59: =D14+D18+D20 -> 3.0572724 | E59: =E14+E18+E20 -> 3.0847807 | F59: =F14+F18+F20 -> 3.107372 | G59: =G14+G18+G20 -> 3.1747905 | H59: =H14+H18+H20 -> 3.2333429 | I59: =I14+I18+I20 -> 3.2914175 | ... AB59: =AB14+AB18+AB20 -> 4.920091

Sheet AEO 2023 Table 5
A1: Report | B1: Annual Energy Outlook 2023
A2: Scenario | B2: ref2023 | E2: Reference
A3: Datekey | B3: d020623a
A4: Release Date | C4: March 2023
A6: Electricity 1/ | B6: 2022 | C6: 2023 | D6: 2024 | E6: 2025 | F6: 2026 | G6: 2027 | H6: 2028 | I6: 2029 | J6: 2030 | K6: 2031 | L6: 2032 | M6: 2033 | N6: 2034 | O6: 2035 | P6: 2036 | Q6: 2037 | R6: 2038 | S6: 2039 | T6: 2040 | U6: 2041 | V6: 2042 | W6: 2043 | X6: 2044 | Y6: 2045 | Z6: 2046 | AA6: 2047 | AB6: 2048 | AC6: 2049 | AD6: 2050 | AE6: 2022–2050
A7: Space Heating 2/ | B7: 0.119273 | C7: 0.118361 | D7: 0.110862 | E7: 0.111099 | F7: 0.111147 | G7: 0.110854 | H7: 0.110384 | I7: 0.109759 | J7: 0.108987 | K7: 0.108285 | L7: 0.107479 | M7: 0.106449 | N7: 0.105275 | O7: 0.104142 | P7: 0.102983 | Q7: 0.101737 | R7: 0.100347 | S7: 0.098874 | T7: 0.097414 | U7: 0.09606 | V7: 0.094758 | W7: 0.093488 | X7: 0.092216 | Y7: 0.090939 | Z7: 0.089708 | AA7: 0.088523 | AB7: 0.087315 | AC7: 0.086134 | AD7: 0.08499 | AE7: -0.01203
A8: Space Cooling 2/ | B8: 0.54288 | C8: 0.477379 | D8: 0.550791 | E8: 0.560045 | F8: 0.56775 | G8: 0.575085 | H8: 0.582462 | I8: 0.589573 | J8: 0.595396 | K8: 0.601495 | L8: 0.607785 | M8: 0.612405 | N8: 0.616628 | O8: 0.621292 | P8: 0.626046 | Q8: 0.630735 | R8: 0.634936 | S8: 0.639136 | T8: 0.642875 | U8: 0.647011 | V8: 0.651487 | W8: 0.656187 | X8: 0.661275 | Y8: 0.666915 | Z8: 0.673704 | AA8: 0.681264 | AB8: 0.689054 | AC8: 0.696994 | AD8: 0.705699 | AE8: 0.009412
A9: Water Heating 2/ | B9: 0.024215 | C9: 0.023555 | D9: 0.02313 | E9: 0.02287 | F9: 0.022632 | G9: 0.022556 | H9: 0.022463 | I9: 0.02235 | J9: 0.022206 | K9: 0.022059 | L9: 0.021899 | M9: 0.021688 | N9: 0.021453 | O9: 0.021236 | P9: 0.021016 | Q9: 0.020783 | R9: 0.020526 | S9: 0.020267 | T9: 0.02001 | U9: 0.019778 | V9: 0.019556 | W9: 0.019342 | X9: 0.019133 | Y9: 0.01893 | Z9: 0.018741 | AA9: 0.01857 | AB9: 0.0184 | AC9: 0.018239 | AD9: 0.018094 | AE9: -0.010354
A10: Ventilation | B10: 0.418793 | C10: 0.407891 | D10: 0.400019 | E10: 0.394285 | F10: 0.38814 | G10: 0.381195 | H10: 0.373949 | I10: 0.366494 | J10: 0.358411 | K10: 0.350666 | L10: 0.342958 | M10: 0.334873 | N10: 0.326773 | O10: 0.319148 | P10: 0.311811 | Q10: 0.30456 | R10: 0.297195 | S10: 0.289957 | T10: 0.283031 | U10: 0.276615 | V10: 0.270569 | W10: 0.264814 | X10: 0.259292 | Y10: 0.253978 | Z10: 0.248923 | AA10: 0.244183 | AB10: 0.239593 | AC10: 0.235279 | AD10: 0.231259 | AE10: -0.020985
A11: Cooking | B11: 0.082377 | C11: 0.081711 | D11: 0.081787 | E11: 0.082301 | F11: 0.08263 | G11: 0.082722 | H11: 0.082723 | I11: 0.08264 | J11: 0.082438 | K11: 0.08224 | L11: 0.081999 | M11: 0.081577 | N11: 0.081061 | O11: 0.080577 | P11: 0.080065 | Q11: 0.079491 | R11: 0.078827 | S11: 0.07813 | T11: 0.077413 | U11: 0.076771 | V11: 0.076153 | W11: 0.075557 | X11: 0.074978 | Y11: 0.074415 | Z11: 0.073904 | AA11: 0.073456 | AB11: 0.072993 | AC11: 0.072537 | AD11: 0.072122 | AE11: -0.004737
A12: Lighting | B12: 0.497281 | C12: 0.48856 | D12: 0.485795 | E12: 0.487572 | F12: 0.489366 | G12: 0.490566 | H12: 0.492025 | I12: 0.493689 | J12: 0.491019 | K12: 0.488961 | L12: 0.486973 | M12: 0.484227 | N12: 0.480979 | O12: 0.47801 | P12: 0.474966 | Q12: 0.470955 | R12: 0.46601 | S12: 0.459942 | T12: 0.457929 | U12: 0.456811 | V12: 0.455971 | W12: 0.45553 | X12: 0.455459 | Y12: 0.45568 | Z12: 0.456329 | AA12: 0.457722 | AB12: 0.459158 | AC12: 0.460843 | AD12: 0.463004 | AE12: -0.002547
A13: Refrigeration | B13: 0.603352 | C13: 0.601355 | D13: 0.60268 | E13: 0.606446 | F13: 0.609686 | G13: 0.612279 | H13: 0.615204 | I13: 0.618493 | J13: 0.620748 | K13: 0.6239 | L13: 0.62699 | M13: 0.629387 | N13: 0.631325 | O13: 0.633214 | P13: 0.634855 | Q13: 0.636155 | R13: 0.636938 | S13: 0.637474 | T13: 0.637919 | U13: 0.639058 | V13: 0.640294 | W13: 0.641609 | X13: 0.642984 | Y13: 0.644417 | Z13: 0.645996 | AA13: 0.647793 | AB13: 0.649657 | AC13: 0.651697 | AD13: 0.653934 | AE13: 0.002879
A14: Computing | B14: 0.430736 | C14: 0.434585 | D14: 0.439935 | E14: 0.447378 | F14: 0.454369 | G14: 0.460986 | H14: 0.468872 | I14: 0.477159 | J14: 0.486197 | K14: 0.495433 | L14: 0.505082 | M14: 0.514312 | N14: 0.523711 | O14: 0.532915 | P14: 0.542904 | Q14: 0.552165 | R14: 0.562175 | S14: 0.572007 | T14: 0.581746 | U14: 0.591454 | V14: 0.601737 | W14: 0.612648 | X14: 0.623171 | Y14: 0.634406 | Z14: 0.646435 | AA14: 0.658221 | AB14: 0.670737 | AC14: 0.683498 | AD14: 0.69654 | AE14: 0.017313
A15: Office Equipment | B15: 0.174708 | C15: 0.173262 | D15: 0.172777 | E15: 0.173193 | F15: 0.173864 | G15: 0.174594 | H15: 0.175666 | I15: 0.177107 | J15: 0.178874 | K15: 0.180673 | L15: 0.182679 | M15: 0.184498 | N15: 0.185888 | O15: 0.187457 | P15: 0.188627 | Q15: 0.189682 | R15: 0.190608 | S15: 0.190859 | T15: 0.19104 | U15: 0.190877 | V15: 0.19009 | W15: 0.188979 | X15: 0.18755 | Y15: 0.1855 | Z15: 0.183143 | AA15: 0.180174 | AB15: 0.176542 | AC15: 0.172244 | AD15: 0.166953 | AE15: -0.00162
A16: Other Uses 3/ | B16: 1.8215 | C16: 1.853537 | D16: 1.835454 | E16: 1.821644 | F16: 1.820174 | G16: 1.817382 | H16: 1.837756 | I16: 1.859593 | J16: 1.882188 | K16: 1.90582 | L16: 1.929482 | M16: 1.951943 | N16: 1.973375 | O16: 1.994686 | P16: 2.015948 | Q16: 2.036447 | R16: 2.056621 | S16: 2.076788 | T16: 2.096851 | U16: 2.117749 | V16: 2.13926 | W16: 2.161906 | X16: 2.185556 | Y16: 2.21069 | Z16: 2.236834 | AA16: 2.264744 | AB16: 2.293979 | AC16: 2.324365 | AD16: 2.356389 | AE16: 0.009238
A17: Electricity Subtotal | B17: 4.715115 | C17: 4.660196 | D17: 4.703229 | E17: 4.706833 | F17: 4.719758 | G17: 4.728219 | H17: 4.761503 | I17: 4.796856 | J17: 4.826465 | K17: 4.859533 | L17: 4.893326 | M17: 4.92136 | N17: 4.946467 | O17: 4.972676 | P17: 4.99922 | Q17: 5.022711 | R17: 5.044183 | S17: 5.063434 | T17: 5.086228 | U17: 5.112185 | V17: 5.139875 | W17: 5.170059 | X17: 5.201613 | Y17: 5.235871 | Z17: 5.273718 | AA17: 5.314649 | AB17: 5.357429 | AC17: 5.401831 | AD17: 5.448982 | AE17: 0.00518
A18: On-site Generation for Own Use | B18: 0.120598 | C18: 0.141293 | D18: 0.157796 | E18: 0.171057 | F18: 0.178473 | G18: 0.187182 | H18: 0.194703 | I18: 0.206329 | J18: 0.214666 | K18: 0.223006 | L18: 0.230468 | M18: 0.241354 | N18: 0.252853 | O18: 0.259646 | P18: 0.271905 | Q18: 0.279236 | R18: 0.289649 | S18: 0.299346 | T18: 0.307959 | U18: 0.31545 | V18: 0.321735 | W18: 0.327236 | X18: 0.332311 | Y18: 0.337295 | Z18: 0.345774 | AA18: 0.34869 | AB18: 0.35358 | AC18: 0.356073 | AD18: 0.357791 | AE18: 0.039603
A19: Purchased Electricity | B19: 4.594516 | C19: 4.518903 | D19: 4.545434 | E19: 4.535777 | F19: 4.541285 | G19: 4.541036 | H19: 4.5668 | I19: 4.590527 | J19: 4.611798 | K19: 4.636527 | L19: 4.662858 | M19: 4.680006 | N19: 4.693614 | O19: 4.71303 | P19: 4.727315 | Q19: 4.743475 | R19: 4.754533 | S19: 4.764088 | T19: 4.77827 | U19: 4.796735 | V19: 4.818141 | W19: 4.842824 | X19: 4.869302 | Y19: 4.898576 | Z19: 4.927944 | AA19: 4.965959 | AB19: 5.003849 | AC19: 5.045757 | AD19: 5.091191 | AE19: 0.003673
B21: 1/ Unless otherwise specified, energy consumption by end use includes all electricity consumed for that end use,
B22: including purchased electricity and on-site generation for own use.
B23: 2/ Includes fuel consumption for district services.
B24: 3/ Includes (but is not limited to) miscellaneous uses such as transformers, medical imaging and other medical equipment, elevators,
B25: escalators, off-road electric vehicles, laboratory fume hoods, laundry equipment, coffee brewers, and water services.
B26: 4/ Includes miscellaneous uses, such as emergency generators, combined heat and power in commercial buildings, and manufacturing
B27: performed in commercial buildings.
B28: 5/ Includes miscellaneous uses, such as cooking, emergency generators, and combined heat and power in commercial buildings.
B29: 6/ Includes residual fuel oil, propane, coal, motor gasoline, and kerosene.
B30: 7/ Includes (but is not limited to) miscellaneous uses such as transformers, medical imaging and other medical equipment, elevators,
B31: escalators, off-road electric vehicles, laboratory fume hoods, laundry equipment, coffee brewers, water services, emergency generators,
B32: combined heat and power in commercial buildings, manufacturing performed in commercial buildings, and cooking (distillate). Also
... B39: National Energy Modeling System run ref2023.d020623a. Projections: EIA, AEO2023 National Energy Modeling System run ref2023.d020623a.
B58: 2024 | C58: 2025 | D58: 2026 | E58: 2027 | F58: 2028 | G58: 2029 | H58: 2030 | I58: 2031 | J58: 2032 | K58: 2033 | L58: 2034 | M58: 2035 | N58: 2036 | O58: 2037 | P58: 2038 | Q58: 2039 | R58: 2040 | S58: 2041 | T58: 2042 | U58: 2043 | V58: 2044 | W58: 2045 | X58: 2046 | Y58: 2047 | Z58: 2048 | AA58: 2049 | AB58: 2050
A59: Data Center Related Demand | B59: =B10+B14+B16 -> 2.671029 | C59: =C10+C14+C16 -> 2.696013 | D59: =D10+D14+D16 -> 2.675408 | E59: =E10+E14+E16 -> 2.663307 | F59: =F10+F14+F16 -> 2.662683 | G59: =G10+G14+G16 -> 2.659563 | H59: =H10+H14+H16 -> 2.680577 | I59: =I10+I14+I16 -> 2.703246 | ... AB59: =AB10+AB14+AB16 -> 3.204309

Sheet Compare AEO Projections
B1: Difference | C1: 2024 | D1: 2025 | E1: 2026 | F1: 2027 | G1: 2028 | H1: 2029 | I1: 2030 | J1: 2031 | K1: 2032 | L1: 2033 | M1: 2034 | N1: 2035 | O1: 2036 | P1: 2037 | Q1: 2038 | R1: 2039 | S1: 2040 | T1: 2041 | U1: 2042 | V1: 2043 | W1: 2044 | X1: 2045 | Y1: 2046 | Z1: 2047 | AA1: 2048 | AB1: 2049 | AC1: 2050
A2: ='AEO 2023 Table 5'!A7 -> Space Heating 2/ | B2: ='AEO 2025 Table 5'!A11 -> Space Heating 3/ | C2: ='AEO 2025 Table 5'!B11-'AEO 2023 Table 5'!D7 -> 0.075661154 | D2: ='AEO 2025 Table 5'!C11-'AEO 2023 Table 5'!E7 -> 0.086887245 | E2: ='AEO 2025 Table 5'!D11-'AEO 2023 Table 5'!F7 -> 0.086923511 | F2: ='AEO 2025 Table 5'!E11-'AEO 2023 Table 5'!G7 -> 0.088248938 | G2: ='AEO 2025 Table 5'!F11-'AEO 2023 Table 5'!H7 -> 0.088698121 | H2: ='AEO 2025 Table 5'!G11-'AEO 2023 Table 5'!I7 -> 0.088188383 | I2: ='AEO 2025 Table 5'!H11-'AEO 2023 Table 5'!J7 -> 0.087461863 | J2: ='AEO 2025 Table 5'!I11-'AEO 2023 Table 5'!K7 -> 0.086480866 | ... AC2: ='AEO 2025 Table 5'!AB11-'AEO 2023 Table 5'!AD7 -> 0.079122046
A3: ='AEO 2023 Table 5'!A8 -> Space Cooling 2/ | B3: ='AEO 2025 Table 5'!A12 -> Space Cooling 3/ 4/ | C3: ='AEO 2025 Table 5'!B12-'AEO 2023 Table 5'!D8 -> 0.022041346 | D3: ='AEO 2025 Table 5'!C12-'AEO 2023 Table 5'!E8 -> -0.004692193 | E3: ='AEO 2025 Table 5'!D12-'AEO 2023 Table 5'!F8 -> -0.00089474821 | F3: ='AEO 2025 Table 5'!E12-'AEO 2023 Table 5'!G8 -> 0.0063265405 | G3: ='AEO 2025 Table 5'!F12-'AEO 2023 Table 5'!H8 -> 0.010618759 | H3: ='AEO 2025 Table 5'!G12-'AEO 2023 Table 5'!I8 -> 0.011157717 | I3: ='AEO 2025 Table 5'!H12-'AEO 2023 Table 5'!J8 -> 0.010678512 | J3: ='AEO 2025 Table 5'!I12-'AEO 2023 Table 5'!K8 -> 0.0097295917 | ... AC3: ='AEO 2025 Table 5'!AB12-'AEO 2023 Table 5'!AD8 -> 0.080401626
A4: ='AEO 2023 Table 5'!A9 -> Water Heating 2/ | B4: ='AEO 2025 Table 5'!A13 -> Water Heating 3/ | C4: ='AEO 2025 Table 5'!B13-'AEO 2023 Table 5'!D9 -> 0.051359571 | D4: ='AEO 2025 Table 5'!C13-'AEO 2023 Table 5'!E9 -> 0.05118784 | E4: ='AEO 2025 Table 5'!D13-'AEO 2023 Table 5'!F9 -> 0.051527577 | F4: ='AEO 2025 Table 5'!E13-'AEO 2023 Table 5'!G9 -> 0.052139341 | G4: ='AEO 2025 Table 5'!F13-'AEO 2023 Table 5'!H9 -> 0.052368821 | H4: ='AEO 2025 Table 5'!G13-'AEO 2023 Table 5'!I9 -> 0.052117458 | I4: ='AEO 2025 Table 5'!H13-'AEO 2023 Table 5'!J9 -> 0.051607461 | J4: ='AEO 2025 Table 5'!I13-'AEO 2023 Table 5'!K9 -> 0.05096981 | ... AC4: ='AEO 2025 Table 5'!AB13-'AEO 2023 Table 5'!AD9 -> 0.04265559
A5: ='AEO 2023 Table 5'!A10 -> Ventilation | B5: ='AEO 2025 Table 5'!A14 -> Ventilation 4/ | C5: ='AEO 2025 Table 5'!B14-'AEO 2023 Table 5'!D10 -> 0.34460013 | D5: ='AEO 2025 Table 5'!C14-'AEO 2023 Table 5'!E10 -> 0.36221042 | E5: ='AEO 2025 Table 5'!D14-'AEO 2023 Table 5'!F10 -> 0.38488551 | F5: ='AEO 2025 Table 5'!E14-'AEO 2023 Table 5'!G10 -> 0.41356868 | G5: ='AEO 2025 Table 5'!F14-'AEO 2023 Table 5'!H10 -> 0.43885862 | H5: ='AEO 2025 Table 5'!G14-'AEO 2023 Table 5'!I10 -> 0.45919621 | I5: ='AEO 2025 Table 5'!H14-'AEO 2023 Table 5'!J10 -> 0.47460242 | J5: ='AEO 2025 Table 5'!I14-'AEO 2023 Table 5'!K10 -> 0.48928599 | ... AC5: ='AEO 2025 Table 5'!AB14-'AEO 2023 Table 5'!AD10 -> 0.81438051
A6: ='AEO 2023 Table 5'!A11 -> Cooking | B6: ='AEO 2025 Table 5'!A15 -> Cooking | C6: ='AEO 2025 Table 5'!B15-'AEO 2023 Table 5'!D11 -> 0.0025702095 | D6: ='AEO 2025 Table 5'!C15-'AEO 2023 Table 5'!E11 -> 0.0022695941 | E6: ='AEO 2025 Table 5'!D15-'AEO 2023 Table 5'!F11 -> 0.0024034093 | F6: ='AEO 2025 Table 5'!E15-'AEO 2023 Table 5'!G11 -> 0.0032362797 | G6: ='AEO 2025 Table 5'!F15-'AEO 2023 Table 5'!H11 -> 0.0037176973 | H6: ='AEO 2025 Table 5'!G15-'AEO 2023 Table 5'!I11 -> 0.0037074458 | I6: ='AEO 2025 Table 5'!H15-'AEO 2023 Table 5'!J11 -> 0.0034851204 | J6: ='AEO 2025 Table 5'!I15-'AEO 2023 Table 5'!K11 -> 0.003158376 | ... AC6: ='AEO 2025 Table 5'!AB15-'AEO 2023 Table 5'!AD11 -> 0.0054320322
A7: ='AEO 2023 Table 5'!A12 -> Lighting | B7: ='AEO 2025 Table 5'!A16 -> Lighting | C7: ='AEO 2025 Table 5'!B16-'AEO 2023 Table 5'!D12 -> 0.089799723 | D7: ='AEO 2025 Table 5'!C16-'AEO 2023 Table 5'!E12 -> 0.07643111 | E7: ='AEO 2025 Table 5'!D16-'AEO 2023 Table 5'!F12 -> 0.071924681 | F7: ='AEO 2025 Table 5'!E16-'AEO 2023 Table 5'!G12 -> 0.074415282 | G7: ='AEO 2025 Table 5'!F16-'AEO 2023 Table 5'!H12 -> 0.075894075 | H7: ='AEO 2025 Table 5'!G16-'AEO 2023 Table 5'!I12 -> 0.074617923 | I7: ='AEO 2025 Table 5'!H16-'AEO 2023 Table 5'!J12 -> 0.067274164 | J7: ='AEO 2025 Table 5'!I16-'AEO 2023 Table 5'!K12 -> 0.060384911 | ... AC7: ='AEO 2025 Table 5'!AB16-'AEO 2023 Table 5'!AD12 -> 0.038873367
A8: ='AEO 2023 Table 5'!A13 -> Refrigeration | B8: ='AEO 2025 Table 5'!A17 -> Refrigeration | C8: ='AEO 2025 Table 5'!B17-'AEO 2023 Table 5'!D13 -> -0.23537985 | D8: ='AEO 2025 Table 5'!C17-'AEO 2023 Table 5'!E13 -> -0.23784352 | E8: ='AEO 2025 Table 5'!D17-'AEO 2023 Table 5'!F13 -> -0.23895241 | F8: ='AEO 2025 Table 5'!E17-'AEO 2023 Table 5'!G13 -> -0.23790509 | G8: ='AEO 2025 Table 5'!F17-'AEO 2023 Table 5'!H13 -> -0.23755201 | H8: ='AEO 2025 Table 5'!G17-'AEO 2023 Table 5'!I13 -> -0.23843203 | I8: ='AEO 2025 Table 5'!H17-'AEO 2023 Table 5'!J13 -> -0.23994731 | J8: ='AEO 2025 Table 5'!I17-'AEO 2023 Table 5'!K13 -> -0.24209866 | ... AC8: ='AEO 2025 Table 5'!AB17-'AEO 2023 Table 5'!AD13 -> -0.22843337
A9: ='AEO 2023 Table 5'!A14 -> Computing | B9: ='AEO 2025 Table 5'!A18 -> Computing 4/ 5/ | C9: ='AEO 2025 Table 5'!B18-'AEO 2023 Table 5'!D14 -> -0.098911644 | D9: ='AEO 2025 Table 5'!C18-'AEO 2023 Table 5'!E14 -> -0.090030899 | E9: ='AEO 2025 Table 5'!D18-'AEO 2023 Table 5'!F14 -> -0.079007498 | F9: ='AEO 2025 Table 5'!E18-'AEO 2023 Table 5'!G14 -> -0.066098106 | G9: ='AEO 2025 Table 5'!F18-'AEO 2023 Table 5'!H14 -> -0.05354916 | H9: ='AEO 2025 Table 5'!G18-'AEO 2023 Table 5'!I14 -> -0.041740335 | I9: ='AEO 2025 Table 5'!H18-'AEO 2023 Table 5'!J14 -> -0.030580973 | J9: ='AEO 2025 Table 5'!I18-'AEO 2023 Table 5'!K14 -> -0.018866298 | ... AC9: ='AEO 2025 Table 5'!AB18-'AEO 2023 Table 5'!AD14 -> 0.45704746
A10: ='AEO 2023 Table 5'!A15 -> Office Equipment | B10: ='AEO 2025 Table 5'!A19 -> Office Equipment | C10: ='AEO 2025 Table 5'!B19-'AEO 2023 Table 5'!D15 -> -0.12954512 | D10: ='AEO 2025 Table 5'!C19-'AEO 2023 Table 5'!E15 -> -0.12988977 | E10: ='AEO 2025 Table 5'!D19-'AEO 2023 Table 5'!F15 -> -0.13034374 | F10: ='AEO 2025 Table 5'!E19-'AEO 2023 Table 5'!G15 -> -0.13070644 | G10: ='AEO 2025 Table 5'!F19-'AEO 2023 Table 5'!H15 -> -0.13133215 | H10: ='AEO 2025 Table 5'!G19-'AEO 2023 Table 5'!I15 -> -0.13239646 | I10: ='AEO 2025 Table 5'!H19-'AEO 2023 Table 5'!J15 -> -0.13384342 | J10: ='AEO 2025 Table 5'!I19-'AEO 2023 Table 5'!K15 -> -0.13530292 | ... AC10: ='AEO 2025 Table 5'!AB19-'AEO 2023 Table 5'!AD15 -> -0.12250382
A11: ='AEO 2023 Table 5'!A16 -> Other Uses 3/ | B11: ='AEO 2025 Table 5'!A20 -> Other Uses 4/ 6/ | C11: ='AEO 2025 Table 5'!B20-'AEO 2023 Table 5'!D16 -> 0.065655815 | D11: ='AEO 2025 Table 5'!C20-'AEO 2023 Table 5'!E16 -> 0.15705306 | E11: ='AEO 2025 Table 5'!D20-'AEO 2023 Table 5'!F16 -> 0.08871136 | F11: ='AEO 2025 Table 5'!E20-'AEO 2023 Table 5'!G16 -> 0.077747085 | G11: ='AEO 2025 Table 5'!F20-'AEO 2023 Table 5'!H16 -> 0.041485586 | H11: ='AEO 2025 Table 5'!G20-'AEO 2023 Table 5'!I16 -> 0.054088626 | I11: ='AEO 2025 Table 5'!H20-'AEO 2023 Table 5'!J16 -> 0.062525473 | J11: ='AEO 2025 Table 5'!I20-'AEO 2023 Table 5'!K16 -> 0.069078815 | ... AC11: ='AEO 2025 Table 5'!AB20-'AEO 2023 Table 5'!AD16 -> 0.36447506
B13: Demand Growth Attributable to Data Centers | C13: =C11+C9+C5 -> 0.3113443 | D13: =D11+D9+D5 -> 0.42923258 | E13: =E11+E9+E5 -> 0.39458937 | F13: =F11+F9+F5 -> 0.42521766 | G13: =G11+G9+G5 -> 0.42679505 | H13: =H11+H9+H5 -> 0.4715445 | I13: =I11+I9+I5 -> 0.50654692 | J13: =J11+J9+J5 -> 0.53949851 | ... AC13: =AC11+AC9+AC5 -> 1.635903
A15: this data filters into BCEU
AB19: https://onlocationinc.com/news/2025/07/aeo-2025-trends-growing-electricity-demand-from-data-centers/
AB20: In AEO 2025, electricity use from data center-related end uses is projected to increase approximately 90 TWh by 2030 and reach 440 TWh above the 2022 baseline by 2050. These levels are substantial but land on the conservative side compared to the LBNL projections, especially in the near term.
AB21: total commercial electricity use from data center-related end uses (computing, cooling, ventilation, and others) in both AEO 2023 and AEO 2025. The AEO 2025 projection is higher starting in 2022, and the gap widens over time. We infer that this difference primarily represents data center demands.
B37: Btus per kWh | C37: 3412
C39: 2024 | D39: 2025 | E39: 2026 | F39: 2027 | G39: 2028 | H39: 2029 | I39: 2030 | J39: 2031 | K39: 2032 | L39: 2033 | M39: 2034 | N39: 2035 | O39: 2036 | P39: 2037 | Q39: 2038 | R39: 2039 | S39: 2040 | T39: 2041 | U39: 2042 | V39: 2043 | W39: 2044 | X39: 2045 | Y39: 2046 | Z39: 2047 | AA39: 2048 | AB39: 2049 | AC39: 2050
B40: AEO 2025 Data Center Growth (TWh) | C40: =C13*10^15/$C$37/10^9 -> 91.249795 | D40: =D13*10^15/$C$37/10^9 -> 125.80087 | E40: =E13*10^15/$C$37/10^9 -> 115.64753 | F40: =F13*10^15/$C$37/10^9 -> 124.62417 | G40: =G13*10^15/$C$37/10^9 -> 125.08647 | H40: =H13*10^15/$C$37/10^9 -> 138.20179 | I40: =I13*10^15/$C$37/10^9 -> 148.46041 | J40: =J13*10^15/$C$37/10^9 -> 158.11797 | ... AC40: =AC13*10^15/$C$37/10^9 -> 479.45575
C42: 2025 | D42: =C42+5 -> 2030 | E42: 2035 | F42: 2040 | G42: 2050
B43: TWh | C43: =HLOOKUP(C42,$C$39:$AC$40,2,FALSE) -> 125.80087 | D43: =HLOOKUP(D42,$C$39:$AC$40,2,FALSE) -> 148.46041 | E43: =HLOOKUP(E42,$C$39:$AC$40,2,FALSE) -> 206.43316 | F43: =HLOOKUP(F42,$C$39:$AC$40,2,FALSE) -> 291.92731 | G43: =HLOOKUP(G42,$C$39:$AC$40,2,FALSE) -> 479.45575
B45: 2035 | C45: EPS | D45: Evolved Energy 2024
B46: Data center growth | C46: 0 | D46: 693
B47: Hydrogen electrolysis | C47: 233 | D47: 422
B48: All other end uses | C48: 4769 | D48: 4865
B62: Data Center Related Demand | C62: 2024 | D62: 2025 | E62: 2026 | F62: 2027 | G62: 2028 | H62: 2029 | I62: 2030 | J62: 2031 | K62: 2032 | L62: 2033 | M62: 2034 | N62: 2035 | O62: 2036 | P62: 2037 | Q62: 2038 | R62: 2039 | S62: 2040 | T62: 2041 | U62: 2042 | V62: 2043 | W62: 2044 | X62: 2045 | Y62: 2046 | Z62: 2047 | AA62: 2048 | AB62: 2049 | AC62: 2050
B63: AEO 2023 | C63: ='AEO 2023 Table 5'!B59 -> 2.671029 | D63: ='AEO 2023 Table 5'!C59 -> 2.696013 | E63: ='AEO 2023 Table 5'!D59 -> 2.675408 | F63: ='AEO 2023 Table 5'!E59 -> 2.663307 | G63: ='AEO 2023 Table 5'!F59 -> 2.662683 | H63: ='AEO 2023 Table 5'!G59 -> 2.659563 | I63: ='AEO 2023 Table 5'!H59 -> 2.680577 | J63: ='AEO 2023 Table 5'!I59 -> 2.703246 | ... AC63: ='AEO 2023 Table 5'!AB59 -> 3.204309
B64: AEO 2025 | C64: ='AEO 2025 Table 5'!B59 -> 2.9867523 | D64: ='AEO 2025 Table 5'!C59 -> 3.0925396 | E64: ='AEO 2025 Table 5'!D59 -> 3.0572724 | F64: ='AEO 2025 Table 5'!E59 -> 3.0847807 | G64: ='AEO 2025 Table 5'!F59 -> 3.107372 | H64: ='AEO 2025 Table 5'!G59 -> 3.1747905 | I64: ='AEO 2025 Table 5'!H59 -> 3.2333429 | J64: ='AEO 2025 Table 5'!I59 -> 3.2914175 | ... AC64: ='AEO 2025 Table 5'!AB59 -> 4.920091

Sheet Rhodium Group Projections
A3: Slope (2025-2035) | B3: Scenario | C3: 2022 | D3: 2023 | E3: 2024 | F3: 2025 | G3: 2026 | H3: 2027 | I3: 2028 | J3: 2029 | K3: 2030 | L3: 2031 | M3: 2032 | N3: 2033 | O3: 2034 | P3: 2035 | Q3: =P3+1 -> 2036 | R3: =Q3+1 -> 2037 | S3: =R3+1 -> 2038 | T3: =S3+1 -> 2039 | U3: =T3+1 -> 2040 | V3: =U3+1 -> 2041 | W3: =V3+1 -> 2042 | X3: =W3+1 -> 2043 | ... AE3: =AD3+1 -> 2050
A4: =SLOPE(F4:P4,F$3:P$3) -> 30.125 | B4: High growth | C4: 0 | D4: 30.125 | E4: 60.25 | F4: 90.375 | G4: 120.5 | H4: 150.625 | I4: 180.75 | J4: 210.875 | K4: 241 | L4: 271.125 | M4: 301.25 | N4: 331.375 | O4: 361.5 | P4: 391.625 | Q4: =P4+$A4/2 -> 406.6875 | R4: =Q4+$A4/2 -> 421.75 | S4: =R4+$A4/2 -> 436.8125 | T4: =S4+$A4/2 -> 451.875 | U4: =T4+$A4/2 -> 466.9375 | V4: =U4+$A4/2 -> 482 | W4: =V4+$A4/2 -> 497.0625 | X4: =W4+$A4/2 -> 512.125 | ... AE4: =AD4+$A4/2 -> 617.5625
A5: =SLOPE(F5:P5,F$3:P$3) -> 15.875 | B5: Low growth | C5: 0 | D5: 15.875 | E5: 31.75 | F5: 47.625 | G5: 63.5 | H5: 79.375 | I5: 95.25 | J5: 111.125 | K5: 127 | L5: 142.875 | M5: 158.75 | N5: 174.625 | O5: 190.5 | P5: 206.375 | Q5: =P5+$A5/2 -> 214.3125 | R5: =Q5+$A5/2 -> 222.25 | S5: =R5+$A5/2 -> 230.1875 | T5: =S5+$A5/2 -> 238.125 | U5: =T5+$A5/2 -> 246.0625 | V5: =U5+$A5/2 -> 254 | W5: =V5+$A5/2 -> 261.9375 | X5: =W5+$A5/2 -> 269.875 | ... AE5: =AD5+$A5/2 -> 325.4375
A6: =SLOPE(F6:P6,F$3:P$3) -> 20.795 | B6: Mid growth | C6: 0 | D6: 20.795 | E6: 41.59 | F6: 62.385 | G6: 83.18 | H6: 103.975 | I6: 124.77 | J6: 145.565 | K6: 166.36 | L6: 187.155 | M6: 207.95 | N6: 228.745 | O6: 249.54 | P6: 270.335 | Q6: =P6+$A6/2 -> 280.7325 | R6: =Q6+$A6/2 -> 291.13 | S6: =R6+$A6/2 -> 301.5275 | T6: =S6+$A6/2 -> 311.925 | U6: =T6+$A6/2 -> 322.3225 | V6: =U6+$A6/2 -> 332.72 | W6: =V6+$A6/2 -> 343.1175 | X6: =W6+$A6/2 -> 353.515 | ... AE6: =AD6+$A6/2 -> 426.2975

Sheet BDCL-low
A1: Year | B1: 2021 | C1: 2022 | D1: 2023 | E1: 2024 | F1: 2025 | G1: 2026 | H1: 2027 | I1: 2028 | J1: 2029 | K1: 2030 | L1: 2031 | M1: 2032 | N1: 2033 | O1: 2034 | P1: 2035 | Q1: 2036 | R1: 2037 | S1: 2038 | T1: 2039 | U1: 2040 | V1: 2041 | W1: 2042 | X1: 2043 | Y1: 2044 | Z1: 2045 | AA1: 2046 | AB1: 2047 | AC1: 2048 | AD1: 2049 | AE1: 2050 | AF1: 2051 | AG1: 2052 | AH1: 2053 | AI1: 2054 | AJ1: 2055 | AK1: 2056 | AL1: 2057 | AM1: 2058 | AN1: 2059 | AO1: 2060 | AP1: 2061 | AQ1: 2062 | AR1: 2063 | AS1: 2064 | AT1: 2065 | AU1: 2066 | AV1: 2067 | AW1: 2068 | AX1: 2069 | AY1: 2070
A2: electricity (MWh) | B2: 0 | C2: 0 | D2: 0 | E2: 0 | F2: 0 | G2: 0 | H2: 0 | I2: 0 | J2: 0 | K2: 0 | L2: 0 | M2: 0 | N2: 0 | O2: 0 | P2: 0 | Q2: 0 | R2: 0 | S2: 0 | T2: 0 | U2: 0 | V2: 0 | W2: 0 | X2: 0 | Y2: 0 | Z2: 0 | AA2: 0 | AB2: 0 | AC2: 0 | AD2: 0 | AE2: 0 | AF2: 0 | AG2: 0 | AH2: 0 | AI2: 0 | AJ2: 0 | AK2: 0 | AL2: 0 | AM2: 0 | AN2: 0 | AO2: 0 | AP2: 0 | AQ2: 0 | AR2: 0 | AS2: 0 | AT2: 0 | AU2: 0 | AV2: 0 | AW2: 0 | AX2: 0 | AY2: 0

Sheet BDCL-mid
A1: Year | B1: 2021 | C1: 2022 | D1: 2023 | E1: 2024 | F1: 2025 | G1: 2026 | H1: 2027 | I1: 2028 | J1: 2029 | K1: 2030 | L1: 2031 | M1: 2032 | N1: 2033 | O1: 2034 | P1: 2035 | Q1: 2036 | R1: 2037 | S1: 2038 | T1: 2039 | U1: 2040 | V1: 2041 | W1: 2042 | X1: 2043 | Y1: 2044 | Z1: 2045 | AA1: 2046 | AB1: 2047 | AC1: 2048 | AD1: 2049 | AE1: 2050 | AF1: 2051 | AG1: 2052 | AH1: 2053 | AI1: 2054 | AJ1: 2055 | AK1: 2056 | AL1: 2057 | AM1: 2058 | AN1: 2059 | AO1: 2060 | AP1: 2061 | AQ1: 2062 | AR1: 2063 | AS1: 2064 | AT1: 2065 | AU1: 2066 | AV1: 2067 | AW1: 2068 | AX1: 2069 | AY1: 2070
A2: electricity (MWh) | B2: 0 | C2: 0 | D2: 0 | E2: 0 | F2: 0 | G2: 0 | H2: 0 | I2: 0 | J2: 0 | K2: 0 | L2: 0 | M2: 0 | N2: 0 | O2: 0 | P2: 0 | Q2: 0 | R2: 0 | S2: 0 | T2: 0 | U2: 0 | V2: 0 | W2: 0 | X2: 0 | Y2: 0 | Z2: 0 | AA2: 0 | AB2: 0 | AC2: 0 | AD2: 0 | AE2: 0 | AF2: 0 | AG2: 0 | AH2: 0 | AI2: 0 | AJ2: 0 | AK2: 0 | AL2: 0 | AM2: 0 | AN2: 0 | AO2: 0 | AP2: 0 | AQ2: 0 | AR2: 0 | AS2: 0 | AT2: 0 | AU2: 0 | AV2: 0 | AW2: 0 | AX2: 0 | AY2: 0

Sheet BDCL-high
A1: Year | B1: 2021 | C1: 2022 | D1: 2023 | E1: 2024 | F1: 2025 | G1: 2026 | H1: 2027 | I1: 2028 | J1: 2029 | K1: 2030 | L1: 2031 | M1: 2032 | N1: 2033 | O1: 2034 | P1: 2035 | Q1: 2036 | R1: 2037 | S1: 2038 | T1: 2039 | U1: 2040 | V1: 2041 | W1: 2042 | X1: 2043 | Y1: 2044 | Z1: 2045 | AA1: 2046 | AB1: 2047 | AC1: 2048 | AD1: 2049 | AE1: 2050 | AF1: 2051 | AG1: 2052 | AH1: 2053 | AI1: 2054 | AJ1: 2055 | AK1: 2056 | AL1: 2057 | AM1: 2058 | AN1: 2059 | AO1: 2060 | AP1: 2061 | AQ1: 2062 | AR1: 2063 | AS1: 2064 | AT1: 2065 | AU1: 2066 | AV1: 2067 | AW1: 2068 | AX1: 2069 | AY1: 2070
A2: electricity (MWh) | B2: 0 | C2: 0 | D2: 0 | E2: 0 | F2: 0 | G2: 0 | H2: 0 | I2: 0 | J2: 0 | K2: 0 | L2: 0 | M2: 0 | N2: 0 | O2: 0 | P2: 0 | Q2: 0 | R2: 0 | S2: 0 | T2: 0 | U2: 0 | V2: 0 | W2: 0 | X2: 0 | Y2: 0 | Z2: 0 | AA2: 0 | AB2: 0 | AC2: 0 | AD2: 0 | AE2: 0 | AF2: 0 | AG2: 0 | AH2: 0 | AI2: 0 | AJ2: 0 | AK2: 0 | AL2: 0 | AM2: 0 | AN2: 0 | AO2: 0 | AP2: 0 | AQ2: 0 | AR2: 0 | AS2: 0 | AT2: 0 | AU2: 0 | AV2: 0 | AW2: 0 | AX2: 0 | AY2: 0
