Workbook
Name income: #REF!
Name Range_EV: #REF!
Name range_ICE: #REF!

Sheet About
A1: BNoEVC BAU Number of Gas Pumps
A3: Source: | B3: Number of Gas pumps
B4: Petro Intelligence
B5: 2019-204
B6: https://petrointelligence.com/files/fotografias_del_sector_gasolinero_en_mexico/diciembre_2024.pdf
A9: Notes
A10: We apply the observed grow rate between 2019-2024, to the period 2025-2035.
A11: Afterwards its kept constant.

Sheet Hist data
B1: Historic data | H1: Projected data
A2: Year | B2: 2019 | C2: 2020 | D2: 2021 | E2: 2022 | F2: 2023 | G2: 2024 | H2: 2025 | I2: 2026 | J2: 2027 | K2: 2028 | L2: 2029 | M2: 2030 | N2: 2031 | O2: 2032 | P2: 2033 | Q2: 2034 | R2: 2035
A3: Number of gas pumps | B3: 12607 | C3: 12769 | D3: 12884 | E3: 13389 | F3: 13633 | G3: 13837 | H3: 14111.2 | I3: 14375.4 | J3: 14639.6 | K3: 14903.8 | L3: 15168 | M3: 15432.2 | N3: 15696.4 | O3: 15960.6 | P3: 16224.8 | Q3: 16489 | R3: 16753.2

Sheet BNoGP
A1: Number of chargers | B1: 2021 | C1: 2022 | D1: 2023 | E1: 2024 | F1: 2025 | G1: 2026 | H1: 2027 | I1: 2028 | J1: 2029 | K1: 2030 | L1: 2031 | M1: 2032 | N1: 2033 | O1: 2034 | P1: 2035 | Q1: 2036 | R1: 2037 | S1: 2038 | T1: 2039 | U1: 2040 | V1: 2041 | W1: 2042 | X1: 2043 | Y1: 2044 | Z1: 2045 | AA1: 2046 | AB1: 2047 | AC1: 2048 | AD1: 2049 | AE1: 2050 | AF1: 2051 | AG1: 2052 | AH1: 2053 | AI1: 2054 | AJ1: 2055 | AK1: 2056 | AL1: 2057 | AM1: 2058 | AN1: 2059 | AO1: 2060 | AP1: 2061 | AQ1: 2062 | AR1: 2063 | AS1: 2064 | AT1: 2065 | AU1: 2066 | AV1: 2067 | AW1: 2068 | AX1: 2069 | AY1: 2070
A2: BAU Gas Pumps | B2: ='Hist data'!D3 -> 12884 | C2: ='Hist data'!E3 -> 13389 | D2: ='Hist data'!F3 -> 13633 | E2: ='Hist data'!G3 -> 13837 | F2: ='Hist data'!H3 -> 14111.2 | G2: ='Hist data'!I3 -> 14375.4 | H2: ='Hist data'!J3 -> 14639.6 | I2: ='Hist data'!K3 -> 14903.8 | ... P2: ='Hist data'!R3 -> 16753.2 | Q2: =P2 -> 16753.2 | R2: =Q2 -> 16753.2 | S2: =R2 -> 16753.2 | T2: =S2 -> 16753.2 | U2: =T2 -> 16753.2 | V2: =U2 -> 16753.2 | W2: =V2 -> 16753.2 | X2: =W2 -> 16753.2 | ... AY2: =AX2 -> 16753.2
