Workbook
Name income: #REF!
Name Range_EV: #REF!
Name range_ICE: #REF!

Sheet About
A1: BNoEVC BAU Number of EV Chargers
A3: Source: | B3: Number of EV chargers
B4: Lider Empresarial
B5: 2025
B6: EV Charging Stations
B7: https://www.liderempresarial.com/cuantos-cargadores-de-autos-electricos-hay-en-mexico-en-2025/
B9: Target 2040 chargers
B10: Mobility Portal Latinoamerica
B11: 2023
B12: Electric Vehicle Charging Station Targets
B13: https://mobilityportal.lat/infraestructura-de-carga-sre-mexico/
A15: Notes
A16: Currency Conversion | B16: 0.89805482
A17: 2019 to 2012 USD | B17: 0.84730413
A18: 2021 to 2012 USD | B18: 0.785
A19: 2022 to 2012 USD
A21: We assume that prior to the IIJA or IRA, the number of EV ports would slowly grow with time to equal the number of gas pumps by 2050.
A22: We adjust our calculations by an estimated number of public charger additions from both the Infrastructure Investment and Jobs Act
A23: and the Inflation Reduction Act (see tabs for methodology).

Sheet Mexico
C5: 2022 | D5: 2023 | E5: 2024 | F5: 2025 | G5: 2026 | H5: 2027 | I5: 2028 | J5: 2029 | K5: 2030 | L5: 2031 | M5: 2032 | N5: 2033 | O5: 2034 | P5: 2035 | Q5: 2036 | R5: 2037 | S5: 2038 | T5: 2039 | U5: 2040
B6: EV Chargers | C6: =C7+C8 -> 2673 | D6: 3723 | E6: 42915 | F6: =F7+F8 -> 44465.778 | G6: =G7+G8 -> 46032.412 | H6: =H7+H8 -> 47615.22 | I6: =I7+I8 -> 49214.526 | J6: =J7+J8 -> 50830.659 | K6: =K7+K8 -> 52463.956 | L6: =L7+L8 -> 54114.76 | M6: =M7+M8 -> 55783.421 | ... U6: =U7+U8 -> 69819.971
B7: Public | C7: =D7-600 -> 2673 | D7: =E7 -> 3273 | E7: 3273 | F7: =($U7-$E7)/($U$5-$E$5)+E7 -> 4030.9375 | G7: =($U7-$E7)/($U$5-$E$5)+F7 -> 4788.875 | H7: =($U7-$E7)/($U$5-$E$5)+G7 -> 5546.8125 | I7: =($U7-$E7)/($U$5-$E$5)+H7 -> 6304.75 | J7: =($U7-$E7)/($U$5-$E$5)+I7 -> 7062.6875 | K7: =($U7-$E7)/($U$5-$E$5)+J7 -> 7820.625 | L7: =($U7-$E7)/($U$5-$E$5)+K7 -> 8578.5625 | M7: =($U7-$E7)/($U$5-$E$5)+L7 -> 9336.5 | ... T7: =($U7-$E7)/($U$5-$E$5)+S7 -> 14642.062 | U7: 15400 | V7: objetivo puntos públicos
B8: Private | D8: =D6-D7 -> 450 | E8: =E6-E7 -> 39642 | F8: =E8*(1+$F$9) -> 40434.84 | G8: =F8*(1+$F$9) -> 41243.537 | H8: =G8*(1+$F$9) -> 42068.408 | I8: =H8*(1+$F$9) -> 42909.776 | J8: =I8*(1+$F$9) -> 43767.971 | K8: =J8*(1+$F$9) -> 44643.331 | L8: =K8*(1+$F$9) -> 45536.197 | M8: =L8*(1+$F$9) -> 46446.921 | ... U8: =T8*(1+$F$9) -> 54419.971
F9: 0.02 | G9: crecimiento puntos privados
B11: https://mobilityportal.lat/infraestructura-de-carga-sre-mexico/
B12: ¿Cuántos puntos de carga hay y cuántos hacen falta?
B13: Según información recopilada por la empresa XC Power, fabricante, comercializadora e instaladora de soluciones de carga para vehículos eléctricos, hoy en día hacen falta en todo el territorio 15.400 puntos de carga.
B14: De este total, se estima que se cuentan con 3.723 estaciones.
B15: “De continuar así, para 2026 tendremos una cobertura de 26.7% con tan sólo 7.278 puntos de carga de los 27.231 que se deberían tener para satisfacer la demanda”, indican desde la firma.
B17: https://www.liderempresarial.com/cuantos-cargadores-de-autos-electricos-hay-en-mexico-en-2025/
B19: https://es.wired.com/articulos/cuantos-cargadores-electricos-necesita-mexico-en-sus-calles-para-dar-el-salto-a-la-automocion-electrica
B20: La respuesta está firmada por Guillermo García Alcocer, expresidente de la Comisión Reguladora de Energía (CRE), quien durante su participación en un seminario web organizado por la Asociación Mexicana de Proveedores de Estaciones de Servicio (AMPES), dio la cifra aproximada de las electrolineras que México necesita para dar el paso a la automoción eléctrica. Según sus estimaciones, México debe tener, para 2041, alrededor de 38,000 puntos de carga para autos eléctricos para cubrir la demanda y fortalecer una industria que crece.

Sheet BNoEVC
A1: Number of chargers | B1: 2021 | C1: 2022 | D1: 2023 | E1: 2024 | F1: 2025 | G1: 2026 | H1: 2027 | I1: 2028 | J1: 2029 | K1: 2030 | L1: 2031 | M1: 2032 | N1: 2033 | O1: 2034 | P1: 2035 | Q1: 2036 | R1: 2037 | S1: 2038 | T1: 2039 | U1: 2040 | V1: 2041 | W1: 2042 | X1: 2043 | Y1: 2044 | Z1: 2045 | AA1: 2046 | AB1: 2047 | AC1: 2048 | AD1: 2049 | AE1: 2050 | AF1: 2051 | AG1: 2052 | AH1: 2053 | AI1: 2054 | AJ1: 2055 | AK1: 2056 | AL1: 2057 | AM1: 2058 | AN1: 2059 | AO1: 2060 | AP1: 2061 | AQ1: 2062 | AR1: 2063 | AS1: 2064 | AT1: 2065 | AU1: 2066 | AV1: 2067 | AW1: 2068 | AX1: 2069 | AY1: 2070
A2: BAU EV Chargers | B2: =C2 -> 2673 | C2: =Mexico!C6 -> 2673 | D2: =Mexico!D6 -> 3723 | E2: =Mexico!E6 -> 42915 | F2: =Mexico!F6 -> 44465.778 | G2: =Mexico!G6 -> 46032.412 | H2: =Mexico!H6 -> 47615.22 | I2: =Mexico!I6 -> 49214.526 | J2: =Mexico!J6 -> 50830.659 | ... U2: =Mexico!U6 -> 69819.971 | V2: {=TREND($P$2:$U$2,$P$1:$U$1,V$1)} -> 71569.795 | W2: {=TREND($P$2:$U$2,$P$1:$U$1,W$1)} -> 73353.677 | X2: {=TREND($P$2:$U$2,$P$1:$U$1,X$1)} -> 75137.559 | Y2: {=TREND($P$2:$U$2,$P$1:$U$1,Y$1)} -> 76921.442 | Z2: {=TREND($P$2:$U$2,$P$1:$U$1,Z$1)} -> 78705.324 | AA2: {=TREND($P$2:$U$2,$P$1:$U$1,AA$1)} -> 80489.206 | AB2: {=TREND($P$2:$U$2,$P$1:$U$1,AB$1)} -> 82273.089 | AC2: {=TREND($P$2:$U$2,$P$1:$U$1,AC$1)} -> 84056.971 | ... AY2: {=TREND($P$2:$U$2,$P$1:$U$1,AY$1)} -> 123302.38
