Workbook
Name asdf: #REF!
Name cpi_2010to2012: #REF!
Name cpi_2014to2012: #REF!
Name cpi_2019to2012: #REF!
Name cpi_2020to2012: #REF!
Name H2_kg_to_MMBtu: #REF!
Name kWh_to_Btu: #REF!

Sheet About
A1: BPPM Battery Pack Price Multiplier
A3: Sources: | B3: NLR
B4: 2024
B5: Transportation Annual Technology Baseline
B6: https://atb.nrel.gov/transportation/2024/index
B7: Data download
A9: Notes:
A10: We use data from NREL's ATB to apply a multiplier to freight LDV, HDV, and nonroad battery pack prices.

Sheet Transportation ATB
A1: Class Mapping | B1: Technology Mapping | C1: right | D1: scenario | E1: fuel_category | F1: fuel2_category | G1: vehicle_weight_category | H1: vehicle_class | I1: vehicle_powertrain | J1: vehicle_detail | K1: CS(mi/gge) | L1: CD(Wh/mi) | M1: ARB_contribution | N1: EPA55_contribution | O1: EPA65_contribution | P1: ARB_CS(mpgde) | Q1: EPA55_CS(mpgde) | R1: EPA65_CS(mpgde) | S1: ARB_CD(Wh/mi) | T1: EPA55_CD(Wh/mi) | U1: EPA65_CD(Wh/mi) | V1: range(mi) | W1: battery_cost($) | X1: pack_energy(kWh) | Y1: pack price in $/kWh | Z1: usable_energy(kWh) | AA1: fuel_cell_cost($/kW) | AB1: h2_storage_tank_cost($/kgh2) | AC1: vehicle_cost($) | AD1: non-battery cost | AE1: dollar_year | AF1: reference
A2: AEO car | B2: 100-mile electric vehicle | C2: 2023 | D2: Constant | E2: Electricity | G2: Light Duty | H2: Compact | I2: Battery Electric | J2: Battery Electric Vehicle (150-mile range) | K2: 139.9246611826366 | L2: 240.84389 | V2: 150 | W2: 4643.886309310859 | X2: 34.93552896000001 | AC2: 21900.725789825254 | AD2: 14934.896 | AE2: 2022 | AF2: ANL, Autonomie (2023)
A3: AEO car | B3: 100-mile electric vehicle | C3: 2025 | D3: Constant | E3: Electricity | G3: Light Duty | H3: Compact | I3: Battery Electric | J3: Battery Electric Vehicle (150-mile range) | K3: 139.9246611826366 | L3: 240.84389 | V3: 150 | W3: 4643.886309310859 | X3: 34.93552896000001 | AC3: 21900.725789825254 | AD3: 14934.896 | AE3: 2022 | AF3: ANL, Autonomie (2023)
A4: AEO car | B4: 100-mile electric vehicle | C4: 2030 | D4: Constant | E4: Electricity | G4: Light Duty | H4: Compact | I4: Battery Electric | J4: Battery Electric Vehicle (150-mile range) | K4: 139.9246611826366 | L4: 240.84389 | V4: 150 | W4: 4643.886309310859 | X4: 34.93552896000001 | AC4: 21900.725789825254 | AD4: 14934.896 | AE4: 2022 | AF4: ANL, Autonomie (2023)
A5: AEO car | B5: 100-mile electric vehicle | C5: 2035 | D5: Constant | E5: Electricity | G5: Light Duty | H5: Compact | I5: Battery Electric | J5: Battery Electric Vehicle (150-mile range) | K5: 139.9246611826366 | L5: 240.84389 | V5: 150 | W5: 4643.886309310859 | X5: 34.93552896000001 | AC5: 21900.725789825254 | AD5: 14934.896 | AE5: 2022 | AF5: ANL, Autonomie (2023)
A6: AEO car | B6: 100-mile electric vehicle | C6: 2040 | D6: Constant | E6: Electricity | G6: Light Duty | H6: Compact | I6: Battery Electric | J6: Battery Electric Vehicle (150-mile range) | K6: 139.9246611826366 | L6: 240.84389 | V6: 150 | W6: 4643.886309310859 | X6: 34.93552896000001 | AC6: 21900.725789825254 | AD6: 14934.896 | AE6: 2022 | AF6: ANL, Autonomie (2023)
A7: AEO car | B7: 100-mile electric vehicle | C7: 2045 | D7: Constant | E7: Electricity | G7: Light Duty | H7: Compact | I7: Battery Electric | J7: Battery Electric Vehicle (150-mile range) | K7: 139.9246611826366 | L7: 240.84389 | V7: 150 | W7: 4643.886309310859 | X7: 34.93552896000001 | AC7: 21900.725789825254 | AD7: 14934.896 | AE7: 2022 | AF7: ANL, Autonomie (2023)
A8: AEO car | B8: 100-mile electric vehicle | C8: 2050 | D8: Constant | E8: Electricity | G8: Light Duty | H8: Compact | I8: Battery Electric | J8: Battery Electric Vehicle (150-mile range) | K8: 139.9246611826366 | L8: 240.84389 | V8: 150 | W8: 4643.886309310859 | X8: 34.93552896000001 | AC8: 21900.725789825254 | AD8: 14934.896 | AE8: 2022 | AF8: ANL, Autonomie (2023)
A9: AEO car | B9: 100-mile electric vehicle | C9: 2023 | D9: Mid | E9: Electricity | G9: Light Duty | H9: Compact | I9: Battery Electric | J9: Battery Electric Vehicle (150-mile range) | K9: 139.9246611826366 | L9: 240.84389 | V9: 150 | W9: 4643.886309310859 | X9: 34.93552896000001 | AC9: 21900.725789825254 | AD9: 14934.896 | AE9: 2022 | AF9: ANL, Autonomie (2023)
A10: AEO car | B10: 100-mile electric vehicle | C10: 2025 | D10: Mid | E10: Electricity | G10: Light Duty | H10: Compact | I10: Battery Electric | J10: Battery Electric Vehicle (150-mile range) | K10: 151.2676191473047 | L10: 222.78397 | V10: 150 | W10: 3829.0716609024075 | X10: 31.754374 | Y10: =W10/X10 -> 120.58407 | AC10: 20172.67060307931 | AD10: 14429.063 | AE10: 2022 | AF10: ANL, Autonomie (2023)
A11: AEO car | B11: 100-mile electric vehicle | C11: 2030 | D11: Mid | E11: Electricity | G11: Light Duty | H11: Compact | I11: Battery Electric | J11: Battery Electric Vehicle (150-mile range) | K11: 151.2097401324258 | L11: 222.86924 | V11: 150 | W11: 3393.742978032179 | X11: 32.493766 | AC11: 19035.19251861687 | AD11: 13944.578 | AE11: 2022 | AF11: ANL, Autonomie (2023)
A12: AEO car | B12: 100-mile electric vehicle | C12: 2035 | D12: Mid | E12: Electricity | G12: Light Duty | H12: Compact | I12: Battery Electric | J12: Battery Electric Vehicle (150-mile range) | K12: 166.28705 | L12: 202.6616 | V12: 150 | W12: 2741.6400545586794 | X12: 28.875148 | AC12: 17762.88815035337 | AD12: 13650.428 | AE12: 2022 | AF12: ANL, Autonomie (2023)
A13: AEO car | B13: 100-mile electric vehicle | C13: 2040 | D13: Mid | E13: Electricity | G13: Light Duty | H13: Compact | I13: Battery Electric | J13: Battery Electric Vehicle (150-mile range) | K13: 171.65808 | L13: 196.69394523333332 | V13: 150 | W13: 2545.075877318017 | X13: 27.644345 | AC13: 17262.51173089452 | AD13: 13444.898 | AE13: 2022 | AF13: ANL, Autonomie (2023)
A14: AEO car | B14: 100-mile electric vehicle | C14: 2045 | D14: Mid | E14: Electricity | G14: Light Duty | H14: Compact | I14: Battery Electric | J14: Battery Electric Vehicle (150-mile range) | K14: 177.02911 | L14: 190.72628566666666 | V14: 150 | W14: 2348.511700077354 | X14: 26.413541 | AC14: 16762.135311435664 | AD14: 13239.368 | AE14: 2022 | AF14: ANL, Autonomie (2023)
A15: AEO car | B15: 100-mile electric vehicle | C15: 2050 | D15: Mid | E15: Electricity | G15: Light Duty | H15: Compact | I15: Battery Electric | J15: Battery Electric Vehicle (150-mile range) | K15: 182.40014 | L15: 184.75863 | V15: 150 | W15: 2151.9475228366914 | X15: 25.182738 | AC15: 16261.758891976811 | AD15: 13033.838 | AE15: 2022 | AF15: ANL, Autonomie (2023)
A16: AEO car | B16: 100-mile electric vehicle | C16: 2023 | D16: Advanced | E16: Electricity | G16: Light Duty | H16: Compact | I16: Battery Electric | J16: Battery Electric Vehicle (150-mile range) | K16: 151.6302803607349 | L16: 222.25112 | V16: 150 | W16: 3950.974919764476 | X16: 32.009191 | AC16: 20531.574372634237 | AD16: 14605.112 | AE16: 2022 | AF16: ANL, Autonomie (2023)
A17: AEO car | B17: 100-mile electric vehicle | C17: 2025 | D17: Advanced | E17: Electricity | G17: Light Duty | H17: Compact | I17: Battery Electric | J17: Battery Electric Vehicle (150-mile range) | K17: 159.3356596030735 | L17: 211.50319 | V17: 150 | W17: 2714.873154986781 | X17: 30.098144 | AC17: 18090.45905113763 | AD17: 14018.149 | AE17: 2022 | AF17: ANL, Autonomie (2023)
A18: AEO car | B18: 100-mile electric vehicle | C18: 2030 | D18: Advanced | E18: Electricity | G18: Light Duty | H18: Compact | I18: Battery Electric | J18: Battery Electric Vehicle (150-mile range) | K18: 166.4743813463727 | L18: 202.43355 | V18: 150 | W18: 2106.0387060578423 | X18: 29.574599 | AC18: 17487.538697520227 | AD18: 14328.481 | AE18: 2022 | AF18: ANL, Autonomie (2023)
A19: AEO car | B19: 100-mile electric vehicle | C19: 2035 | D19: Advanced | E19: Electricity | G19: Light Duty | H19: Compact | I19: Battery Electric | J19: Battery Electric Vehicle (150-mile range) | K19: 182.0623633491291 | L19: 185.10141 | V19: 150 | W19: 1805.9994615551582 | X19: 27.172735 | AC19: 16900.759518724077 | AD19: 14191.76 | AE19: 2022 | AF19: ANL, Autonomie (2023)
A20: AEO car | B20: 100-mile electric vehicle | C20: 2040 | D20: Advanced | E20: Electricity | G20: Light Duty | H20: Compact | I20: Battery Electric | J20: Battery Electric Vehicle (150-mile range) | K20: 191.21035872909945 | L20: 177.01904386666666 | V20: 150 | W20: 1626.0720327011654 | X20: 25.523984 | AC20: 16602.62252496681 | AD20: 14163.514 | AE20: 2022 | AF20: ANL, Autonomie (2023)
A21: AEO car | B21: 100-mile electric vehicle | C21: 2045 | D21: Advanced | E21: Electricity | G21: Light Duty | H21: Compact | I21: Battery Electric | J21: Battery Electric Vehicle (150-mile range) | K21: 200.35835410906984 | L21: 168.93667863333334 | V21: 150 | W21: 1446.144603847173 | X21: 23.875233 | AC21: 16304.48553120954 | AD21: 14135.269 | AE21: 2022 | AF21: ANL, Autonomie (2023)
A22: AEO car | B22: 100-mile electric vehicle | C22: 2050 | D22: Advanced | E22: Electricity | G22: Light Duty | H22: Compact | I22: Battery Electric | J22: Battery Electric Vehicle (150-mile range) | K22: 209.5063494890402 | L22: 160.85431 | V22: 150 | W22: 1266.2171749931802 | X22: 22.226482 | AC22: 16006.348537452273 | AD22: 14107.023 | AE22: 2022 | AF22: ANL, Autonomie (2023)
A23: AEO car | B23: 200-mile electric vehicle | C23: 2023 | D23: Constant | E23: Electricity | G23: Light Duty | H23: Compact | I23: Battery Electric | J23: Battery Electric Vehicle (200-mile range) | K23: 139.5219198613624 | L23: 241.53911 | V23: 200 | W23: 6136.6730352825725 | X23: 46.165626 | AC23: 24197.52001880242 | AD23: 14992.51 | AE23: 2022 | AF23: ANL, Autonomie (2023)
A24: AEO car | B24: 200-mile electric vehicle | C24: 2025 | D24: Constant | E24: Electricity | G24: Light Duty | H24: Compact | I24: Battery Electric | J24: Battery Electric Vehicle (200-mile range) | K24: 139.5219198613624 | L24: 241.53911 | V24: 200 | W24: 6136.6730352825725 | X24: 46.165626 | AC24: 24197.52001880242 | AD24: 14992.51 | AE24: 2022 | AF24: ANL, Autonomie (2023)
A25: AEO car | B25: 200-mile electric vehicle | C25: 2030 | D25: Constant | E25: Electricity | G25: Light Duty | H25: Compact | I25: Battery Electric | J25: Battery Electric Vehicle (200-mile range) | K25: 139.5219198613624 | L25: 241.53911 | V25: 200 | W25: 6136.6730352825725 | X25: 46.165626 | AC25: 24197.52001880242 | AD25: 14992.51 | AE25: 2022 | AF25: ANL, Autonomie (2023)
A26: AEO car | B26: 200-mile electric vehicle | C26: 2035 | D26: Constant | E26: Electricity | G26: Light Duty | H26: Compact | I26: Battery Electric | J26: Battery Electric Vehicle (200-mile range) | K26: 139.5219198613624 | L26: 241.53911 | V26: 200 | W26: 6136.6730352825725 | X26: 46.165626 | AC26: 24197.52001880242 | AD26: 14992.51 | AE26: 2022 | AF26: ANL, Autonomie (2023)
A27: AEO car | B27: 200-mile electric vehicle | C27: 2040 | D27: Constant | E27: Electricity | G27: Light Duty | H27: Compact | I27: Battery Electric | J27: Battery Electric Vehicle (200-mile range) | K27: 139.5219198613624 | L27: 241.53911 | V27: 200 | W27: 6136.6730352825725 | X27: 46.165626 | AC27: 24197.52001880242 | AD27: 14992.51 | AE27: 2022 | AF27: ANL, Autonomie (2023)
A28: AEO car | B28: 200-mile electric vehicle | C28: 2045 | D28: Constant | E28: Electricity | G28: Light Duty | H28: Compact | I28: Battery Electric | J28: Battery Electric Vehicle (200-mile range) | K28: 139.5219198613624 | L28: 241.53911 | V28: 200 | W28: 6136.6730352825725 | X28: 46.165626 | AC28: 24197.52001880242 | AD28: 14992.51 | AE28: 2022 | AF28: ANL, Autonomie (2023)
A29: AEO car | B29: 200-mile electric vehicle | C29: 2050 | D29: Constant | E29: Electricity | G29: Light Duty | H29: Compact | I29: Battery Electric | J29: Battery Electric Vehicle (200-mile range) | K29: 139.5219198613624 | L29: 241.53911 | V29: 200 | W29: 6136.6730352825725 | X29: 46.165626 | AC29: 24197.52001880242 | AD29: 14992.51 | AE29: 2022 | AF29: ANL, Autonomie (2023)
A30: AEO car | B30: 200-mile electric vehicle | C30: 2023 | D30: Mid | E30: Electricity | G30: Light Duty | H30: Compact | I30: Battery Electric | J30: Battery Electric Vehicle (200-mile range) | K30: 139.5219198613624 | L30: 241.53911 | V30: 200 | W30: 6136.6730352825725 | X30: 46.165626 | AC30: 24197.52001880242 | AD30: 14992.51 | AE30: 2022 | AF30: ANL, Autonomie (2023)
A31: AEO car | B31: 200-mile electric vehicle | C31: 2025 | D31: Mid | E31: Electricity | G31: Light Duty | H31: Compact | I31: Battery Electric | J31: Battery Electric Vehicle (200-mile range) | K31: 145.0081111147534 | L31: 232.40079 | V31: 200 | W31: 5355.004915799065 | X31: 44.408892 | Y31: =W31/X31 -> 120.58407 | AC31: 22519.787318263912 | AD31: 14487.28 | AE31: 2022 | AF31: ANL, Autonomie (2023)
A32: AEO car | B32: 200-mile electric vehicle | C32: 2030 | D32: Mid | E32: Electricity | G32: Light Duty | H32: Compact | I32: Battery Electric | J32: Battery Electric Vehicle (200-mile range) | K32: 150.8922451661433 | L32: 223.33818 | V32: 200 | W32: 4350.265125576863 | X32: 41.652092 | AC32: 20497.393061248054 | AD32: 13971.995 | AE32: 2022 | AF32: ANL, Autonomie (2023)
A33: AEO car | B33: 200-mile electric vehicle | C33: 2035 | D33: Mid | E33: Electricity | G33: Light Duty | H33: Compact | I33: Battery Electric | J33: Battery Electric Vehicle (200-mile range) | K33: 165.8409386458156 | L33: 203.20676 | V33: 200 | W33: 3742.2079801776335 | X33: 39.4132 | AC33: 19287.754430525893 | AD33: 13674.442 | AE33: 2022 | AF33: ANL, Autonomie (2023)
A34: AEO car | B34: 200-mile electric vehicle | C34: 2040 | D34: Mid | E34: Electricity | G34: Light Duty | H34: Compact | I34: Battery Electric | J34: Battery Electric Vehicle (200-mile range) | K34: 170.98321645766393 | L34: 197.44210913333333 | V34: 200 | W34: 3478.8479626071367 | X34: 37.79103 | AC34: 18680.086672549296 | AD34: 13461.815 | AE34: 2022 | AF34: ANL, Autonomie (2023)
A35: AEO car | B35: 200-mile electric vehicle | C35: 2045 | D35: Mid | E35: Electricity | G35: Light Duty | H35: Compact | I35: Battery Electric | J35: Battery Electric Vehicle (200-mile range) | K35: 176.12549426951227 | L35: 191.67745716666667 | V35: 200 | W35: 3215.4879450366398 | X35: 36.16886 | AC35: 18072.419 | AD35: 13249.187 | AE35: 2022 | AF35: ANL, Autonomie (2023)
A36: AEO car | B36: 200-mile electric vehicle | C36: 2050 | D36: Mid | E36: Electricity | G36: Light Duty | H36: Compact | I36: Battery Electric | J36: Battery Electric Vehicle (200-mile range) | K36: 181.2677720813606 | L36: 185.91281 | V36: 200 | W36: 2952.1279274661433 | X36: 34.54669 | AC36: 17464.751156596103 | AD36: 13036.559 | AE36: 2022 | AF36: ANL, Autonomie (2023)
A37: AEO car | B37: 200-mile electric vehicle | C37: 2023 | D37: Advanced | E37: Electricity | G37: Light Duty | H37: Compact | I37: Battery Electric | J37: Battery Electric Vehicle (200-mile range) | K37: 144.3224551683149 | L37: 233.5049 | V37: 200 | W37: 5482.283874288221 | X37: 44.415233 | AC37: 22888.185896537223 | AD37: 14664.76 | AE37: 2022 | AF37: ANL, Autonomie (2023)
A38: AEO car | B38: 200-mile electric vehicle | C38: 2025 | D38: Advanced | E38: Electricity | G38: Light Duty | H38: Compact | I38: Battery Electric | J38: Battery Electric Vehicle (200-mile range) | K38: 158.8143439466045 | L38: 212.19746 | V38: 200 | W38: 3689.405647424976 | X38: 40.902192 | AC38: 19570.699730333745 | AD38: 14036.591 | AE38: 2022 | AF38: ANL, Autonomie (2023)
A39: AEO car | B39: 200-mile electric vehicle | C39: 2030 | D39: Advanced | E39: Electricity | G39: Light Duty | H39: Compact | I39: Battery Electric | J39: Battery Electric Vehicle (200-mile range) | K39: 167.3073860227084 | L39: 201.42566 | V39: 200 | W39: 2768.6862222808654 | X39: 38.88 | AC39: 18493.988421668964 | AD39: 14340.959 | AE39: 2022 | AF39: ANL, Autonomie (2023)
A40: AEO car | B40: 200-mile electric vehicle | C40: 2035 | D40: Advanced | E40: Electricity | G40: Light Duty | H40: Compact | I40: Battery Electric | J40: Battery Electric Vehicle (200-mile range) | K40: 181.453 | L40: 185.72302 | V40: 200 | W40: 2342.030567952895 | X40: 35.23776 | AC40: 17711.616183274095 | AD40: 14198.57 | AE40: 2022 | AF40: ANL, Autonomie (2023)
A41: AEO car | B41: 200-mile electric vehicle | C41: 2040 | D41: Advanced | E41: Electricity | G41: Light Duty | H41: Compact | I41: Battery Electric | J41: Battery Electric Vehicle (200-mile range) | K41: 190.96046529397128 | L41: 177.31368106666665 | V41: 200 | W41: 2108.4707200354937 | X41: 33.095632 | AC41: 17332.456821786614 | AD41: 14169.751 | AE41: 2022 | AF41: ANL, Autonomie (2023)
A42: AEO car | B42: 200-mile electric vehicle | C42: 2045 | D42: Advanced | E42: Electricity | G42: Light Duty | H42: Compact | I42: Battery Electric | J42: Battery Electric Vehicle (200-mile range) | K42: 200.4679293226186 | L42: 168.90433873333333 | V42: 200 | W42: 1874.9108721180926 | X42: 30.953504 | AC42: 16953.297460299134 | AD42: 14140.931 | AE42: 2022 | AF42: ANL, Autonomie (2023)
A43: AEO car | B43: 200-mile electric vehicle | C43: 2050 | D43: Advanced | E43: Electricity | G43: Light Duty | H43: Compact | I43: Battery Electric | J43: Battery Electric Vehicle (200-mile range) | K43: 209.9753933512659 | L43: 160.495 | V43: 200 | W43: 1641.3510242006912 | X43: 28.811376 | AC43: 16574.138098811654 | AD43: 14112.112 | AE43: 2022 | AF43: ANL, Autonomie (2023)
A44: AEO car | B44: 300-mile electric vehicle | C44: 2023 | D44: Constant | E44: Electricity | G44: Light Duty | H44: Compact | I44: Battery Electric | J44: Battery Electric Vehicle (300-mile range) | K44: 133.25059 | L44: 252.90695 | V44: 300 | W44: 9520.274500261618 | X44: 71.620148 | AC44: 29375.039212937387 | AD44: 15094.627 | AE44: 2022 | AF44: ANL, Autonomie (2023)
A45: AEO car | B45: 300-mile electric vehicle | C45: 2025 | D45: Constant | E45: Electricity | G45: Light Duty | H45: Compact | I45: Battery Electric | J45: Battery Electric Vehicle (300-mile range) | K45: 133.25059 | L45: 252.90695 | V45: 300 | W45: 9520.274500261618 | X45: 71.620148 | AC45: 29375.039212937387 | AD45: 15094.627 | AE45: 2022 | AF45: ANL, Autonomie (2023)
A46: AEO car | B46: 300-mile electric vehicle | C46: 2030 | D46: Constant | E46: Electricity | G46: Light Duty | H46: Compact | I46: Battery Electric | J46: Battery Electric Vehicle (300-mile range) | K46: 133.25059 | L46: 252.90695 | V46: 300 | W46: 9520.274500261618 | X46: 71.620148 | AC46: 29375.039212937387 | AD46: 15094.627 | AE46: 2022 | AF46: ANL, Autonomie (2023)
A47: AEO car | B47: 300-mile electric vehicle | C47: 2035 | D47: Constant | E47: Electricity | G47: Light Duty | H47: Compact | I47: Battery Electric | J47: Battery Electric Vehicle (300-mile range) | K47: 133.25059 | L47: 252.90695 | V47: 300 | W47: 9520.274500261618 | X47: 71.620148 | AC47: 29375.039212937387 | AD47: 15094.627 | AE47: 2022 | AF47: ANL, Autonomie (2023)
A48: AEO car | B48: 300-mile electric vehicle | C48: 2040 | D48: Constant | E48: Electricity | G48: Light Duty | H48: Compact | I48: Battery Electric | J48: Battery Electric Vehicle (300-mile range) | K48: 133.25059 | L48: 252.90695 | V48: 300 | W48: 9520.274500261618 | X48: 71.620148 | AC48: 29375.039212937387 | AD48: 15094.627 | AE48: 2022 | AF48: ANL, Autonomie (2023)
A49: AEO car | B49: 300-mile electric vehicle | C49: 2045 | D49: Constant | E49: Electricity | G49: Light Duty | H49: Compact | I49: Battery Electric | J49: Battery Electric Vehicle (300-mile range) | K49: 133.25059 | L49: 252.90695 | V49: 300 | W49: 9520.274500261618 | X49: 71.620148 | AC49: 29375.039212937387 | AD49: 15094.627 | AE49: 2022 | AF49: ANL, Autonomie (2023)
A50: AEO car | B50: 300-mile electric vehicle | C50: 2050 | D50: Constant | E50: Electricity | G50: Light Duty | H50: Compact | I50: Battery Electric | J50: Battery Electric Vehicle (300-mile range) | K50: 133.25059 | L50: 252.90695 | V50: 300 | W50: 9520.274500261618 | X50: 71.620148 | AC50: 29375.039212937387 | AD50: 15094.627 | AE50: 2022 | AF50: ANL, Autonomie (2023)
A51: AEO car | B51: 300-mile electric vehicle | C51: 2023 | D51: Mid | E51: Electricity | G51: Light Duty | H51: Compact | I51: Battery Electric | J51: Battery Electric Vehicle (300-mile range) | K51: 133.25059 | L51: 252.90695 | V51: 300 | W51: 9520.274500261618 | X51: 71.620148 | AC51: 29375.039212937387 | AD51: 15094.627 | AE51: 2022 | AF51: ANL, Autonomie (2023)
A52: AEO car | B52: 300-mile electric vehicle | C52: 2025 | D52: Mid | E52: Electricity | G52: Light Duty | H52: Compact | I52: Battery Electric | J52: Battery Electric Vehicle (300-mile range) | K52: 143.9690968735803 | L52: 234.07801 | V52: 300 | W52: 7866.318291666788 | X52: 65.235136 | Y52: =W52/X52 -> 120.58407 | AC52: 26357.58900223485 | AD52: 14558.112 | AE52: 2022 | AF52: ANL, Autonomie (2023)
A53: AEO car | B53: 300-mile electric vehicle | C53: 2030 | D53: Mid | E53: Electricity | G53: Light Duty | H53: Compact | I53: Battery Electric | J53: Battery Electric Vehicle (300-mile range) | K53: 143.5650620564262 | L53: 234.73678 | V53: 300 | W53: 7095.831464321753 | X53: 67.939819 | AC53: 24675.10889733715 | AD53: 14031.362 | AE53: 2022 | AF53: ANL, Autonomie (2023)
A54: AEO car | B54: 300-mile electric vehicle | C54: 2035 | D54: Mid | E54: Electricity | G54: Light Duty | H54: Compact | I54: Battery Electric | J54: Battery Electric Vehicle (300-mile range) | K54: 157.8355976948833 | L54: 213.5133 | V54: 300 | W54: 5755.778924135213 | X54: 60.620273 | AC54: 22340.33543348645 | AD54: 13706.667 | AE54: 2022 | AF54: ANL, Autonomie (2023)
A55: AEO car | B55: 300-mile electric vehicle | C55: 2040 | D55: Mid | E55: Electricity | G55: Light Duty | H55: Compact | I55: Battery Electric | J55: Battery Electric Vehicle (300-mile range) | K55: 164.96735355995065 | L55: 205.01741963333333 | V55: 300 | W55: 5310.697307512325 | X55: 57.656989 | AC55: 21453.837 | AD55: 13487.791 | AE55: 2022 | AF55: ANL, Autonomie (2023)
A56: AEO car | B56: 300-mile electric vehicle | C56: 2045 | D56: Mid | E56: Electricity | G56: Light Duty | H56: Compact | I56: Battery Electric | J56: Battery Electric Vehicle (300-mile range) | K56: 172.09910942501804 | L56: 196.52153496666665 | V56: 300 | W56: 4865.615690889438 | X56: 54.693705 | AC56: 20567.33815214015 | AD56: 13268.915 | AE56: 2022 | AF56: ANL, Autonomie (2023)
A57: AEO car | B57: 300-mile electric vehicle | C57: 2050 | D57: Mid | E57: Electricity | G57: Light Duty | H57: Compact | I57: Battery Electric | J57: Battery Electric Vehicle (300-mile range) | K57: 179.2308652900854 | L57: 188.02565 | V57: 300 | W57: 4420.5341 | X57: 51.730421 | AC57: 19680.839511467002 | AD57: 13050.038 | AE57: 2022 | AF57: ANL, Autonomie (2023)
A58: AEO car | B58: 300-mile electric vehicle | C58: 2023 | D58: Advanced | E58: Electricity | G58: Light Duty | H58: Compact | I58: Battery Electric | J58: Battery Electric Vehicle (300-mile range) | K58: 137.8128072543183 | L58: 244.5346 | V58: 300 | W58: 8574.431975318957 | X58: 69.46655903999999 | AC58: 27631.792332242025 | AD58: 14770.144 | AE58: 2022 | AF58: ANL, Autonomie (2023)
A59: AEO car | B59: 300-mile electric vehicle | C59: 2025 | D59: Advanced | E59: Electricity | G59: Light Duty | H59: Compact | I59: Battery Electric | J59: Battery Electric Vehicle (300-mile range) | K59: 151.2911370371555 | L59: 222.74933 | V59: 300 | W59: 5743.865410882246 | X59: 63.678735 | AC59: 22702.08764565689 | AD59: 14086.29 | AE59: 2022 | AF59: ANL, Autonomie (2023)
A60: AEO car | B60: 300-mile electric vehicle | C60: 2030 | D60: Advanced | E60: Electricity | G60: Light Duty | H60: Compact | I60: Battery Electric | J60: Battery Electric Vehicle (300-mile range) | K60: 157.8401735179649 | L60: 213.50711 | V60: 300 | W60: 4393.655852999727 | X60: 61.699061 | AC60: 20960.739726705207 | AD60: 14370.256 | AE60: 2022 | AF60: ANL, Autonomie (2023)
A61: AEO car | B61: 300-mile electric vehicle | C61: 2035 | D61: Advanced | E61: Electricity | G61: Light Duty | H61: Compact | I61: Battery Electric | J61: Battery Electric Vehicle (300-mile range) | K61: 179.6826450029241 | L61: 187.55289 | V61: 300 | W61: 3643.831390485714 | X61: 54.824416 | AC61: 19680.839511467002 | AD61: 14215.092 | AE61: 2022 | AF61: ANL, Autonomie (2023)
A62: AEO car | B62: 300-mile electric vehicle | C62: 2040 | D62: Advanced | E62: Electricity | G62: Light Duty | H62: Compact | I62: Battery Electric | J62: Battery Electric Vehicle (300-mile range) | K62: 185.43363959802238 | L62: 182.07589746666667 | V62: 300 | W62: 3322.956777229811 | X62: 52.23776 | AC62: 19167.48685342636 | AD62: 14183.052 | AE62: 2022 | AF62: ANL, Autonomie (2023)
A63: AEO car | B63: 300-mile electric vehicle | C63: 2045 | D63: Advanced | E63: Electricity | G63: Light Duty | H63: Compact | I63: Battery Electric | J63: Battery Electric Vehicle (300-mile range) | K63: 191.1846341931207 | L63: 176.59890133333332 | V63: 300 | W63: 3002.082163973908 | X63: 49.651104 | AC63: 18654.13419538571 | AD63: 14151.011 | AE63: 2022 | AF63: ANL, Autonomie (2023)
A64: AEO car | B64: 300-mile electric vehicle | C64: 2050 | D64: Advanced | E64: Electricity | G64: Light Duty | H64: Compact | I64: Battery Electric | J64: Battery Electric Vehicle (300-mile range) | K64: 196.93563 | L64: 171.12191 | V64: 300 | W64: 2681.207550718005 | X64: 47.064447 | AC64: 18140.78153734507 | AD64: 14118.97 | AE64: 2022 | AF64: ANL, Autonomie (2023)
A65: AEO car | B65: 300-mile electric vehicle | C65: 2023 | D65: Constant | E65: Electricity | G65: Light Duty | H65: Compact | I65: Battery Electric | J65: Battery Electric Vehicle (400-mile range) | K65: 116.7502332964135 | L65: 288.65039 | V65: 400 | W65: 14511.29138699394 | X65: 109.16711 | AC65: 37156.98443852517 | AD65: 15390.047 | AE65: 2022 | AF65: ANL, Autonomie (2023)
A66: AEO car | B66: 300-mile electric vehicle | C66: 2025 | D66: Constant | E66: Electricity | G66: Light Duty | H66: Compact | I66: Battery Electric | J66: Battery Electric Vehicle (400-mile range) | K66: 116.7502332964135 | L66: 288.65039 | V66: 400 | W66: 14511.29138699394 | X66: 109.16711 | AC66: 37156.98443852517 | AD66: 15390.047 | AE66: 2022 | AF66: ANL, Autonomie (2023)
A67: AEO car | B67: 300-mile electric vehicle | C67: 2030 | D67: Constant | E67: Electricity | G67: Light Duty | H67: Compact | I67: Battery Electric | J67: Battery Electric Vehicle (400-mile range) | K67: 116.7502332964135 | L67: 288.65039 | V67: 400 | W67: 14511.29138699394 | X67: 109.16711 | AC67: 37156.98443852517 | AD67: 15390.047 | AE67: 2022 | AF67: ANL, Autonomie (2023)
A68: AEO car | B68: 300-mile electric vehicle | C68: 2035 | D68: Constant | E68: Electricity | G68: Light Duty | H68: Compact | I68: Battery Electric | J68: Battery Electric Vehicle (400-mile range) | K68: 116.7502332964135 | L68: 288.65039 | V68: 400 | W68: 14511.29138699394 | X68: 109.16711 | AC68: 37156.98443852517 | AD68: 15390.047 | AE68: 2022 | AF68: ANL, Autonomie (2023)
A69: AEO car | B69: 300-mile electric vehicle | C69: 2040 | D69: Constant | E69: Electricity | G69: Light Duty | H69: Compact | I69: Battery Electric | J69: Battery Electric Vehicle (400-mile range) | K69: 116.7502332964135 | L69: 288.65039 | V69: 400 | W69: 14511.29138699394 | X69: 109.16711 | AC69: 37156.98443852517 | AD69: 15390.047 | AE69: 2022 | AF69: ANL, Autonomie (2023)
A70: AEO car | B70: 300-mile electric vehicle | C70: 2045 | D70: Constant | E70: Electricity | G70: Light Duty | H70: Compact | I70: Battery Electric | J70: Battery Electric Vehicle (400-mile range) | K70: 116.7502332964135 | L70: 288.65039 | V70: 400 | W70: 14511.29138699394 | X70: 109.16711 | AC70: 37156.98443852517 | AD70: 15390.047 | AE70: 2022 | AF70: ANL, Autonomie (2023)
A71: AEO car | B71: 300-mile electric vehicle | C71: 2050 | D71: Constant | E71: Electricity | G71: Light Duty | H71: Compact | I71: Battery Electric | J71: Battery Electric Vehicle (400-mile range) | K71: 116.7502332964135 | L71: 288.65039 | V71: 400 | W71: 14511.29138699394 | X71: 109.16711 | AC71: 37156.98443852517 | AD71: 15390.047 | AE71: 2022 | AF71: ANL, Autonomie (2023)
A72: AEO car | B72: 300-mile electric vehicle | C72: 2023 | D72: Mid | E72: Electricity | G72: Light Duty | H72: Compact | I72: Battery Electric | J72: Battery Electric Vehicle (400-mile range) | K72: 116.7502332964135 | L72: 288.65039 | V72: 400 | W72: 14511.29138699394 | X72: 109.16711 | AC72: 37156.98443852517 | AD72: 15390.047 | AE72: 2022 | AF72: ANL, Autonomie (2023)
A73: AEO car | B73: 300-mile electric vehicle | C73: 2025 | D73: Mid | E73: Electricity | G73: Light Duty | H73: Compact | I73: Battery Electric | J73: Battery Electric Vehicle (400-mile range) | K73: 125.4308 | L73: 268.67405 | V73: 400 | W73: 12271.869856292513 | X73: 101.77024 | Y73: =W73/X73 -> 120.58407 | AC73: 33068.51980438888 | AD73: 14660.715 | AE73: 2022 | AF73: ANL, Autonomie (2023)
A74: AEO car | B74: 300-mile electric vehicle | C74: 2030 | D74: Mid | E74: Electricity | G74: Light Duty | H74: Compact | I74: Battery Electric | J74: Battery Electric Vehicle (400-mile range) | K74: 129.9684948693739 | L74: 259.29361 | V74: 400 | W74: 10441.858493823407 | X74: 99.976723 | AC74: 29758.629485160112 | AD74: 14095.842 | AE74: 2022 | AF74: ANL, Autonomie (2023)
A75: AEO car | B75: 300-mile electric vehicle | C75: 2035 | D75: Mid | E75: Electricity | G75: Light Duty | H75: Compact | I75: Battery Electric | J75: Battery Electric Vehicle (400-mile range) | K75: 142.6138726089793 | L75: 236.3024 | V75: 400 | W75: 8603.751090868127 | X75: 90.61531776000001 | AC75: 26655.725995992118 | AD75: 13750.099 | AE75: 2022 | AF75: ANL, Autonomie (2023)
A76: AEO car | B76: 300-mile electric vehicle | C76: 2040 | D76: Mid | E76: Electricity | G76: Light Duty | H76: Compact | I76: Battery Electric | J76: Battery Electric Vehicle (400-mile range) | K76: 149.03680120153777 | L76: 226.92675803333333 | V76: 400 | W76: 7897.27 | X76: 85.703986 | AC76: 25368.862921027096 | AD76: 13522.958 | AE76: 2022 | AF76: ANL, Autonomie (2023)
A77: AEO car | B77: 300-mile electric vehicle | C77: 2045 | D77: Mid | E77: Electricity | G77: Light Duty | H77: Compact | I77: Battery Electric | J77: Battery Electric Vehicle (400-mile range) | K77: 155.45972979409623 | L77: 217.55111866666667 | V77: 400 | W77: 7190.788897435714 | X77: 80.792654 | AC77: 24081.999846062077 | AD77: 13295.816 | AE77: 2022 | AF77: ANL, Autonomie (2023)
A78: AEO car | B78: 300-mile electric vehicle | C78: 2050 | D78: Mid | E78: Electricity | G78: Light Duty | H78: Compact | I78: Battery Electric | J78: Battery Electric Vehicle (400-mile range) | K78: 161.8826583866547 | L78: 208.17548 | V78: 400 | W78: 6484.307800719506 | X78: 75.881323 | AC78: 22795.136771097055 | AD78: 13068.675 | AE78: 2022 | AF78: ANL, Autonomie (2023)
A79: AEO car | B79: 300-mile electric vehicle | C79: 2023 | D79: Advanced | E79: Electricity | G79: Light Duty | H79: Compact | I79: Battery Electric | J79: Battery Electric Vehicle (400-mile range) | K79: 120.0152088970766 | L79: 280.79774 | V79: 400 | W79: 13514.707252199472 | X79: 109.49066 | AC79: 35220.04345997477 | AD79: 14947.983 | AE79: 2022 | AF79: ANL, Autonomie (2023)
A80: AEO car | B80: 300-mile electric vehicle | C80: 2025 | D80: Advanced | E80: Electricity | G80: Light Duty | H80: Compact | I80: Battery Electric | J80: Battery Electric Vehicle (400-mile range) | K80: 136.2204924196746 | L80: 247.39303 | V80: 400 | W80: 8779.956229602263 | X80: 97.338024 | AC80: 27325.11001063821 | AD80: 14155.176 | AE80: 2022 | AF80: ANL, Autonomie (2023)
A81: AEO car | B81: 300-mile electric vehicle | C81: 2030 | D81: Advanced | E81: Electricity | G81: Light Duty | H81: Compact | I81: Battery Electric | J81: Battery Electric Vehicle (400-mile range) | K81: 143.3629170795503 | L81: 235.06776 | V81: 400 | W81: 6399.931103673728 | X81: 89.872705 | AC81: 24006.674363562895 | AD81: 14406.778 | AE81: 2022 | AF81: ANL, Autonomie (2023)
A82: AEO car | B82: 300-mile electric vehicle | C82: 2035 | D82: Advanced | E82: Electricity | G82: Light Duty | H82: Compact | I82: Battery Electric | J82: Battery Electric Vehicle (400-mile range) | K82: 162.4706993494847 | L82: 207.42202 | V82: 400 | W82: 5255.6937735052825 | X82: 79.0762 | AC82: 22118.156909476256 | AD82: 14234.616 | AE82: 2022 | AF82: ANL, Autonomie (2023)
A83: AEO car | B83: 300-mile electric vehicle | C83: 2040 | D83: Advanced | E83: Electricity | G83: Light Duty | H83: Compact | I83: Battery Electric | J83: Battery Electric Vehicle (400-mile range) | K83: 169.88706208226301 | L83: 199.09418 | V83: 400 | W83: 4802.445045246337 | X83: 75.51324287999999 | AC83: 21402.248332110077 | AD83: 14198.581 | AE83: 2022 | AF83: ANL, Autonomie (2023)
A84: AEO car | B84: 300-mile electric vehicle | C84: 2045 | D84: Advanced | E84: Electricity | G84: Light Duty | H84: Compact | I84: Battery Electric | J84: Battery Electric Vehicle (400-mile range) | K84: 177.3034248150413 | L84: 190.76633520000001 | V84: 400 | W84: 4349.196316987392 | X84: 71.950285 | AC84: 20686.34 | AD84: 14162.545 | AE84: 2022 | AF84: ANL, Autonomie (2023)
A85: AEO car | B85: 300-mile electric vehicle | C85: 2050 | D85: Advanced | E85: Electricity | G85: Light Duty | H85: Compact | I85: Battery Electric | J85: Battery Electric Vehicle (400-mile range) | K85: 184.7197875478196 | L85: 182.43849 | V85: 400 | W85: 3895.947588728446 | X85: 68.387328 | AC85: 19970.431177377723 | AD85: 14126.51 | AE85: 2022 | AF85: ANL, Autonomie (2023)
A86: AEO car | B86: diesel vehicle | C86: 2023 | D86: Constant | E86: Diesel | G86: Light Duty | H86: Compact | I86: Diesel | J86: Diesel Conventional Compression Ignition Vehicle | K86: 36.937224 | W86: 0 | X86: 0 | AC86: 27109.577852730887 | AD86: 27109.578 | AE86: 2022 | AF86: ANL, Autonomie (2023)
A87: AEO car | B87: diesel vehicle | C87: 2025 | D87: Constant | E87: Diesel | G87: Light Duty | H87: Compact | I87: Diesel | J87: Diesel Conventional Compression Ignition Vehicle | K87: 36.937224 | W87: 0 | X87: 0 | AC87: 27109.577852730887 | AD87: 27109.578 | AE87: 2022 | AF87: ANL, Autonomie (2023)
A88: AEO car | B88: diesel vehicle | C88: 2030 | D88: Constant | E88: Diesel | G88: Light Duty | H88: Compact | I88: Diesel | J88: Diesel Conventional Compression Ignition Vehicle | K88: 36.937224 | W88: 0 | X88: 0 | AC88: 27109.577852730887 | AD88: 27109.578 | AE88: 2022 | AF88: ANL, Autonomie (2023)
A89: AEO car | B89: diesel vehicle | C89: 2035 | D89: Constant | E89: Diesel | G89: Light Duty | H89: Compact | I89: Diesel | J89: Diesel Conventional Compression Ignition Vehicle | K89: 36.937224 | W89: 0 | X89: 0 | AC89: 27109.577852730887 | AD89: 27109.578 | AE89: 2022 | AF89: ANL, Autonomie (2023)
A90: AEO car | B90: diesel vehicle | C90: 2040 | D90: Constant | E90: Diesel | G90: Light Duty | H90: Compact | I90: Diesel | J90: Diesel Conventional Compression Ignition Vehicle | K90: 36.937224 | W90: 0 | X90: 0 | AC90: 27109.577852730887 | AD90: 27109.578 | AE90: 2022 | AF90: ANL, Autonomie (2023)
A91: AEO car | B91: diesel vehicle | C91: 2045 | D91: Constant | E91: Diesel | G91: Light Duty | H91: Compact | I91: Diesel | J91: Diesel Conventional Compression Ignition Vehicle | K91: 36.937224 | W91: 0 | X91: 0 | AC91: 27109.577852730887 | AD91: 27109.578 | AE91: 2022 | AF91: ANL, Autonomie (2023)
A92: AEO car | B92: diesel vehicle | C92: 2050 | D92: Constant | E92: Diesel | G92: Light Duty | H92: Compact | I92: Diesel | J92: Diesel Conventional Compression Ignition Vehicle | K92: 36.937224 | W92: 0 | X92: 0 | AC92: 27109.577852730887 | AD92: 27109.578 | AE92: 2022 | AF92: ANL, Autonomie (2023)
A93: AEO car | B93: diesel vehicle | C93: 2023 | D93: Mid | E93: Diesel | G93: Light Duty | H93: Compact | I93: Diesel | J93: Diesel Conventional Compression Ignition Vehicle | K93: 36.937224 | W93: 0 | X93: 0 | AC93: 27109.577852730887 | AD93: 27109.578 | AE93: 2022 | AF93: ANL, Autonomie (2023)
A94: AEO car | B94: diesel vehicle | C94: 2025 | D94: Mid | E94: Diesel | G94: Light Duty | H94: Compact | I94: Diesel | J94: Diesel Conventional Compression Ignition Vehicle | K94: 37.575603 | W94: 0 | X94: 0 | AC94: 27017.47820816256 | AD94: 27017.478 | AE94: 2022 | AF94: ANL, Autonomie (2023)
A95: AEO car | B95: diesel vehicle | C95: 2030 | D95: Mid | E95: Diesel | G95: Light Duty | H95: Compact | I95: Diesel | J95: Diesel Conventional Compression Ignition Vehicle | K95: 41.638837 | W95: 0 | X95: 0 | AC95: 27075.396541344704 | AD95: 27075.397 | AE95: 2022 | AF95: ANL, Autonomie (2023)
A96: AEO car | B96: diesel vehicle | C96: 2035 | D96: Mid | E96: Diesel | G96: Light Duty | H96: Compact | I96: Diesel | J96: Diesel Conventional Compression Ignition Vehicle | K96: 44.26003 | W96: 0 | X96: 0 | AC96: 27120.02214232111 | AD96: 27120.022 | AE96: 2022 | AF96: ANL, Autonomie (2023)
A97: AEO car | B97: diesel vehicle | C97: 2040 | D97: Mid | E97: Diesel | G97: Light Duty | H97: Compact | I97: Diesel | J97: Diesel Conventional Compression Ignition Vehicle | K97: 46.104573 | W97: 0 | X97: 0 | AC97: 27077.295503088382 | AD97: 27077.296 | AE97: 2022 | AF97: ANL, Autonomie (2023)
A98: AEO car | B98: diesel vehicle | C98: 2045 | D98: Mid | E98: Diesel | G98: Light Duty | H98: Compact | I98: Diesel | J98: Diesel Conventional Compression Ignition Vehicle | K98: 47.949116849999996 | W98: 0 | X98: 0 | AC98: 27034.568863855653 | AD98: 27034.569 | AE98: 2022 | AF98: ANL, Autonomie (2023)
A99: AEO car | B99: diesel vehicle | C99: 2050 | D99: Mid | E99: Diesel | G99: Light Duty | H99: Compact | I99: Diesel | J99: Diesel Conventional Compression Ignition Vehicle | K99: 49.79366 | W99: 0 | X99: 0 | AC99: 26991.842224622924 | AD99: 26991.842 | AE99: 2022 | AF99: ANL, Autonomie (2023)
A100: AEO car | B100: diesel vehicle | C100: 2023 | D100: Advanced | E100: Diesel | G100: Light Duty | H100: Compact | I100: Diesel | J100: Diesel Conventional Compression Ignition Vehicle | K100: 38.87813 | W100: 0 | X100: 0 | AC100: 24502.303378662556 | AD100: 24502.303 | AE100: 2022 | AF100: ANL, Autonomie (2023)
...

Sheet HDV multiplier
A1: ATB data appear to use constant battery pack prices across the light-duty segment, and separately across the MDV/HDV segment.
A2: We find the ratio between midsize LDV $/kWh pack prices and class 7 $/kWh pack prices.
B4: 2023 | C4: 2025 | D4: 2030 | E4: 2035 | F4: 2040 | G4: 2045 | H4: 2050
A5: LDV | B5: ='Transportation ATB'!Y408 -> 132.92732 | C5: ='Transportation ATB'!Y409 -> 120.58407 | D5: ='Transportation ATB'!Y410 -> 104.4429 | E5: ='Transportation ATB'!Y411 -> 94.948087 | F5: ='Transportation ATB'!Y412 -> 92.12954 | G5: ='Transportation ATB'!Y413 -> 88.984656 | H5: ='Transportation ATB'!Y414 -> 85.453278
A6: MDV/HDV | B6: ='Transportation ATB'!Y3565 -> 332.31831 | C6: ='Transportation ATB'!Y3566 -> 265.85464 | D6: ='Transportation ATB'!Y3567 -> 189.89617 | E6: ='Transportation ATB'!Y3568 -> 151.91694 | F6: ='Transportation ATB'!Y3569 -> 131.21183 | G6: ='Transportation ATB'!Y3570 -> 109.10629 | H6: ='Transportation ATB'!Y3571 -> 85.453278
A7: Ratio | B7: =B6/B5 -> 2.5 | C7: =C6/C5 -> 2.2047244 | D7: =D6/D5 -> 1.8181818 | E7: =E6/E5 -> 1.6 | F7: =F6/F5 -> 1.4242102 | G7: =G6/G5 -> 1.2261248 | H7: =H6/H5 -> 1
B9: 2023 | C9: 2024 | D9: 2025 | E9: 2026 | F9: 2027 | G9: 2028 | H9: 2029 | I9: 2030 | J9: 2031 | K9: 2032 | L9: 2033 | M9: 2034 | N9: 2035 | O9: 2036 | P9: 2037 | Q9: 2038 | R9: 2039 | S9: 2040 | T9: 2041 | U9: 2042 | V9: 2043 | W9: 2044 | X9: 2045 | Y9: 2046 | Z9: 2047 | AA9: 2048 | AB9: 2049 | AC9: 2050
A10: Ratio Interpolated | B10: {=TREND($B$7:$C$7,$B$4:$C$4,B9)} -> 2.5 | C10: {=TREND($B$7:$C$7,$B$4:$C$4,C9)} -> 2.3523622 | D10: {=TREND($B$7:$C$7,$B$4:$C$4,D9)} -> 2.2047244 | E10: {=TREND($C$7:$D$7,$C$4:$D$4,E9)} -> 2.1274159 | F10: {=TREND($C$7:$D$7,$C$4:$D$4,F9)} -> 2.0501074 | G10: {=TREND($C$7:$D$7,$C$4:$D$4,G9)} -> 1.9727989 | H10: {=TREND($C$7:$D$7,$C$4:$D$4,H9)} -> 1.8954903 | I10: {=TREND($C$7:$D$7,$C$4:$D$4,I9)} -> 1.8181818 | J10: {=TREND($D$7:$E$7,$D$4:$E$4,J9)} -> 1.7745455 | K10: {=TREND($D$7:$E$7,$D$4:$E$4,K9)} -> 1.7309091 | L10: {=TREND($D$7:$E$7,$D$4:$E$4,L9)} -> 1.6872727 | M10: {=TREND($D$7:$E$7,$D$4:$E$4,M9)} -> 1.6436364 | N10: {=TREND($D$7:$E$7,$D$4:$E$4,N9)} -> 1.6 | O10: {=TREND($E$7:$F$7,$E$4:$F$4,O9)} -> 1.564842 | P10: {=TREND($E$7:$F$7,$E$4:$F$4,P9)} -> 1.5296841 | Q10: {=TREND($E$7:$F$7,$E$4:$F$4,Q9)} -> 1.4945261 | R10: {=TREND($E$7:$F$7,$E$4:$F$4,R9)} -> 1.4593681 | S10: {=TREND($E$7:$F$7,$E$4:$F$4,S9)} -> 1.4242102 | T10: {=TREND($F$7:$G$7,$F$4:$G$4,T9)} -> 1.3845931 | U10: {=TREND($F$7:$G$7,$F$4:$G$4,U9)} -> 1.344976 | V10: {=TREND($F$7:$G$7,$F$4:$G$4,V9)} -> 1.3053589 | W10: {=TREND($F$7:$G$7,$F$4:$G$4,W9)} -> 1.2657419 | X10: {=TREND($F$7:$G$7,$F$4:$G$4,X9)} -> 1.2261248 | Y10: {=TREND($G$7:$H$7,$G$4:$H$4,Y9)} -> 1.1808998 | Z10: {=TREND($G$7:$H$7,$G$4:$H$4,Z9)} -> 1.1356749 | AA10: {=TREND($G$7:$H$7,$G$4:$H$4,AA9)} -> 1.0904499 | AB10: {=TREND($G$7:$H$7,$G$4:$H$4,AB9)} -> 1.045225 | AC10: {=TREND($G$7:$H$7,$G$4:$H$4,AC9)} -> 1

Sheet BPPM-psgr
A1: $/kWh | B1: 2021 | C1: 2022 | D1: 2023 | E1: 2024 | F1: 2025 | G1: 2026 | H1: 2027 | I1: 2028 | J1: 2029 | K1: 2030 | L1: 2031 | M1: 2032 | N1: 2033 | O1: 2034 | P1: 2035 | Q1: 2036 | R1: 2037 | S1: 2038 | T1: 2039 | U1: 2040 | V1: 2041 | W1: 2042 | X1: 2043 | Y1: 2044 | Z1: 2045 | AA1: 2046 | AB1: 2047 | AC1: 2048 | AD1: 2049 | AE1: 2050 | AF1: 2051 | AG1: 2052 | AH1: 2053 | AI1: 2054 | AJ1: 2055 | AK1: 2056 | AL1: 2057 | AM1: 2058 | AN1: 2059 | AO1: 2060 | AP1: 2061 | AQ1: 2062 | AR1: 2063 | AS1: 2064 | AT1: 2065 | AU1: 2066 | AV1: 2067 | AW1: 2068 | AX1: 2069 | AY1: 2070
A2: LDVs | B2: =C2 -> 1 | C2: =D2 -> 1 | D2: =E2 -> 1 | E2: 1 | F2: 1 | G2: 1 | H2: 1 | I2: 1 | J2: 1 | K2: 1 | L2: 1 | M2: 1 | N2: 1 | O2: 1 | P2: 1 | Q2: 1 | R2: 1 | S2: 1 | T2: 1 | U2: 1 | V2: 1 | W2: 1 | X2: 1 | Y2: 1 | Z2: 1 | AA2: 1 | AB2: 1 | AC2: 1 | AD2: 1 | AE2: 1 | AF2: =AE2 -> 1 | AG2: =AF2 -> 1 | AH2: =AG2 -> 1 | AI2: =AH2 -> 1 | AJ2: =AI2 -> 1 | AK2: =AJ2 -> 1 | AL2: =AK2 -> 1 | AM2: =AL2 -> 1 | ... AY2: =AX2 -> 1
A3: HDVs | B3: =C3 -> 2.3523622 | C3: =D3 -> 2.3523622 | D3: =E3 -> 2.3523622 | E3: ='HDV multiplier'!C10 -> 2.3523622 | F3: ='HDV multiplier'!D10 -> 2.2047244 | G3: ='HDV multiplier'!E10 -> 2.1274159 | H3: ='HDV multiplier'!F10 -> 2.0501074 | I3: ='HDV multiplier'!G10 -> 1.9727989 | J3: ='HDV multiplier'!H10 -> 1.8954903 | K3: ='HDV multiplier'!I10 -> 1.8181818 | L3: ='HDV multiplier'!J10 -> 1.7745455 | ... AE3: ='HDV multiplier'!AC10 -> 1 | AF3: =AE3 -> 1 | AG3: =AF3 -> 1 | AH3: =AG3 -> 1 | AI3: =AH3 -> 1 | AJ3: =AI3 -> 1 | AK3: =AJ3 -> 1 | AL3: =AK3 -> 1 | AM3: =AL3 -> 1 | ... AY3: =AX3 -> 1
A4: aircraft | B4: =C4 -> 2.3523622 | C4: =D4 -> 2.3523622 | D4: =E4 -> 2.3523622 | E4: =E3 -> 2.3523622 | F4: =F3 -> 2.2047244 | G4: =G3 -> 2.1274159 | H4: =H3 -> 2.0501074 | I4: =I3 -> 1.9727989 | J4: =J3 -> 1.8954903 | K4: =K3 -> 1.8181818 | L4: =L3 -> 1.7745455 | ... AE4: =AE3 -> 1 | AF4: =AE4 -> 1 | AG4: =AF4 -> 1 | AH4: =AG4 -> 1 | AI4: =AH4 -> 1 | AJ4: =AI4 -> 1 | AK4: =AJ4 -> 1 | AL4: =AK4 -> 1 | AM4: =AL4 -> 1 | ... AY4: =AX4 -> 1
A5: rail | B5: =C5 -> 2.3523622 | C5: =D5 -> 2.3523622 | D5: =E5 -> 2.3523622 | E5: =E4 -> 2.3523622 | F5: =F4 -> 2.2047244 | G5: =G4 -> 2.1274159 | H5: =H4 -> 2.0501074 | I5: =I4 -> 1.9727989 | J5: =J4 -> 1.8954903 | K5: =K4 -> 1.8181818 | L5: =L4 -> 1.7745455 | ... AE5: =AE4 -> 1 | AF5: =AE5 -> 1 | AG5: =AF5 -> 1 | AH5: =AG5 -> 1 | AI5: =AH5 -> 1 | AJ5: =AI5 -> 1 | AK5: =AJ5 -> 1 | AL5: =AK5 -> 1 | AM5: =AL5 -> 1 | ... AY5: =AX5 -> 1
A6: ships | B6: =C6 -> 2.3523622 | C6: =D6 -> 2.3523622 | D6: =E6 -> 2.3523622 | E6: =E5 -> 2.3523622 | F6: =F5 -> 2.2047244 | G6: =G5 -> 2.1274159 | H6: =H5 -> 2.0501074 | I6: =I5 -> 1.9727989 | J6: =J5 -> 1.8954903 | K6: =K5 -> 1.8181818 | L6: =L5 -> 1.7745455 | ... AE6: =AE5 -> 1 | AF6: =AE6 -> 1 | AG6: =AF6 -> 1 | AH6: =AG6 -> 1 | AI6: =AH6 -> 1 | AJ6: =AI6 -> 1 | AK6: =AJ6 -> 1 | AL6: =AK6 -> 1 | AM6: =AL6 -> 1 | ... AY6: =AX6 -> 1
A7: motorbikes | B7: =C7 -> 1 | C7: =D7 -> 1 | D7: =E7 -> 1 | E7: =E2 -> 1 | F7: =F2 -> 1 | G7: =G2 -> 1 | H7: =H2 -> 1 | I7: =I2 -> 1 | J7: =J2 -> 1 | K7: =K2 -> 1 | L7: =L2 -> 1 | ... AE7: =AE2 -> 1 | AF7: =AE7 -> 1 | AG7: =AF7 -> 1 | AH7: =AG7 -> 1 | AI7: =AH7 -> 1 | AJ7: =AI7 -> 1 | AK7: =AJ7 -> 1 | AL7: =AK7 -> 1 | AM7: =AL7 -> 1 | ... AY7: =AX7 -> 1

Sheet BPPM-frgt
A1: $/kWh | B1: 2021 | C1: 2022 | D1: 2023 | E1: 2024 | F1: 2025 | G1: 2026 | H1: 2027 | I1: 2028 | J1: 2029 | K1: 2030 | L1: 2031 | M1: 2032 | N1: 2033 | O1: 2034 | P1: 2035 | Q1: 2036 | R1: 2037 | S1: 2038 | T1: 2039 | U1: 2040 | V1: 2041 | W1: 2042 | X1: 2043 | Y1: 2044 | Z1: 2045 | AA1: 2046 | AB1: 2047 | AC1: 2048 | AD1: 2049 | AE1: 2050 | AF1: 2051 | AG1: 2052 | AH1: 2053 | AI1: 2054 | AJ1: 2055 | AK1: 2056 | AL1: 2057 | AM1: 2058 | AN1: 2059 | AO1: 2060 | AP1: 2061 | AQ1: 2062 | AR1: 2063 | AS1: 2064 | AT1: 2065 | AU1: 2066 | AV1: 2067 | AW1: 2068 | AX1: 2069 | AY1: 2070
A2: LDVs | B2: =C2 -> 2.3523622 | C2: =D2 -> 2.3523622 | D2: =E2 -> 2.3523622 | E2: =E3 -> 2.3523622 | F2: =F3 -> 2.2047244 | G2: =G3 -> 2.1274159 | H2: =H3 -> 2.0501074 | I2: =I3 -> 1.9727989 | J2: =J3 -> 1.8954903 | K2: =K3 -> 1.8181818 | L2: =L3 -> 1.7745455 | ... AE2: =AE3 -> 1 | AF2: =AE2 -> 1 | AG2: =AF2 -> 1 | AH2: =AG2 -> 1 | AI2: =AH2 -> 1 | AJ2: =AI2 -> 1 | AK2: =AJ2 -> 1 | AL2: =AK2 -> 1 | AM2: =AL2 -> 1 | ... AY2: =AX2 -> 1
A3: HDVs | B3: =C3 -> 2.3523622 | C3: =D3 -> 2.3523622 | D3: =E3 -> 2.3523622 | E3: ='HDV multiplier'!C10 -> 2.3523622 | F3: ='HDV multiplier'!D10 -> 2.2047244 | G3: ='HDV multiplier'!E10 -> 2.1274159 | H3: ='HDV multiplier'!F10 -> 2.0501074 | I3: ='HDV multiplier'!G10 -> 1.9727989 | J3: ='HDV multiplier'!H10 -> 1.8954903 | K3: ='HDV multiplier'!I10 -> 1.8181818 | L3: ='HDV multiplier'!J10 -> 1.7745455 | ... AE3: ='HDV multiplier'!AC10 -> 1 | AF3: =AE3 -> 1 | AG3: =AF3 -> 1 | AH3: =AG3 -> 1 | AI3: =AH3 -> 1 | AJ3: =AI3 -> 1 | AK3: =AJ3 -> 1 | AL3: =AK3 -> 1 | AM3: =AL3 -> 1 | ... AY3: =AX3 -> 1
A4: aircraft | B4: =C4 -> 2.3523622 | C4: =D4 -> 2.3523622 | D4: =E4 -> 2.3523622 | E4: =E3 -> 2.3523622 | F4: =F3 -> 2.2047244 | G4: =G3 -> 2.1274159 | H4: =H3 -> 2.0501074 | I4: =I3 -> 1.9727989 | J4: =J3 -> 1.8954903 | K4: =K3 -> 1.8181818 | L4: =L3 -> 1.7745455 | ... AE4: =AE3 -> 1 | AF4: =AE4 -> 1 | AG4: =AF4 -> 1 | AH4: =AG4 -> 1 | AI4: =AH4 -> 1 | AJ4: =AI4 -> 1 | AK4: =AJ4 -> 1 | AL4: =AK4 -> 1 | AM4: =AL4 -> 1 | ... AY4: =AX4 -> 1
A5: rail | B5: =C5 -> 2.3523622 | C5: =D5 -> 2.3523622 | D5: =E5 -> 2.3523622 | E5: =E4 -> 2.3523622 | F5: =F4 -> 2.2047244 | G5: =G4 -> 2.1274159 | H5: =H4 -> 2.0501074 | I5: =I4 -> 1.9727989 | J5: =J4 -> 1.8954903 | K5: =K4 -> 1.8181818 | L5: =L4 -> 1.7745455 | ... AE5: =AE4 -> 1 | AF5: =AE5 -> 1 | AG5: =AF5 -> 1 | AH5: =AG5 -> 1 | AI5: =AH5 -> 1 | AJ5: =AI5 -> 1 | AK5: =AJ5 -> 1 | AL5: =AK5 -> 1 | AM5: =AL5 -> 1 | ... AY5: =AX5 -> 1
A6: ships | B6: =C6 -> 2.3523622 | C6: =D6 -> 2.3523622 | D6: =E6 -> 2.3523622 | E6: =E5 -> 2.3523622 | F6: =F5 -> 2.2047244 | G6: =G5 -> 2.1274159 | H6: =H5 -> 2.0501074 | I6: =I5 -> 1.9727989 | J6: =J5 -> 1.8954903 | K6: =K5 -> 1.8181818 | L6: =L5 -> 1.7745455 | ... AE6: =AE5 -> 1 | AF6: =AE6 -> 1 | AG6: =AF6 -> 1 | AH6: =AG6 -> 1 | AI6: =AH6 -> 1 | AJ6: =AI6 -> 1 | AK6: =AJ6 -> 1 | AL6: =AK6 -> 1 | AM6: =AL6 -> 1 | ... AY6: =AX6 -> 1
A7: motorbikes | B7: =C7 -> 2.3523622 | C7: =D7 -> 2.3523622 | D7: =E7 -> 2.3523622 | E7: =E2 -> 2.3523622 | F7: =F2 -> 2.2047244 | G7: =G2 -> 2.1274159 | H7: =H2 -> 2.0501074 | I7: =I2 -> 1.9727989 | J7: =J2 -> 1.8954903 | K7: =K2 -> 1.8181818 | L7: =L2 -> 1.7745455 | ... AE7: =AE2 -> 1 | AF7: =AE7 -> 1 | AG7: =AF7 -> 1 | AH7: =AG7 -> 1 | AI7: =AH7 -> 1 | AJ7: =AI7 -> 1 | AK7: =AJ7 -> 1 | AL7: =AK7 -> 1 | AM7: =AL7 -> 1 | ... AY7: =AX7 -> 1
