Workbook

Sheet About
A1: BGDP BAU Gross Domestic Product
A3: Source: | B3: OECD
B4: 2023
B5: https://www.oecd.org/en/data/indicators/real-gdp-long-term-forecast.html
B6: Real GDP long-term forecast
A9: Notes
A10: The OECD long-term forecast gives GDPs in millions of 2015 USD with Purchasing Power Parity.
A12: In the U.S. model, input data are converted to 2012 USD (then converted to the
A13: output currency year in web-app/OCCF). Therefore, we use these conversion factors:
A15: 0.96868157 | B15: 2012 dollars per 2015 dollar
A16: =10^6 -> 1000000 | B16: dollars per million dollars

Sheet OECD Data US
A1: Real GDP long-term forecast
A2: Volume, US dollars at 2015 Purchasing Power Parities
A3: Category | B3: United States
A4: 2020 | B4: 19700000000000
A5: 2021 | B5: 20800000000000
A6: 2022 | B6: 21200000000000
A7: 2023 | B7: 21700000000000
A8: 2024 | B8: 22100000000000
A9: 2025 | B9: 22500000000000
A10: 2026 | B10: 22900000000000
A11: 2027 | B11: 23400000000000
A12: 2028 | B12: 23800000000000
A13: 2029 | B13: 24200000000000
A14: 2030 | B14: 24700000000000
A15: 2031 | B15: 25100000000000
... A44: 2060 | B44: 36100000000000
A45: USA | B45: GDPLTFORECAST
A46: USA | B46: GDPLTFORECAST
A47: USA | B47: GDPLTFORECAST
A48: USA | B48: GDPLTFORECAST

Sheet OECD Data MEX
A1: Real GDP long-term forecast
A2: Volume, US dollars at 2015 Purchasing Power Parities
A3: Category | B3: Mexico
A4: 2020 | B4: 2220000000000
A5: 2021 | B5: 2350000000000
A6: 2022 | B6: 2450000000000
A7: 2023 | B7: 2530000000000
A8: 2024 | B8: 2590000000000
A9: 2025 | B9: 2650000000000
A10: 2026 | B10: 2710000000000
A11: 2027 | B11: 2790000000000
A12: 2028 | B12: 2860000000000
A13: 2029 | B13: 2940000000000
A14: 2030 | B14: 3030000000000
A15: 2031 | B15: 3120000000000
... A44: 2060 | B44: 6760000000000

Sheet BGDP
A1: Unit: 2012 USD | B1: GDP
A2: 2020 | B2: ='OECD Data MEX'!B4*About!$A$15*About!$A$16 -> 2.1504731e+18
A3: 2021 | B3: ='OECD Data MEX'!B5*About!$A$15*About!$A$16 -> 2.2764017e+18
A4: 2022 | B4: ='OECD Data MEX'!B6*About!$A$15*About!$A$16 -> 2.3732698e+18
A5: 2023 | B5: ='OECD Data MEX'!B7*About!$A$15*About!$A$16 -> 2.4507644e+18
A6: 2024 | B6: ='OECD Data MEX'!B8*About!$A$15*About!$A$16 -> 2.5088853e+18
A7: 2025 | B7: ='OECD Data MEX'!B9*About!$A$15*About!$A$16 -> 2.5670062e+18
A8: 2026 | B8: ='OECD Data MEX'!B10*About!$A$15*About!$A$16 -> 2.6251271e+18
A9: 2027 | B9: ='OECD Data MEX'!B11*About!$A$15*About!$A$16 -> 2.7026216e+18
A10: 2028 | B10: ='OECD Data MEX'!B12*About!$A$15*About!$A$16 -> 2.7704293e+18
A11: 2029 | B11: ='OECD Data MEX'!B13*About!$A$15*About!$A$16 -> 2.8479238e+18
A12: 2030 | B12: ='OECD Data MEX'!B14*About!$A$15*About!$A$16 -> 2.9351052e+18
A13: 2031 | B13: ='OECD Data MEX'!B15*About!$A$15*About!$A$16 -> 3.0222865e+18
... A41: 2059 | B41: ='OECD Data MEX'!B43*About!$A$15*About!$A$16 -> 6.412672e+18
A42: 2060 | B42: ='OECD Data MEX'!B44*About!$A$15*About!$A$16 -> 6.5482874e+18 | C42: =(B42-B41)/B41 -> 0.021148036
A43: 2061 | B43: =B42+(B42*$C$42) -> 6.6867708e+18
A44: 2062 | B44: =B43+(B43*$C$42) -> 6.8281829e+18
A45: 2063 | B45: =B44+(B44*$C$42) -> 6.9725856e+18
A46: 2064 | B46: =B45+(B45*$C$42) -> 7.1200421e+18
A47: 2065 | B47: =B46+(B46*$C$42) -> 7.270617e+18
A48: 2066 | B48: =B47+(B47*$C$42) -> 7.4243762e+18
A49: 2067 | B49: =B48+(B48*$C$42) -> 7.5813872e+18
A50: 2068 | B50: =B49+(B49*$C$42) -> 7.7417187e+18
A51: 2069 | B51: =B50+(B50*$C$42) -> 7.9054408e+18
A52: 2070 | B52: =B51+(B51*$C$42) -> 8.0726254e+18
