Workbook
Name outputfrac_bio: #REF!
Name outputfrac_coal: #REF!
Name outputfrac_elec: #REF!
Name outputfrac_ngps: #REF!
Name outputfrac_nonenergy: #REF!
Name outputfrac_other: #REF!

Sheet About
A1: FoBObE Fraction of Buildings Owned by Entity
A4: Sources: | B4: Residential & Commercial
B5: SENER - SIE Sistema de Información energética
B6: 2023
B7: Balance Nacional de Energía (BNE)
B8: https://www.gob.mx/cms/uploads/attachment/file/977268/Balance_Nacional_de_Energ_a_2023.FINAL06.02.2025.1.pdf
A11: Notes
A12: In the output tab, we show more decimal places than the source data
A13: provide in order to avoid rounding error in Vensim (each column must
A14: add to 1).

Sheet Residential
A1: Residential
A3: 2.1.14 | B3: 2005 Residential Delivered Energy Consumption Intensities, by Ownership of Unit
C5: Per Square | G5: Per Household | K5: Per Household | O5: Percent of
A6: Ownership | C6: Foot (thousand Btu) | F6: (1) | G6: (million Btu) | K6: Members (million Btu) | O6: Total Consumption
A7: Owned | D7: 54.92 | H7: 104.45 | L7: 40.328185 | P7: 0.7816092
A8: Rented | D8: 77.42 | H8: 71.67 | L8: 28.440476 | P8: 0.2183908
A9: Public Housing | D9: 75.71 | H9: 62.67 | L9: 28.747706 | P9: 0.024904215
A10: Not Public Housing | D10: 77.65 | H10: 73.04 | L10: 28.420233 | P10: 0.19348659
P11: 1
A13: Note(s): | B13: 1) Energy consumption per square foot was calculated using estimates of average heated floor space per household. According to the 2005 Residential Energy Consumption Survey (RECS), the average heated floor space per household in the U.S. was 1,618 square feet. Average total floor space, which includes garages, attics and unfinished basements, equaled 2,309 square feet.
A16: Source(s): | B16: EIA, 2005 Residential Energy Consumption Survey, Oct. 2008
A18: Converting percentage of energy consumption (by ownership) to percentage of floor area (by ownership):
B20: =A6 -> Ownership | C20: Floor Area
B21: =A7 -> Owned | C21: =(P7/D7)/SUM(P$7/D$7,P$9/D$9,P$10/D$10) -> 0.83458607
B22: =A8 -> Rented
B23: =A9 -> Public Housing | C23: =(P9/D9)/SUM(P$7/D$7,P$9/D$9,P$10/D$10) -> 0.019289972
B24: =A10 -> Not Public Housing | C24: =(P10/D10)/SUM(P$7/D$7,P$9/D$9,P$10/D$10) -> 0.14612395
C25: =SUM(C21:C24) -> 1
A27: Assumptions:
B28: All owner-occupied housing belongs to consumers.
B29: All public housing belongs to government.
B30: Fraction of rental housing that is owned by an individual (consumers): | G30: 0.75
B31: Fraction of rental housing that is owned by a company (industry): | G31: =1-G30 -> 0.25
B33: Ownership | C33: Floor Area
B34: government | C34: =C23 -> 0.019289972
B35: industry | C35: =C24*G31 -> 0.036530988
B36: consumers | C36: =C21+(C24*G30) -> 0.94417904

Sheet Commercial
A1: Commercial
A3: 3.2.3 | B3: Number of Floors and Type of Ownership, as of 2003 (Percent of Total Floorspace)
A5: Floors | G5: Ownership
A6: One | D6: 0.40104038 | G6: Nongovernment Owned | K6: 0.76285811
A7: Two | D7: 0.25114226 | G7: Owner-Occupied | K7: 0.36414856
A8: Three | D8: 0.11578476 | G8: Nonowner-Occupied | K8: 0.36913435
A9: Four to Nine | D9: 0.15567115 | G9: Unoccupied | K9: 0.029575204
A10: Ten or More | D10: 0.076361447 | G10: Government Owned | K10: 0.23714189
A11: Total | D11: 1 | G11: Federal | K11: 0.03019264
G12: State | K12: 0.048779946
G13: Local | K13: 0.1481693
G14: Total | K14: 1
A16: Source(s): | B16: EIA, Commercial Building Characteristics 2003, June 2006, Table C1.
B19: Ownership | C19: Floor Area
B20: government | C20: =K10 -> 0.23714189
B21: industry | C21: =K6 -> 0.76285811
B22: consumers | C22: 0

Sheet MEX Split
B2: SPLIT EDIFICIOS RESIDENCIALES | F2: SPLIT EDIFICIOS COMERCIALES
B3: PUBLICO | C3: =SUM(D11:F11)/3-G3 -> 4.918 | D3: =C3/C5 -> 0.021455558 | F3: PUBLICO | G3: =SUM(D11:F11)*0.8/3 -> 19.672 | H3: =G3/G5 -> 0.22575512
B4: PRIVADO | C4: =SUM(D9:F9)/3 -> 224.3 | D4: =C4/C5 -> 0.97854444 | F4: PRIVADO | G4: =SUM(D10:F10)/3 -> 67.466667 | H4: =G4/G5 -> 0.77424488
B5: TOTAL | C5: =C3+C4 -> 229.218 | F5: TOTAL | G5: =SUM(G3:G4) -> 87.138667
B7: Balance Nacional de Energía 2017-2019
D8: 2017 | E8: 2018 | F8: 2019 | G8: 2020 | H8: 2021 | I8: 2022 | J8: 2023
B9: Residencial | D9: 212.95 | E9: 227.8 | F9: 232.15 | G9: 260.1 | H9: 250.06 | I9: 264.91 | J9: 271.63
B10: Comercial | D10: 68.13 | E10: 66.17 | F10: 68.1 | G10: 65.8 | H10: 71.99 | I10: 80.177511 | J10: 77.915809
B11: Público | D11: 24.18 | E11: 24.83 | F11: 24.76 | G11: 23.72 | H11: 22.62 | I11: 23.911701 | J11: 21.983645

Sheet FoBObE
A1: Ownership by Cash Flow Entity (dimensionless) | B1: Urban Residential | C1: Rural Residential | D1: Commercial
A2: government | B2: ='MEX Split'!D3 -> 0.021455558 | C2: =B2 -> 0.021455558 | D2: ='MEX Split'!H3 -> 0.22575512
A3: domestic industries | B3: 0 | C3: =B3 -> 0 | D3: ='MEX Split'!H4 -> 0.77424488
A4: labor and consumers | B4: ='MEX Split'!D4 -> 0.97854444 | C4: =B4 -> 0.97854444 | D4: =Commercial!C22 -> 0
A5: foreign entities | B5: 0 | C5: =B5 -> 0 | D5: 0
