Workbook

Sheet About
A1: AVLRaPTC Annual Vehicle Licensing Registration and Property Tax Costs
A3: Sources: | B3: Data
B4: SEMOVI
B5: Department of Mobility of Mexico City
B6: Trámites y Servicios / Vehículos Particulares / Licencias y Permisos
B7: https://www.semovi.cdmx.gob.mx/tramites-y-servicios/vehiculos-particulares/automovil/licencias/licencia-expedicion-nueva
A9: Notes
A12: Currency Conversion
A13: 20.125 | B13: MXN/USD 2022
A14: 0.898 | B14: 2019 to 2012 USD
A15: 0.89805482 | B15: 2020 to 2012 USD
A16: 0.88711067 | B16: 2021 to 2012 USD
A17: 0.84730413 | B17: 2022 to 2012 USD
A18: 0.78452102 | B18: 2023 to 2012 USD
A19: 0.75350342 | B19: 2024 to 2012 USD

Sheet Data
I1: USD/MXN (2022)
I2: =About!A13 -> 20.125
G3: 2022 MXN | I3: 2022 USD | J3: 2012 USD
A4: Mexico city costs | B4: Passenger LDV | C4: 2022 MXN | F4: Lifespan | G4: annualized property cost
B5: Licence | C5: 945 | D5: once | E5: =1/$F$5 -> 0.066666667 | F5: 15 | G5: =SUMPRODUCT(C5:C10,E5:E10) -> 3024.2 | I5: =G5/$I$2 -> 150.27081 | J5: =I5*About!$A$17 -> 127.32508
B6: Plates | C6: 800 | D6: once | E6: =1/$F$5 -> 0.066666667
B7: Cancel plates | C7: 488 | D7: once | E7: =1/$F$5 -> 0.066666667
B8: Registration (t.circulación) | C8: 358 | D8: every 5 years | E8: =5/F5 -> 0.33333333
B9: Auto tax (refrendo y tenencia solo en algunos casos) | C9: 1500 | D9: every year | E9: =1 -> 1
B10: Emissions verification | C10: 628 | D10: twice a year | E10: 2
B11: Passenger HDV | F11: Lifespan | G11: annualized property cost
B12: Licence | C12: 2553 | D12: every 3 years | E12: =3/F12 -> 0.15 | F12: 20 | G12: =SUMPRODUCT(C12:C14,E12:E14) -> 1262.95 | I12: =G12/$I$2 -> 62.75528 | J12: =I12*About!$A$17 -> 53.172808
B13: Revista | C13: 822 | D13: every year | E13: 1
B14: Registration | C14: 232 | D14: every 5 years | E14: =5/F12 -> 0.25
B15: Motorcycles | F15: Lifespan | G15: annualized property cost
B16: Licence | C16: 473 | D16: every 3 years | E16: =3/F16 -> 0.3 | F16: 10 | G16: =SUMPRODUCT(C16:C19,E16:E19) -> 357.6 | I16: =G16/$I$2 -> 17.768944 | J16: =I16*About!$A$17 -> 15.0557
B17: Plates | C17: 586 | D17: once | E17: =1/F16 -> 0.1
B18: Cancel plates | C18: 401 | E18: =1/F16 -> 0.1
B19: Registration | C19: 234 | D19: every 5 years | E19: =5/F16 -> 0.5
A21: Mexico city costs | B21: Cargo LDV | F21: Lifespan | G21: annualized property cost
B22: Licence | C22: 945 | D22: every 3 years | E22: =3/F22 -> 0.3 | F22: 10 | G22: =SUMPRODUCT(C22:C27,E22:E27) -> 3347.3 | I22: =G22/$I$2 -> 166.32547 | J22: =I22*About!$A$17 -> 140.92826
B23: Plates | C23: 800 | D23: once | E23: =1/F22 -> 0.1
B24: Cancel plates | C24: 488 | D24: once | E24: =1/F22 -> 0.1
B25: Registration (t.circulación) | C25: 358 | D25: every 5 years | E25: =5/F22 -> 0.5
B26: Auto tax (tenencia y refrendo) | C26: 1500 | D26: every year | E26: =1 -> 1
B27: Emissions verification | C27: 628 | D27: twice a year | E27: 2
B28: Cargo HDV | F28: Lifespan | G28: annualized property cost
B29: Licence | C29: 2553 | D29: every 3 years | E29: =3/F29 -> 0.15 | F29: 20 | G29: =SUMPRODUCT(C29:C34,E29:E34) -> 23655.75 | I29: =G29/$I$2 -> 1175.441 | J29: =I29*About!$A$17 -> 995.95602
B30: Cancel plates | C30: 590 | D30: once | E30: =1/F29 -> 0.05
B31: Revista | C31: 1246 | D31: every year | E31: 1
B32: Registration (t.circulación) | C32: 232 | D32: every 5 years | E32: =5/F29 -> 0.25
B33: Concession sign-in | C33: 1586 | D33: once | E33: =1/F29 -> 0.05
B34: Concession | C34: 21860 | D34: every year | E34: =1/1 -> 1

Sheet AVLRaPTC
A1: 2012 USD/year | B1: passenger | C1: freight
A2: LDVs | B2: =Data!J5 -> 127.32508 | C2: =Data!J22 -> 140.92826
A3: HDVs | B3: =Data!J12 -> 53.172808 | C3: =Data!J29 -> 995.95602
A4: aircraft | B4: 0 | C4: 0
A5: rail | B5: 0 | C5: 0
A6: ships | B6: 0 | C6: 0
A7: motorbikes | B7: =Data!J16 -> 15.0557 | C7: 0
