Workbook
Name _1_year: #REF!
Name _1_yr_after_compl_yr: #REF!
Name _1_yr_after_compl_yr0: #REF!
Name _1_yr_before_compl_yr: #REF!
Name _2_year: #REF!
Name _2_year_after_compl_yr: #REF!
Name _2_years: #REF!
Name _2_yrs_before_compl_yr: #REF!
Name _20_years: #REF!
Name _22_years: #REF!
Name _25_years: #REF!
Name _3_years: #REF!
Name _3_yrs_before_compl_yr: #REF!
Name _30_years: #REF!
Name _5_years: #REF!
Name _5_yrs_after_compl_yr: #REF!
Name analysis_year: #REF!
Name Bucket: #REF!
Name capital_20_for_ipm: #REF!
Name capital_22_for_ipm: #REF!
Name capital_25_for_ipm: #REF!
Name capital_30_for_ipm: #REF!
Name capital_ct_30_for_ipm: #REF!
Name ck_310_Tm_master2: #REF!
Name ck_310_Tm_master2_ICF: #REF!
Name compl_yr: #REF!
Name compl_yr_for_ipm: #REF!
Name compliance_year_1: #REF!
Name compliance_year_2: #REF!
Name compliance_year_3: #REF!
Name compliance_year_4: #REF!
Name compliance_year_5: #REF!
Name compliance_year_6: #REF!
Name compliance_year_7: #REF!
Name compliance_year_8: #REF!
Name compliance_year_9: #REF!
Name ct_icr: #REF!
Name DeliverabilityOptions: [1]Lists!#REF!
Name discount_rate: #REF!
Name downtime_for_ipm: #REF!
Name dq_stq_facility_costs: #REF!
Name EndMonth: #REF!
Name fom_for_ipm: #REF!
Name icr_costs: #REF!
Name InputUnitList: #REF!
Name IQ_CH: 110000
Name IQ_CQ: 5000
Name IQ_CY: 10000
Name IQ_DAILY: 500000
Name IQ_FH: 100000
Name IQ_FQ: 500
Name IQ_FY: 1000
Name IQ_LTM: 2000
Name IQ_MONTH: 15000
Name IQ_NTM: 6000
Name IQ_WEEK: 50000
Name IQ_YTD: 3000
Name ListCommandControVaryingDegrees: #REF!
Name LocalAreaOptions: [2]Lists!$B$11:$B$21
Name monitor_markup: #REF!

Sheet About
A1: MCF Maximum Capacity Factor
A3: Source: | B3: Energy Secretary (Sener)
B4: 2024
B5: National Electric System Development Program
B6: https://www.gob.mx/cms/uploads/attachment/file/331770/PRODESEN-2018-2032-definitiva.pdf
B7: Programa de Desarrollo del Sistema Eléctrico Nacional
B8: TABLA 4.2.4. FACTOR DE PLANTA
A15: Notes
B16: hard coal | C16: Carboeléctrica
B17: natural gas steam turbine | C17: Combustión Interna
B18: natural gas combined cycle | C18: Ciclo combinado
B19: nuclear | C19: Nuclear
B20: hydro | C20: Hidroeléctrica
B21: onshore wind | C21: Eólica
B22: solar PV | C22: Solar
B23: solar thermal
B24: biomass | C24: Biomasa
B25: geothermal | C25: Geotérmica
B26: petroleum
B27: natural gas peaker | C27: Turbogás
B28: lignite
B29: offshore wind
B30: crude oil
B31: heavy or residual fuel oil | C31: Termoeléctrica convencional
B32: municipal solid waste
B33: hard coal w CCS
B34: natural gas combined cycle w CCS
B35: biomass w CCS
B36: lignite w CCS
B37: small modular reactor
B38: hydrogen combustion turbine
B39: hydrogen combined cycle

Sheet TABLA 4.2.4
B2: Tecnología | C2: Valor medio
B3: Carboeléctrica | C3: 80
B4: Ciclo combinado (-300 MW) | C4: 85
B5: Ciclo combinado (+300 MW) | C5: 70
B6: Combustión interna (-300 MW) | C6: 65
B7: Combustión interna (+300 MW) | C7: 75
B8: Geotérmica | C8: 80
B9: Lecho fluidizado | C9: 85
B10: Nucleoeléctrica | C10: 90
B11: Termoeléctrica | C11: 60
B12: Turbogas (-42 MW) | C12: 65
B13: Turbogas (+42 MW) | C13: 40

Sheet MCF
A1: Unit: dimensionless (peak time capacity factors) | B1: 2021 | C1: 2022 | D1: 2023 | E1: 2024 | F1: 2025 | G1: 2026 | H1: 2027 | I1: 2028 | J1: 2029 | K1: 2030 | L1: 2031 | M1: 2032 | N1: 2033 | O1: 2034 | P1: 2035 | Q1: 2036 | R1: 2037 | S1: 2038 | T1: 2039 | U1: 2040 | V1: 2041 | W1: 2042 | X1: 2043 | Y1: 2044 | Z1: 2045 | AA1: 2046 | AB1: 2047 | AC1: 2048 | AD1: 2049 | AE1: 2050 | AF1: 2051 | AG1: 2052 | AH1: 2053 | AI1: 2054 | AJ1: 2055 | AK1: 2056 | AL1: 2057 | AM1: 2058 | AN1: 2059 | AO1: 2060 | AP1: 2061 | AQ1: 2062 | AR1: 2063 | AS1: 2064 | AT1: 2065 | AU1: 2066 | AV1: 2067 | AW1: 2068 | AX1: 2069 | AY1: 2070
A2: hard coal | B2: ='TABLA 4.2.4'!$C3/100 -> 0.8 | C2: ='TABLA 4.2.4'!$C3/100 -> 0.8 | D2: ='TABLA 4.2.4'!$C3/100 -> 0.8 | E2: ='TABLA 4.2.4'!$C3/100 -> 0.8 | F2: ='TABLA 4.2.4'!$C3/100 -> 0.8 | G2: ='TABLA 4.2.4'!$C3/100 -> 0.8 | H2: ='TABLA 4.2.4'!$C3/100 -> 0.8 | I2: ='TABLA 4.2.4'!$C3/100 -> 0.8 | ... AY2: ='TABLA 4.2.4'!$C3/100 -> 0.8
A3: natural gas steam turbine | B3: =AVERAGE('TABLA 4.2.4'!$C6+'TABLA 4.2.4'!$C7)/200 -> 0.7 | C3: =AVERAGE('TABLA 4.2.4'!$C6+'TABLA 4.2.4'!$C7)/200 -> 0.7 | D3: =AVERAGE('TABLA 4.2.4'!$C6+'TABLA 4.2.4'!$C7)/200 -> 0.7 | E3: =AVERAGE('TABLA 4.2.4'!$C6+'TABLA 4.2.4'!$C7)/200 -> 0.7 | F3: =AVERAGE('TABLA 4.2.4'!$C6+'TABLA 4.2.4'!$C7)/200 -> 0.7 | G3: =AVERAGE('TABLA 4.2.4'!$C6+'TABLA 4.2.4'!$C7)/200 -> 0.7 | H3: =AVERAGE('TABLA 4.2.4'!$C6+'TABLA 4.2.4'!$C7)/200 -> 0.7 | I3: =AVERAGE('TABLA 4.2.4'!$C6+'TABLA 4.2.4'!$C7)/200 -> 0.7 | ... AY3: =AVERAGE('TABLA 4.2.4'!$C6+'TABLA 4.2.4'!$C7)/200 -> 0.7
A4: natural gas combined cycle | B4: =AVERAGE('TABLA 4.2.4'!$C4+'TABLA 4.2.4'!$C5)/200 -> 0.775 | C4: =AVERAGE('TABLA 4.2.4'!$C4+'TABLA 4.2.4'!$C5)/200 -> 0.775 | D4: =AVERAGE('TABLA 4.2.4'!$C4+'TABLA 4.2.4'!$C5)/200 -> 0.775 | E4: =AVERAGE('TABLA 4.2.4'!$C4+'TABLA 4.2.4'!$C5)/200 -> 0.775 | F4: =AVERAGE('TABLA 4.2.4'!$C4+'TABLA 4.2.4'!$C5)/200 -> 0.775 | G4: =AVERAGE('TABLA 4.2.4'!$C4+'TABLA 4.2.4'!$C5)/200 -> 0.775 | H4: =AVERAGE('TABLA 4.2.4'!$C4+'TABLA 4.2.4'!$C5)/200 -> 0.775 | I4: =AVERAGE('TABLA 4.2.4'!$C4+'TABLA 4.2.4'!$C5)/200 -> 0.775 | ... AY4: =AVERAGE('TABLA 4.2.4'!$C4+'TABLA 4.2.4'!$C5)/200 -> 0.775
A5: nuclear | B5: ='TABLA 4.2.4'!$C10/100 -> 0.9 | C5: ='TABLA 4.2.4'!$C10/100 -> 0.9 | D5: ='TABLA 4.2.4'!$C10/100 -> 0.9 | E5: ='TABLA 4.2.4'!$C10/100 -> 0.9 | F5: ='TABLA 4.2.4'!$C10/100 -> 0.9 | G5: ='TABLA 4.2.4'!$C10/100 -> 0.9 | H5: ='TABLA 4.2.4'!$C10/100 -> 0.9 | I5: ='TABLA 4.2.4'!$C10/100 -> 0.9 | ... AY5: ='TABLA 4.2.4'!$C10/100 -> 0.9
A6: hydro | B6: 0.95 | C6: 0.95 | D6: 0.95 | E6: 0.95 | F6: 0.95 | G6: 0.95 | H6: 0.95 | I6: 0.95 | J6: 0.95 | K6: 0.95 | L6: 0.95 | M6: 0.95 | N6: 0.95 | O6: 0.95 | P6: 0.95 | Q6: 0.95 | R6: 0.95 | S6: 0.95 | T6: 0.95 | U6: 0.95 | V6: 0.95 | W6: 0.95 | X6: 0.95 | Y6: 0.95 | Z6: 0.95 | AA6: 0.95 | AB6: 0.95 | AC6: 0.95 | AD6: 0.95 | AE6: 0.95 | AF6: 0.95 | AG6: 0.95 | AH6: 0.95 | AI6: 0.95 | AJ6: 0.95 | AK6: 0.95 | AL6: 0.95 | AM6: 0.95 | AN6: 0.95 | AO6: 0.95 | AP6: 0.95 | AQ6: 0.95 | AR6: 0.95 | AS6: 0.95 | AT6: 0.95 | AU6: 0.95 | AV6: 0.95 | AW6: 0.95 | AX6: 0.95 | AY6: 0.95
A7: onshore wind | B7: 0 | C7: 0 | D7: 0 | E7: 0 | F7: 0 | G7: 0 | H7: 0 | I7: 0 | J7: 0 | K7: 0 | L7: 0 | M7: 0 | N7: 0 | O7: 0 | P7: 0 | Q7: 0 | R7: 0 | S7: 0 | T7: 0 | U7: 0 | V7: 0 | W7: 0 | X7: 0 | Y7: 0 | Z7: 0 | AA7: 0 | AB7: 0 | AC7: 0 | AD7: 0 | AE7: 0 | AF7: 0 | AG7: 0 | AH7: 0 | AI7: 0 | AJ7: 0 | AK7: 0 | AL7: 0 | AM7: 0 | AN7: 0 | AO7: 0 | AP7: 0 | AQ7: 0 | AR7: 0 | AS7: 0 | AT7: 0 | AU7: 0 | AV7: 0 | AW7: 0 | AX7: 0 | AY7: 0
A8: solar pv | B8: 0 | C8: 0 | D8: 0 | E8: 0 | F8: 0 | G8: 0 | H8: 0 | I8: 0 | J8: 0 | K8: 0 | L8: 0 | M8: 0 | N8: 0 | O8: 0 | P8: 0 | Q8: 0 | R8: 0 | S8: 0 | T8: 0 | U8: 0 | V8: 0 | W8: 0 | X8: 0 | Y8: 0 | Z8: 0 | AA8: 0 | AB8: 0 | AC8: 0 | AD8: 0 | AE8: 0 | AF8: 0 | AG8: 0 | AH8: 0 | AI8: 0 | AJ8: 0 | AK8: 0 | AL8: 0 | AM8: 0 | AN8: 0 | AO8: 0 | AP8: 0 | AQ8: 0 | AR8: 0 | AS8: 0 | AT8: 0 | AU8: 0 | AV8: 0 | AW8: 0 | AX8: 0 | AY8: 0
A9: solar thermal | B9: 0 | C9: 0 | D9: 0 | E9: 0 | F9: 0 | G9: 0 | H9: 0 | I9: 0 | J9: 0 | K9: 0 | L9: 0 | M9: 0 | N9: 0 | O9: 0 | P9: 0 | Q9: 0 | R9: 0 | S9: 0 | T9: 0 | U9: 0 | V9: 0 | W9: 0 | X9: 0 | Y9: 0 | Z9: 0 | AA9: 0 | AB9: 0 | AC9: 0 | AD9: 0 | AE9: 0 | AF9: 0 | AG9: 0 | AH9: 0 | AI9: 0 | AJ9: 0 | AK9: 0 | AL9: 0 | AM9: 0 | AN9: 0 | AO9: 0 | AP9: 0 | AQ9: 0 | AR9: 0 | AS9: 0 | AT9: 0 | AU9: 0 | AV9: 0 | AW9: 0 | AX9: 0 | AY9: 0
A10: biomass | B10: 0.95 | C10: 0.95 | D10: 0.95 | E10: 0.95 | F10: 0.95 | G10: 0.95 | H10: 0.95 | I10: 0.95 | J10: 0.95 | K10: 0.95 | L10: 0.95 | M10: 0.95 | N10: 0.95 | O10: 0.95 | P10: 0.95 | Q10: 0.95 | R10: 0.95 | S10: 0.95 | T10: 0.95 | U10: 0.95 | V10: 0.95 | W10: 0.95 | X10: 0.95 | Y10: 0.95 | Z10: 0.95 | AA10: 0.95 | AB10: 0.95 | AC10: 0.95 | AD10: 0.95 | AE10: 0.95 | AF10: 0.95 | AG10: 0.95 | AH10: 0.95 | AI10: 0.95 | AJ10: 0.95 | AK10: 0.95 | AL10: 0.95 | AM10: 0.95 | AN10: 0.95 | AO10: 0.95 | AP10: 0.95 | AQ10: 0.95 | AR10: 0.95 | AS10: 0.95 | AT10: 0.95 | AU10: 0.95 | AV10: 0.95 | AW10: 0.95 | AX10: 0.95 | AY10: 0.95
A11: geothermal | B11: ='TABLA 4.2.4'!$C8/100 -> 0.8 | C11: ='TABLA 4.2.4'!$C8/100 -> 0.8 | D11: ='TABLA 4.2.4'!$C8/100 -> 0.8 | E11: ='TABLA 4.2.4'!$C8/100 -> 0.8 | F11: ='TABLA 4.2.4'!$C8/100 -> 0.8 | G11: ='TABLA 4.2.4'!$C8/100 -> 0.8 | H11: ='TABLA 4.2.4'!$C8/100 -> 0.8 | I11: ='TABLA 4.2.4'!$C8/100 -> 0.8 | ... AY11: ='TABLA 4.2.4'!$C8/100 -> 0.8
A12: petroleum | B12: ='TABLA 4.2.4'!$C11/100 -> 0.6 | C12: ='TABLA 4.2.4'!$C11/100 -> 0.6 | D12: ='TABLA 4.2.4'!$C11/100 -> 0.6 | E12: ='TABLA 4.2.4'!$C11/100 -> 0.6 | F12: ='TABLA 4.2.4'!$C11/100 -> 0.6 | G12: ='TABLA 4.2.4'!$C11/100 -> 0.6 | H12: ='TABLA 4.2.4'!$C11/100 -> 0.6 | I12: ='TABLA 4.2.4'!$C11/100 -> 0.6 | ... AY12: ='TABLA 4.2.4'!$C11/100 -> 0.6
A13: natural gas peaker | B13: =AVERAGE('TABLA 4.2.4'!$C12+'TABLA 4.2.4'!$C13)/200 -> 0.525 | C13: =AVERAGE('TABLA 4.2.4'!$C12+'TABLA 4.2.4'!$C13)/200 -> 0.525 | D13: =AVERAGE('TABLA 4.2.4'!$C12+'TABLA 4.2.4'!$C13)/200 -> 0.525 | E13: =AVERAGE('TABLA 4.2.4'!$C12+'TABLA 4.2.4'!$C13)/200 -> 0.525 | F13: =AVERAGE('TABLA 4.2.4'!$C12+'TABLA 4.2.4'!$C13)/200 -> 0.525 | G13: =AVERAGE('TABLA 4.2.4'!$C12+'TABLA 4.2.4'!$C13)/200 -> 0.525 | H13: =AVERAGE('TABLA 4.2.4'!$C12+'TABLA 4.2.4'!$C13)/200 -> 0.525 | I13: =AVERAGE('TABLA 4.2.4'!$C12+'TABLA 4.2.4'!$C13)/200 -> 0.525 | ... AY13: =AVERAGE('TABLA 4.2.4'!$C12+'TABLA 4.2.4'!$C13)/200 -> 0.525
A14: lignite | B14: ='TABLA 4.2.4'!$C11/100 -> 0.6 | C14: ='TABLA 4.2.4'!$C11/100 -> 0.6 | D14: ='TABLA 4.2.4'!$C11/100 -> 0.6 | E14: ='TABLA 4.2.4'!$C11/100 -> 0.6 | F14: ='TABLA 4.2.4'!$C11/100 -> 0.6 | G14: ='TABLA 4.2.4'!$C11/100 -> 0.6 | H14: ='TABLA 4.2.4'!$C11/100 -> 0.6 | I14: ='TABLA 4.2.4'!$C11/100 -> 0.6 | ... AY14: ='TABLA 4.2.4'!$C11/100 -> 0.6
A15: offshore wind | B15: 0 | C15: 1 | D15: 2 | E15: 3 | F15: 4 | G15: 5 | H15: 6 | I15: 7 | J15: 8 | K15: 9 | L15: 10 | M15: 11 | N15: 12 | O15: 13 | P15: 14 | Q15: 15 | R15: 16 | S15: 17 | T15: 18 | U15: 19 | V15: 20 | W15: 21 | X15: 22 | Y15: 23 | Z15: 24 | AA15: 25 | AB15: 26 | AC15: 27 | AD15: 28 | AE15: 29 | AF15: 30 | AG15: 31 | AH15: 32 | AI15: 33 | AJ15: 34 | AK15: 35 | AL15: 36 | AM15: 37 | AN15: 38 | AO15: 39 | AP15: 40 | AQ15: 41 | AR15: 42 | AS15: 43 | AT15: 44 | AU15: 45 | AV15: 46 | AW15: 47 | AX15: 48 | AY15: 49
A16: crude oil | B16: ='TABLA 4.2.4'!$C11/100 -> 0.6 | C16: ='TABLA 4.2.4'!$C11/100 -> 0.6 | D16: ='TABLA 4.2.4'!$C11/100 -> 0.6 | E16: ='TABLA 4.2.4'!$C11/100 -> 0.6 | F16: ='TABLA 4.2.4'!$C11/100 -> 0.6 | G16: ='TABLA 4.2.4'!$C11/100 -> 0.6 | H16: ='TABLA 4.2.4'!$C11/100 -> 0.6 | I16: ='TABLA 4.2.4'!$C11/100 -> 0.6 | ... AY16: ='TABLA 4.2.4'!$C11/100 -> 0.6
A17: heavy or residual fuel oil | B17: ='TABLA 4.2.4'!$C11/100 -> 0.6 | C17: ='TABLA 4.2.4'!$C11/100 -> 0.6 | D17: ='TABLA 4.2.4'!$C11/100 -> 0.6 | E17: ='TABLA 4.2.4'!$C11/100 -> 0.6 | F17: ='TABLA 4.2.4'!$C11/100 -> 0.6 | G17: ='TABLA 4.2.4'!$C11/100 -> 0.6 | H17: ='TABLA 4.2.4'!$C11/100 -> 0.6 | I17: ='TABLA 4.2.4'!$C11/100 -> 0.6 | ... AY17: ='TABLA 4.2.4'!$C11/100 -> 0.6
A18: municipal solid waste | B18: 0.95 | C18: 1.95 | D18: 2.95 | E18: 3.95 | F18: 4.95 | G18: 5.95 | H18: 6.95 | I18: 7.95 | J18: 8.95 | K18: 9.95 | L18: 10.95 | M18: 11.95 | N18: 12.95 | O18: 13.95 | P18: 14.95 | Q18: 15.95 | R18: 16.95 | S18: 17.95 | T18: 18.95 | U18: 19.95 | V18: 20.95 | W18: 21.95 | X18: 22.95 | Y18: 23.95 | Z18: 24.95 | AA18: 25.95 | AB18: 26.95 | AC18: 27.95 | AD18: 28.95 | AE18: 29.95 | AF18: 30.95 | AG18: 31.95 | AH18: 32.95 | AI18: 33.95 | AJ18: 34.95 | AK18: 35.95 | AL18: 36.95 | AM18: 37.95 | AN18: 38.95 | AO18: 39.95 | AP18: 40.95 | AQ18: 41.95 | AR18: 42.95 | AS18: 43.95 | AT18: 44.95 | AU18: 45.95 | AV18: 46.95 | AW18: 47.95 | AX18: 48.95 | AY18: 49.95
A19: hard coal w CCS | B19: ='TABLA 4.2.4'!$C3/100 -> 0.8 | C19: ='TABLA 4.2.4'!$C3/100 -> 0.8 | D19: ='TABLA 4.2.4'!$C3/100 -> 0.8 | E19: ='TABLA 4.2.4'!$C3/100 -> 0.8 | F19: ='TABLA 4.2.4'!$C3/100 -> 0.8 | G19: ='TABLA 4.2.4'!$C3/100 -> 0.8 | H19: ='TABLA 4.2.4'!$C3/100 -> 0.8 | I19: ='TABLA 4.2.4'!$C3/100 -> 0.8 | ... AY19: ='TABLA 4.2.4'!$C3/100 -> 0.8
A20: natural gas combined cycle w CCS | B20: =AVERAGE('TABLA 4.2.4'!$C4+'TABLA 4.2.4'!$C5)/200 -> 0.775 | C20: =AVERAGE('TABLA 4.2.4'!$C4+'TABLA 4.2.4'!$C5)/200 -> 0.775 | D20: =AVERAGE('TABLA 4.2.4'!$C4+'TABLA 4.2.4'!$C5)/200 -> 0.775 | E20: =AVERAGE('TABLA 4.2.4'!$C4+'TABLA 4.2.4'!$C5)/200 -> 0.775 | F20: =AVERAGE('TABLA 4.2.4'!$C4+'TABLA 4.2.4'!$C5)/200 -> 0.775 | G20: =AVERAGE('TABLA 4.2.4'!$C4+'TABLA 4.2.4'!$C5)/200 -> 0.775 | H20: =AVERAGE('TABLA 4.2.4'!$C4+'TABLA 4.2.4'!$C5)/200 -> 0.775 | I20: =AVERAGE('TABLA 4.2.4'!$C4+'TABLA 4.2.4'!$C5)/200 -> 0.775 | ... AY20: =AVERAGE('TABLA 4.2.4'!$C4+'TABLA 4.2.4'!$C5)/200 -> 0.775
A21: biomass w CCS | B21: 0.95 | C21: 1.95 | D21: 2.95 | E21: 3.95 | F21: 4.95 | G21: 5.95 | H21: 6.95 | I21: 7.95 | J21: 8.95 | K21: 9.95 | L21: 10.95 | M21: 11.95 | N21: 12.95 | O21: 13.95 | P21: 14.95 | Q21: 15.95 | R21: 16.95 | S21: 17.95 | T21: 18.95 | U21: 19.95 | V21: 20.95 | W21: 21.95 | X21: 22.95 | Y21: 23.95 | Z21: 24.95 | AA21: 25.95 | AB21: 26.95 | AC21: 27.95 | AD21: 28.95 | AE21: 29.95 | AF21: 30.95 | AG21: 31.95 | AH21: 32.95 | AI21: 33.95 | AJ21: 34.95 | AK21: 35.95 | AL21: 36.95 | AM21: 37.95 | AN21: 38.95 | AO21: 39.95 | AP21: 40.95 | AQ21: 41.95 | AR21: 42.95 | AS21: 43.95 | AT21: 44.95 | AU21: 45.95 | AV21: 46.95 | AW21: 47.95 | AX21: 48.95 | AY21: 49.95
A22: lignite w CCS | B22: ='TABLA 4.2.4'!$C11/100 -> 0.6 | C22: ='TABLA 4.2.4'!$C11/100 -> 0.6 | D22: ='TABLA 4.2.4'!$C11/100 -> 0.6 | E22: ='TABLA 4.2.4'!$C11/100 -> 0.6 | F22: ='TABLA 4.2.4'!$C11/100 -> 0.6 | G22: ='TABLA 4.2.4'!$C11/100 -> 0.6 | H22: ='TABLA 4.2.4'!$C11/100 -> 0.6 | I22: ='TABLA 4.2.4'!$C11/100 -> 0.6 | ... AY22: ='TABLA 4.2.4'!$C11/100 -> 0.6
A23: small modular reactor | B23: ='TABLA 4.2.4'!$C10/100 -> 0.9 | C23: ='TABLA 4.2.4'!$C10/100 -> 0.9 | D23: ='TABLA 4.2.4'!$C10/100 -> 0.9 | E23: ='TABLA 4.2.4'!$C10/100 -> 0.9 | F23: ='TABLA 4.2.4'!$C10/100 -> 0.9 | G23: ='TABLA 4.2.4'!$C10/100 -> 0.9 | H23: ='TABLA 4.2.4'!$C10/100 -> 0.9 | I23: ='TABLA 4.2.4'!$C10/100 -> 0.9 | ... AY23: ='TABLA 4.2.4'!$C10/100 -> 0.9
A24: hydrogen combustion turbine | B24: =AVERAGE('TABLA 4.2.4'!$C6+'TABLA 4.2.4'!$C7)/200 -> 0.7 | C24: =AVERAGE('TABLA 4.2.4'!$C6+'TABLA 4.2.4'!$C7)/200 -> 0.7 | D24: =AVERAGE('TABLA 4.2.4'!$C6+'TABLA 4.2.4'!$C7)/200 -> 0.7 | E24: =AVERAGE('TABLA 4.2.4'!$C6+'TABLA 4.2.4'!$C7)/200 -> 0.7 | F24: =AVERAGE('TABLA 4.2.4'!$C6+'TABLA 4.2.4'!$C7)/200 -> 0.7 | G24: =AVERAGE('TABLA 4.2.4'!$C6+'TABLA 4.2.4'!$C7)/200 -> 0.7 | H24: =AVERAGE('TABLA 4.2.4'!$C6+'TABLA 4.2.4'!$C7)/200 -> 0.7 | I24: =AVERAGE('TABLA 4.2.4'!$C6+'TABLA 4.2.4'!$C7)/200 -> 0.7 | ... AY24: =AVERAGE('TABLA 4.2.4'!$C6+'TABLA 4.2.4'!$C7)/200 -> 0.7
A25: hydrogen combined cycle | B25: =AVERAGE('TABLA 4.2.4'!$C4+'TABLA 4.2.4'!$C5)/200 -> 0.775 | C25: =AVERAGE('TABLA 4.2.4'!$C4+'TABLA 4.2.4'!$C5)/200 -> 0.775 | D25: =AVERAGE('TABLA 4.2.4'!$C4+'TABLA 4.2.4'!$C5)/200 -> 0.775 | E25: =AVERAGE('TABLA 4.2.4'!$C4+'TABLA 4.2.4'!$C5)/200 -> 0.775 | F25: =AVERAGE('TABLA 4.2.4'!$C4+'TABLA 4.2.4'!$C5)/200 -> 0.775 | G25: =AVERAGE('TABLA 4.2.4'!$C4+'TABLA 4.2.4'!$C5)/200 -> 0.775 | H25: =AVERAGE('TABLA 4.2.4'!$C4+'TABLA 4.2.4'!$C5)/200 -> 0.775 | I25: =AVERAGE('TABLA 4.2.4'!$C4+'TABLA 4.2.4'!$C5)/200 -> 0.775 | ... AY25: =AVERAGE('TABLA 4.2.4'!$C4+'TABLA 4.2.4'!$C5)/200 -> 0.775
