Workbook
Name outputfrac_bio: #REF!
Name outputfrac_coal: #REF!
Name outputfrac_elec: #REF!
Name outputfrac_ngps: #REF!
Name outputfrac_nonenergy: #REF!
Name outputfrac_other: #REF!

Sheet About
A1: FoVObE Fraction of Vehicles Owned by Entity
A3: Source: | B3: REGISTERED MOTOR VEHICLES IN CIRCULATION
B4: Instituto Nacional de Estadísticas y Geografía (INEGI)
B5: Accessed 2024
B6: Registered motor vehicles
B7: https://www.inegi.org.mx/app/buscador/default.html?q=vmrc
A10: Note:
A11: Excluded vehicle types include: general aviation, military vehicles, passenger ferries, non-truck construction vehicles, non-truck agricultural vehicles, small electric craft (scooters, golf carts, etc.)
A13: From NTS Table 1-11, we try to use the years that match our other data sources (usually 2011), rather than the latest year
A14: available, because we are taking ratios.
A16: Vehicle Exports
A17: Vehicles produced and sold for export (sold and used outside the modeled region) should not be included here.
A18: The transportation sector in the EPS only tracks transportation within the modeled region.
A19: (Exported vehicles may be included in grouped Industry Sector outputs, where exports are handled.)
A20: Therefore, the share of vehicles assigned to "foreign entities" in this variable should be zero.
A21: Even if a foreign entity owns vehicles in the modeled region, classify those vehicles as government-, industry-,
A22: or consumer-owned, depending on the nature of the foreign entitiy.
A25: In the output tab, we show more decimal places than the source data
... A27: add to 1).

Sheet Registered motor vehicles
A1: INSTITUTO NACIONAL DE ESTADÍSTICA Y GEOGRAFÍA
A2: DIRECCIÓN GENERAL ADJUNTA DE REGISTROS ADMINISTRATIVOS ECONÓMICOS
A3: DIRECCIÓN DE ESTADÍSTICAS ECONÓMICAS DE REGISTROS ADMINISTRATIVOS
A5: VEHÍCULOS DE MOTOR REGISTRADOS EN CIRCULACIÓN DEL AÑO 2022 1/
A7: ESTADOS UNIDOS MEXICANOS
A9: ENTIDAD FEDERATIVA | B9: TOTAL | D9: AUTOMÓVILES | I9: CAMIONES PARA PASAJEROS | N9: CAMIONES Y CAMIONETAS PARA CARGA | S9: MOTOCICLETAS
D10: SUMA | E10: OFICIAL | F10: PÚBLICO | G10: PARTICULAR | I10: SUMA | J10: OFICIAL | K10: PÚBLICO | L10: PARTICULAR | N10: SUMA | O10: OFICIAL | P10: PÚBLICO | Q10: PARTICULAR | S10: SUMA | T10: OFICIAL | U10: DE ALQUILER | V10: PARTICULAR
A11: TOTAL | B11: 55167421 | D11: 36496879 | E11: 62273 | F11: 678281 | G11: 35756325 | I11: 468586 | J11: 3483 | K11: 184683 | L11: 280420 | N11: 11395481 | O11: 90890 | P11: 123741 | Q11: 11180850 | S11: 6806475 | T11: 17700 | U11: 21792 | V11: 6766983
A12: Aguascalientes | B12: 721372 | D12: 440242 | E12: 472 | F12: 5346 | G12: 434424 | I12: 3375 | J12: 4 | K12: 2554 | L12: 817 | N12: 171423 | O12: 687 | P12: 4186 | Q12: 166550 | S12: 106332 | T12: 300 | U12: 0 | V12: 106032
A13: Baja California | B13: 2208801 | D13: 1668451 | E13: 0 | F13: 9711 | G13: 1658740 | I13: 15098 | J13: 0 | K13: 11069 | L13: 4029 | N13: 473836 | O13: 0 | P13: 421 | Q13: 473415 | S13: 51416 | T13: 0 | U13: 0 | V13: 51416
A14: Baja California Sur | B14: 587090 | D14: 408076 | E14: 1668 | F14: 22539 | G14: 383869 | I14: 2428 | J14: 49 | K14: 907 | L14: 1472 | N14: 161173 | O14: 2874 | P14: 1992 | Q14: 156307 | S14: 15413 | T14: 72 | U14: 160 | V14: 15181
A15: Campeche | B15: 372668 | D15: 170254 | E15: 428 | F15: 2695 | G15: 167131 | I15: 840 | J15: 26 | K15: 328 | L15: 486 | N15: 61292 | O15: 972 | P15: 379 | Q15: 59941 | S15: 140282 | T15: 223 | U15: 292 | V15: 139767
A16: Chiapas | B16: 1136170 | D16: 570101 | E16: 2363 | F16: 12393 | G16: 555345 | I16: 8831 | J16: 77 | K16: 7637 | L16: 1117 | N16: 364634 | O16: 4682 | P16: 6826 | Q16: 353126 | S16: 192604 | T16: 866 | U16: 1250 | V16: 190488
A17: Chihuahua | B17: 1931820 | D17: 1371682 | E17: 2269 | F17: 3153 | G17: 1366260 | I17: 10531 | J17: 345 | K17: 5160 | L17: 5026 | N17: 511408 | O17: 5448 | P17: 4438 | Q17: 501522 | S17: 38199 | T17: 613 | U17: 0 | V17: 37586
A18: Ciudad de México | B18: 6368520 | D18: 5637479 | E18: 0 | F18: 126126 | G18: 5511353 | I18: 32443 | J18: 0 | K18: 2644 | L18: 29799 | N18: 90333 | O18: 0 | P18: 0 | Q18: 90333 | S18: 608265 | T18: 0 | U18: 0 | V18: 608265
A19: Coahuila de Zaragoza | B19: 1127781 | D19: 675089 | E19: 362 | F19: 15747 | G19: 658980 | I19: 130374 | J19: 10 | K19: 8559 | L19: 121805 | N19: 273725 | O19: 1253 | P19: 903 | Q19: 271569 | S19: 48593 | T19: 169 | U19: 0 | V19: 48424
A20: Colima | B20: 397307 | D20: 202557 | E20: 902 | F20: 2628 | G20: 199027 | I20: 1455 | J20: 28 | K20: 671 | L20: 756 | N20: 106002 | O20: 1288 | P20: 459 | Q20: 104255 | S20: 87293 | T20: 289 | U20: 0 | V20: 87004
A21: Durango | B21: 694906 | D21: 427986 | E21: 342 | F21: 10611 | G21: 417033 | I21: 2862 | J21: 4 | K21: 2165 | L21: 693 | N21: 224284 | O21: 698 | P21: 2749 | Q21: 220837 | S21: 39774 | T21: 168 | U21: 0 | V21: 39606
A22: Guanajuato | B22: 2271471 | D22: 1201268 | E22: 9633 | F22: 9883 | G22: 1181752 | I22: 30767 | J22: 810 | K22: 4748 | L22: 25209 | N22: 541086 | O22: 13512 | P22: 763 | Q22: 526811 | S22: 498350 | T22: 3189 | U22: 0 | V22: 495161
... A43: Zacatecas | B43: 639134 | D43: 306883 | E43: 601 | F43: 2435 | G43: 303847 | I43: 1981 | J43: 43 | K43: 965 | L43: 973 | N43: 237838 | O43: 1285 | P43: 688 | Q43: 235865 | S43: 92432 | T43: 256 | U43: 1 | V43: 92175
A44: 1/ Vehículos Registrados al 31 de diciembre.
A45: FUENTE: INEGI. Estadística de Vehículos de Motor Registrados en Circulación.

Sheet Calculations
C4: OFICIAL | D4: PÚBLICO | E4: PARTICULAR | H4: OFICIAL | I4: PÚBLICO | J4: PARTICULAR
B5: Automovil | C5: ='Registered motor vehicles'!E11 -> 62273 | D5: ='Registered motor vehicles'!F11 -> 678281 | E5: ='Registered motor vehicles'!G11 -> 35756325 | G5: Automovil | H5: =C5/SUM($C5:$E5) -> 0.0017062555 | I5: =D5/SUM($C5:$E5) -> 0.01858463 | J5: =E5/SUM($C5:$E5) -> 0.97970911
B6: Camión pasajeros | C6: ='Registered motor vehicles'!J11 -> 3483 | D6: ='Registered motor vehicles'!K11 -> 184683 | E6: ='Registered motor vehicles'!L11 -> 280420 | G6: Camión pasajeros | H6: =C6/SUM($C6:$E6) -> 0.0074330006 | I6: =D6/SUM($C6:$E6) -> 0.39412829 | J6: =E6/SUM($C6:$E6) -> 0.59843871
B7: Camión carga | C7: ='Registered motor vehicles'!O11 -> 90890 | D7: ='Registered motor vehicles'!P11 -> 123741 | E7: ='Registered motor vehicles'!Q11 -> 11180850 | G7: Camión carga | H7: =C7/SUM($C7:$E7) -> 0.0079759687 | I7: =D7/SUM($C7:$E7) -> 0.010858778 | J7: =E7/SUM($C7:$E7) -> 0.98116525
B8: Motocicletas | C8: ='Registered motor vehicles'!T11 -> 17700 | D8: ='Registered motor vehicles'!U11 -> 21792 | E8: ='Registered motor vehicles'!V11 -> 6766983 | G8: Motocicletas | H8: =C8/SUM($C8:$E8) -> 0.002600465 | I8: =D8/SUM($C8:$E8) -> 0.0032016572 | J8: =E8/SUM($C8:$E8) -> 0.99419788

Sheet FoVObE-passengers
A1: Fraction Owned by Entity (dimensionless) | B1: government | C1: domestic industries | D1: labor and consumers | E1: foreign entities
A2: LDVs | B2: =Calculations!H5 -> 0.0017062555 | C2: =Calculations!I5 -> 0.01858463 | D2: =Calculations!J5 -> 0.97970911 | E2: 0
A3: HDVs | B3: =Calculations!H6 -> 0.0074330006 | C3: =Calculations!I6 -> 0.39412829 | D3: =Calculations!J6 -> 0.59843871 | E3: 0
A4: aircraft | B4: 0 | C4: 1 | D4: 0 | E4: 0
A5: rail | B5: 1 | C5: 0 | D5: 0 | E5: 0
A6: ships | B6: 0 | C6: 1 | D6: 0 | E6: 0
A7: motorbikes | B7: =Calculations!H8 -> 0.002600465 | C7: =Calculations!I8 -> 0.0032016572 | D7: =Calculations!J8 -> 0.99419788 | E7: 0

Sheet FoVObE-freight
A1: Fraction Owned by Entity (dimensionless) | B1: government | C1: domestic industries | D1: labor and consumers | E1: foreign entities
A2: LDVs | B2: 0 | C2: 0.5 | D2: 0.5 | E2: 0
A3: HDVs | B3: =Calculations!H6 -> 0.0074330006 | C3: =Calculations!I6 -> 0.39412829 | D3: =Calculations!J6 -> 0.59843871 | E3: 0
A4: aircraft | B4: 0 | C4: 1 | D4: 0 | E4: 0
A5: rail | B5: 0 | C5: 1 | D5: 0 | E5: 0
A6: ships | B6: 0 | C6: 1 | D6: 0 | E6: 0
A7: motorbikes | B7: 0 | C7: 0.5 | D7: 0.5 | E7: 0
