Workbook

Sheet About
A1: ERWD Enhanced Rock Weathering Potential
A2: ERWD Enhanced Rock Weathering Energy Intensity
A3: ERWD Enhanced Rock Weathering Amortized CapEx and OM
A5: Sources: | B5: Potential
B6: Fuhrman et al.
B7: 2023
B8: Diverse carbon dioxide removal approaches could reduce impacts on the energy-water-land system
B9: https://www.nature.com/articles/s41558-023-01604-9
B10: Supplemental information, Figure 9
B12: Beering et al.
B13: Potential for large-scale CO2 removal via enhanced rock weathering with croplands
B14: https://www.nature.com/articles/s41586-020-2448-9
A19: Notes
A20: We report the US specific cost and potential.
A22: Because enhanced rock weathering involves the crushing of rock and application
A23: on fields, which are available technologies today, we assume the full potential
A24: could be realized as soon as 2030. However, it is worth noting that would require
A25: a very large scale-up of capacity and transportation logistics.
A27: Amortized CapEx and OM Cost Notes
A28: CapEx here should include the cost of equipment, maintenance, and labor.
A29: Energy costs are calculated separately in the model and should not be included here.
A31: 2020 to 2012 USD
A32: 0.88711067
A34: BTU per GJ | B34: 947817

Sheet Fuhrman data
B2: Mexico
A3: MX representative cost per ton | B3: 90
A4: 2020 cost adder (declines to 0 by 2050 in Fuhrman et al), Supplementary Table 3 | B4: 138
A5: Total potential | B5: 90
A6: Best estimate, electrical energy inputs (GJ/tCO2), Supplemental Table 4 | B6: 0.66

Sheet ERWD-potential
A1: metric tons/yr | B1: 2020 | C1: 2021 | D1: 2022 | E1: 2023 | F1: 2024 | G1: 2025 | H1: 2026 | I1: 2027 | J1: 2028 | K1: 2029 | L1: 2030 | M1: 2031 | N1: 2032 | O1: 2033 | P1: 2034 | Q1: 2035 | R1: 2036 | S1: 2037 | T1: 2038 | U1: 2039 | V1: 2040 | W1: 2041 | X1: 2042 | Y1: 2043 | Z1: 2044 | AA1: 2045 | AB1: 2046 | AC1: 2047 | AD1: 2048 | AE1: 2049 | AF1: 2050 | AG1: 2051 | AH1: 2052 | AI1: 2053 | AJ1: 2054 | AK1: 2055 | AL1: 2056 | AM1: 2057 | AN1: 2058 | AO1: 2059 | AP1: 2060 | AQ1: 2061 | AR1: 2062 | AS1: 2063 | AT1: 2064 | AU1: 2065 | AV1: 2066 | AW1: 2067 | AX1: 2068 | AY1: 2069 | AZ1: 2070
A2: DAC Potential | B2: 0 | C2: 0 | D2: 0 | E2: 0 | F2: =E2 -> 0 | G2: {=TREND($L$2-$F$2)/COUNT($G$1:$L$1)+F2} -> 15000000 | H2: {=TREND($L$2-$F$2)/COUNT($G$1:$L$1)+G2} -> 30000000 | I2: {=TREND($L$2-$F$2)/COUNT($G$1:$L$1)+H2} -> 45000000 | J2: {=TREND($L$2-$F$2)/COUNT($G$1:$L$1)+I2} -> 60000000 | K2: {=TREND($L$2-$F$2)/COUNT($G$1:$L$1)+J2} -> 75000000 | L2: ='Fuhrman data'!$B$5*10^6 -> 90000000 | M2: ='Fuhrman data'!$B$5*10^6 -> 90000000 | N2: ='Fuhrman data'!$B$5*10^6 -> 90000000 | O2: ='Fuhrman data'!$B$5*10^6 -> 90000000 | P2: ='Fuhrman data'!$B$5*10^6 -> 90000000 | Q2: ='Fuhrman data'!$B$5*10^6 -> 90000000 | R2: ='Fuhrman data'!$B$5*10^6 -> 90000000 | S2: ='Fuhrman data'!$B$5*10^6 -> 90000000 | ... AZ2: ='Fuhrman data'!$B$5*10^6 -> 90000000

Sheet ERWD-energyintensity
A1: BTU/metric ton CO2 | B1: 2020 | C1: 2021 | D1: 2022 | E1: 2023 | F1: 2024 | G1: 2025 | H1: 2026 | I1: 2027 | J1: 2028 | K1: 2029 | L1: 2030 | M1: 2031 | N1: 2032 | O1: 2033 | P1: 2034 | Q1: 2035 | R1: 2036 | S1: 2037 | T1: 2038 | U1: 2039 | V1: 2040 | W1: 2041 | X1: 2042 | Y1: 2043 | Z1: 2044 | AA1: 2045 | AB1: 2046 | AC1: 2047 | AD1: 2048 | AE1: 2049 | AF1: 2050
A2: electricity | B2: ='Fuhrman data'!B6*About!B34 -> 625559.22 | C2: =$B$2 -> 625559.22 | D2: =$B$2 -> 625559.22 | E2: =$B$2 -> 625559.22 | F2: =$B$2 -> 625559.22 | G2: =$B$2 -> 625559.22 | H2: =$B$2 -> 625559.22 | I2: =$B$2 -> 625559.22 | J2: =$B$2 -> 625559.22 | ... AF2: =$B$2 -> 625559.22
A3: coal | B3: 0 | C3: 0 | D3: 0 | E3: 0 | F3: 0 | G3: 0 | H3: 0 | I3: 0 | J3: 0 | K3: 0 | L3: 0 | M3: 0 | N3: 0 | O3: 0 | P3: 0 | Q3: 0 | R3: 0 | S3: 0 | T3: 0 | U3: 0 | V3: 0 | W3: 0 | X3: 0 | Y3: 0 | Z3: 0 | AA3: 0 | AB3: 0 | AC3: 0 | AD3: 0 | AE3: 0 | AF3: 0
A4: natural gas | B4: 0 | C4: 0 | D4: 0 | E4: 0 | F4: 0 | G4: 0 | H4: 0 | I4: 0 | J4: 0 | K4: 0 | L4: 0 | M4: 0 | N4: 0 | O4: 0 | P4: 0 | Q4: 0 | R4: 0 | S4: 0 | T4: 0 | U4: 0 | V4: 0 | W4: 0 | X4: 0 | Y4: 0 | Z4: 0 | AA4: 0 | AB4: 0 | AC4: 0 | AD4: 0 | AE4: 0 | AF4: 0
A5: biomass | B5: 0 | C5: 0 | D5: 0 | E5: 0 | F5: 0 | G5: 0 | H5: 0 | I5: 0 | J5: 0 | K5: 0 | L5: 0 | M5: 0 | N5: 0 | O5: 0 | P5: 0 | Q5: 0 | R5: 0 | S5: 0 | T5: 0 | U5: 0 | V5: 0 | W5: 0 | X5: 0 | Y5: 0 | Z5: 0 | AA5: 0 | AB5: 0 | AC5: 0 | AD5: 0 | AE5: 0 | AF5: 0
A6: petroleum diesel | B6: 0 | C6: 0 | D6: 0 | E6: 0 | F6: 0 | G6: 0 | H6: 0 | I6: 0 | J6: 0 | K6: 0 | L6: 0 | M6: 0 | N6: 0 | O6: 0 | P6: 0 | Q6: 0 | R6: 0 | S6: 0 | T6: 0 | U6: 0 | V6: 0 | W6: 0 | X6: 0 | Y6: 0 | Z6: 0 | AA6: 0 | AB6: 0 | AC6: 0 | AD6: 0 | AE6: 0 | AF6: 0
A7: heat | B7: 0 | C7: 0 | D7: 0 | E7: 0 | F7: 0 | G7: 0 | H7: 0 | I7: 0 | J7: 0 | K7: 0 | L7: 0 | M7: 0 | N7: 0 | O7: 0 | P7: 0 | Q7: 0 | R7: 0 | S7: 0 | T7: 0 | U7: 0 | V7: 0 | W7: 0 | X7: 0 | Y7: 0 | Z7: 0 | AA7: 0 | AB7: 0 | AC7: 0 | AD7: 0 | AE7: 0 | AF7: 0
A8: crude oil | B8: 0 | C8: 0 | D8: 0 | E8: 0 | F8: 0 | G8: 0 | H8: 0 | I8: 0 | J8: 0 | K8: 0 | L8: 0 | M8: 0 | N8: 0 | O8: 0 | P8: 0 | Q8: 0 | R8: 0 | S8: 0 | T8: 0 | U8: 0 | V8: 0 | W8: 0 | X8: 0 | Y8: 0 | Z8: 0 | AA8: 0 | AB8: 0 | AC8: 0 | AD8: 0 | AE8: 0 | AF8: 0
A9: heavy or residual fuel oil | B9: 0 | C9: 0 | D9: 0 | E9: 0 | F9: 0 | G9: 0 | H9: 0 | I9: 0 | J9: 0 | K9: 0 | L9: 0 | M9: 0 | N9: 0 | O9: 0 | P9: 0 | Q9: 0 | R9: 0 | S9: 0 | T9: 0 | U9: 0 | V9: 0 | W9: 0 | X9: 0 | Y9: 0 | Z9: 0 | AA9: 0 | AB9: 0 | AC9: 0 | AD9: 0 | AE9: 0 | AF9: 0
A10: LPG propane or butane | B10: 0 | C10: 0 | D10: 0 | E10: 0 | F10: 0 | G10: 0 | H10: 0 | I10: 0 | J10: 0 | K10: 0 | L10: 0 | M10: 0 | N10: 0 | O10: 0 | P10: 0 | Q10: 0 | R10: 0 | S10: 0 | T10: 0 | U10: 0 | V10: 0 | W10: 0 | X10: 0 | Y10: 0 | Z10: 0 | AA10: 0 | AB10: 0 | AC10: 0 | AD10: 0 | AE10: 0 | AF10: 0
A11: hydrogen | B11: 0 | C11: 0 | D11: 0 | E11: 0 | F11: 0 | G11: 0 | H11: 0 | I11: 0 | J11: 0 | K11: 0 | L11: 0 | M11: 0 | N11: 0 | O11: 0 | P11: 0 | Q11: 0 | R11: 0 | S11: 0 | T11: 0 | U11: 0 | V11: 0 | W11: 0 | X11: 0 | Y11: 0 | Z11: 0 | AA11: 0 | AB11: 0 | AC11: 0 | AD11: 0 | AE11: 0 | AF11: 0

Sheet ERWD-capex
A1: $/metric ton CO2 | B1: 2020 | C1: 2021 | D1: 2022 | E1: 2023 | F1: 2024 | G1: 2025 | H1: 2026 | I1: 2027 | J1: 2028 | K1: 2029 | L1: 2030 | M1: 2031 | N1: 2032 | O1: 2033 | P1: 2034 | Q1: 2035 | R1: 2036 | S1: 2037 | T1: 2038 | U1: 2039 | V1: 2040 | W1: 2041 | X1: 2042 | Y1: 2043 | Z1: 2044 | AA1: 2045 | AB1: 2046 | AC1: 2047 | AD1: 2048 | AE1: 2049 | AF1: 2050
A2: amortized CapEx | B2: =('Fuhrman data'!B3+'Fuhrman data'!B4)*About!A32 -> 202.26123 | C2: =($AF$2-$B$2)/COUNT($C$1:$AF$1)+B2 -> 198.18052 | D2: =($AF$2-$B$2)/COUNT($C$1:$AF$1)+C2 -> 194.09981 | E2: =($AF$2-$B$2)/COUNT($C$1:$AF$1)+D2 -> 190.01911 | F2: =($AF$2-$B$2)/COUNT($C$1:$AF$1)+E2 -> 185.9384 | G2: =($AF$2-$B$2)/COUNT($C$1:$AF$1)+F2 -> 181.85769 | H2: =($AF$2-$B$2)/COUNT($C$1:$AF$1)+G2 -> 177.77698 | I2: =($AF$2-$B$2)/COUNT($C$1:$AF$1)+H2 -> 173.69627 | J2: =($AF$2-$B$2)/COUNT($C$1:$AF$1)+I2 -> 169.61556 | ... AE2: =($AF$2-$B$2)/COUNT($C$1:$AF$1)+AD2 -> 83.92067 | AF2: ='Fuhrman data'!B3*About!A32 -> 79.83996
