Workbook
Name A.a.Scenario.EcoGrowth: [1]Control!$E$72
Name A.a.Scenario.Population: [1]Control!$E$71
Name Constants.Density.JetFuel: [1]Constants!$C$37
Name Constants.GCV.ATF: [1]Constants!$C$18
Name Constants.GCV.Diesel: [1]Constants!$C$17
Name Constants.GCV.NaturalGasProduced: [1]Constants!$C$21
Name Conversion.Barril.to.litres: [1]Conversions!$E$72
Name Conversion.to.annual.energy: [1]Conversions!$E$62
Name Conversion.to.average.power: [1]Conversions!$E$61
Name Conversion.to.energy.per.second: [1]Conversions!$E$63
Name Conversion.UKgallons.to.litres: [1]Conversions!$E$69
Name Conversions.Area.m2: [1]Conversions!$E$50:$E$55
Name Conversions.Area.Units: [1]Conversions!$B$50:$B$55
Name Conversions.Energy.Joules: [1]Conversions!$E$5:$E$26
Name Conversions.Energy.Units: [1]Conversions!$B$5:$B$26
Name Conversions.Money.MXP: [1]Conversions!$F$78:$F$90
Name Conversions.Money.Units: [1]Conversions!$B$78:$B$90
Name Conversions.Power.Units: [1]Conversions!$B$31:$B$36
Name Conversions.Power.Watts: [1]Conversions!$E$31:$E$36
Name Conversions.Time.Seconds: [1]Conversions!$E$41:$E$45
Name Conversions.Time.Units: [1]Conversions!$B$41:$B$45
Name Cost.FinanceCostTable: '[1]Global assumptions'!$B$41:$I$90
Name discount_factors: '[1]Global assumptions'!$D$33:$K$33
Name Discount_rate: '[1]Global assumptions'!$C$32
Name EF.BlastFurnaceGas.CO2: [1]Constants!$F$11
Name EF.Diesel.CH4: [1]Constants!$G$9
Name EF.Diesel.CO2: [1]Constants!$F$9
Name EF.Diesel.N2O: [1]Constants!$H$9
Name EF.IndustrialCoal.CH4: [1]Constants!$G$8
Name EF.IndustrialCoal.CO2: [1]Constants!$F$8
Name EF.IndustrialCoal.N2O: [1]Constants!$H$8
Name EF.NaturalGas.CH4: [1]Constants!$G$10
Name EF.NaturalGas.CO2: [1]Constants!$F$10
Name EF.NaturalGas.N2O: [1]Constants!$H$10
Name Fraction_coal: [2]About!#REF!
Name gal_per_barrel: [3]About!$A$63
Name GBP: [1]Conversions!$E$90
Name Global.MEXIncidentSolarEnergy: '[1]Global assumptions'!$D$26
Name GWP.CH4: [1]Constants!$K$9
Name GWP.N2O: [1]Constants!$K$10
Name I.a.Scenario: [1]Control!$E$6
Name I.b.1.Scenario: [1]Control!$E$8
Name II.a.Scenario: [1]Control!$E$5
Name III.a.Scenario: [1]Control!$E$10
Name III.b.Scenario: [1]Control!$E$11
Name III.c.Scenario: [1]Control!$E$12
Name III.d.Scenario: [1]Control!$E$13
Name III.e.Scenario: [1]Control!$E$14
Name IV.a.Scenario: [1]Control!$E$15
Name IX.a.Scenario.Comfort: [1]Control!#REF!
Name IX.a.Scenario.HHSize: [1]Control!#REF!
Name IX.a.Scenario.Insulation: [1]Control!$E$43
Name IX.a.Scenario.Technology: [1]Control!$E$44
Name IX.c.Scenario.Technology: [1]Control!$E$55
Name MGBP: [1]Conversions!$E$85
Name MMXP: [1]Conversions!$E$80
Name MUSD: [1]Conversions!$E$88
Name MXP: [1]Conversions!$E$82
Name Peak_Electricity_Generation_Capacity: '[1]Intermediate output'!$AY$132:$BG$132
Name Percent_rural: [2]About!#REF!

Sheet About
A1: BIFUbC BAU Industrial Fuel Use before CCS
A3: Sources: | B3: Energy consumption (agriculture and industry)
B4: Energy Ministry (SENER)
B5: National Energy Balance 2023
B6: https://www.gob.mx/cms/uploads/attachment/file/977268/Balance_Nacional_de_Energ_a_2023.FINAL06.02.2025.1.pdf
B7: Cuadro A.18 Agriculture
B8: Cuadro A.15 Industry
B9: Energy consumption by end use (residential, commercial & public)
B10: National Council of Humanities, Sciences and Technologies (Conahcyt)
B11: Energy futures for Mexico by 2050 The path to a just and sustainable energy transition
B12: https://conahcyt.mx/wp-content/uploads/pronaces/micrositios/energia_y_cambio_climatico/energia/cuadernos_tematicos/Cuaderno_9.pdf
B16: EPS V4.0
B17: agriculture and forestry 01T03
B18: coal mining 05
... B40: water and waste 36T39
A44: Unit conversion
A45: BTU/PJ | B45: =D46/D47 -> 9.4786714e+11
B46: 1 | C46: BEP | D46: 5414093.9 | E46: BTU
B47: 1 | C47: BEP | D47: 5.71187e-06 | E47: PJ
A48: Source: https://dof.gob.mx/nota_detalle.php?codigo=5278970&fecha=23/11/2012#gsc.tab=0

Sheet A.18
C2: 2013 | D2: 2014 | E2: 2015 | F2: 2016 | G2: 2017 | H2: 2018 | I2: 2019 | J2: 2020 | K2: 2021 | L2: 2022 | M2: 2023
B3: Gas licuado | C3: 6.03 | D3: 6.08 | E3: 6.01 | F3: 5.12 | G3: 4.96 | H3: 4.76 | I3: 3.53 | J3: 5.88 | K3: 4.33 | L3: 4.68 | M3: 4.21
B4: Queroseno | C4: 0.01 | D4: 0 | E4: 0 | F4: 0 | G4: 0 | H4: 0 | I4: 0 | J4: 0 | K4: 0 | L4: 0 | M4: 0
B5: Diésel | C5: 115.55 | D5: 117.28 | E5: 136.84 | F5: 134.31 | G5: 135.28 | H5: 139.95 | I5: 141.1 | J5: 127.34 | K5: 125.74 | L5: 130.11 | M5: 123.53
B6: Electricidad | C6: 37.03 | D6: 36.12 | E6: 36.24 | F6: 40.81 | G6: 41.66 | H6: 44.56 | I6: 47.27 | J6: 52.79 | K6: 48.63 | L6: 53.35 | M6: 55.48

Sheet A.15
B1: 2013 | C1: 2014 | D1: 2015 | E1: 2016 | F1: 2017 | G1: 2018 | H1: 2019 | I1: 2020 | J1: 2021 | K1: 2022 | L1: 2023
A2: Total Sector Industrial | B2: 1599 | C2: 1553.17 | D2: 1601.84 | E2: 1680.74 | F2: 1876.65 | G2: 1680.77 | H2: 1589.45 | I2: 1418.05 | J2: 1152.67 | K2: 1476.99 | L2: 1238.96
A3: Coque total | B3: 176.27 | C3: 183.02 | D3: 191.08 | E3: 205.65 | F3: 206.11 | G3: 180.15 | H3: 173.8 | I3: 161.26 | J3: 175.44 | K3: 176.54 | L3: 183.83
A4: Coque de carbón | B4: 65.13 | C4: 68.7 | D4: 58.64 | E4: 63.52 | F4: 63.75 | G4: 47.43 | H4: 57.03 | I4: 44.56 | J4: 48.39 | K4: 42.73 | L4: 42.58
A5: Coque de petróleo | B5: 111.15 | C5: 114.32 | D5: 132.44 | E5: 142.14 | F5: 142.36 | G5: 132.72 | H5: 116.77 | I5: 116.7 | J5: 127.05 | K5: 133.82 | L5: 141.25
A6: Total de petrolíferos | B6: 134.71 | C6: 118.83 | D6: 139.94 | E6: 163.09 | F6: 132.69 | G6: 113.09 | H6: 104.72 | I6: 124.55 | J6: 108.59 | K6: 121.5 | L6: 114.23
A7: Gas licuado | B7: 43.97 | C7: 42.48 | D7: 42.26 | E7: 46.21 | F7: 45.02 | G7: 45.9 | H7: 29.29 | I7: 49.15 | J7: 38.45 | K7: 45.02 | L7: 41.82
A8: Gasolinas y naftas | B8: 0.85 | C8: 1.05 | D8: 0.99 | E8: 1.15 | F8: 1.17 | G8: 1.18 | H8: 1.29 | I8: 1.47 | J8: 1.47 | K8: 1.34 | L8: 1.34
A9: Querosenos | B9: 0 | C9: 0 | D9: 0 | E9: 0 | F9: 0 | G9: 0 | H9: 0 | I9: 0 | J9: 0 | K9: 0 | L9: 0
A10: Diesel | B10: 64.53 | C10: 60.37 | D10: 74.63 | E10: 83.16 | F10: 57.54 | G10: 57.31 | H10: 60.55 | I10: 62.21 | J10: 54.19 | K10: 62.11 | L10: 57.58
A11: Combustóleo | B11: 25.36 | C11: 14.93 | D11: 22.05 | E11: 32.57 | F11: 28.97 | G11: 8.71 | H11: 13.58 | I11: 11.72 | J11: 14.48 | K11: 13.03 | L11: 13.49
A12: Productos no energéticos | B12: 0 | C12: 0 | D12: 0 | E12: 0 | F12: 0 | G12: 0 | H12: 0 | I12: 0 | J12: 0 | K12: 0 | L12: 0
A13: Gas seco | B13: 593.19 | C13: 603.28 | D13: 608.62 | E13: 647.99 | F13: 683.23 | G13: 538 | H13: 506.36 | I13: 438.81 | J13: 376.34 | K13: 385.83 | L13: 395.57
... A17: Solar | B17: 0.43 | C17: 0.42 | D17: 0.5 | E17: 0.56 | F17: 0.6 | G17: 0.67 | H17: 0.74 | I17: 1.3 | J17: 1.29 | K17: 1.14 | L17: 1.44
B18: 2013 | C18: 2014 | D18: 2015 | E18: 2016 | F18: 2017 | G18: 2018 | H18: 2019 | I18: 2020 | J18: 2021 | K18: 2022 | L18: 2023
A19: 212.- Minería de minerales metálicos y no metálicos, excepto petróleo y gas
A20: Total | B20: 61.48 | C20: 55.97 | D20: 62.81 | E20: 66.4 | F20: 71.3 | G20: 71.61 | H20: 74.99 | I20: 79.84 | J20: 67.66 | K20: 68.15 | L20: 66.23
A21: Coque total | B21: 0 | C21: 0 | D21: 0 | E21: 0 | F21: 0 | G21: 0 | H21: 0 | I21: 0 | J21: 0 | K21: 0 | L21: 0
A22: Coque de carbón | B22: 0 | C22: 0 | D22: 0 | E22: 0 | F22: 0 | G22: 0 | H22: 0 | I22: 0 | J22: 0 | K22: 0 | L22: 0
A23: Coque de petróleo | B23: 0 | C23: 0 | D23: 0 | E23: 0 | F23: 0 | G23: 0 | H23: 0 | I23: 0 | J23: 0 | K23: 0 | L23: 0
A24: Total de petrolíferos | B24: 15.91 | C24: 14.9 | D24: 14.6 | E24: 15.11 | F24: 16.31 | G24: 13.1 | H24: 15.78 | I24: 21.33 | J24: 16.32 | K24: 16.12 | L24: 15.51
A25: Gas licuado | B25: 9.32 | C25: 8.09 | D25: 7.02 | E25: 7.44 | F25: 8.44 | G25: 8.08 | H25: 7.04 | I25: 15.97 | J25: 5.56 | K25: 5.5 | L25: 5.35
A26: Gasolinas y naftas | B26: 0 | C26: 0 | D26: 0 | E26: 0 | F26: 0 | G26: 0 | H26: 0 | I26: 0 | J26: 0 | K26: 0 | L26: 0
A27: Querosenos | B27: 0 | C27: 0 | D27: 0 | E27: 0 | F27: 0 | G27: 0 | H27: 0 | I27: 0 | J27: 0 | K27: 0 | L27: 0
A28: Diesel | B28: 4.37 | C28: 4.59 | D28: 5.5 | E28: 5.65 | F28: 5.96 | G28: 4.45 | H28: 6.88 | I28: 3.56 | J28: 9.54 | K28: 9.41 | L28: 8.98
A29: Combustóleo | B29: 2.23 | C29: 2.22 | D29: 2.08 | E29: 2.02 | F29: 1.91 | G29: 0.57 | H29: 1.86 | I29: 1.81 | J29: 1.22 | K29: 1.21 | L29: 1.18
A30: Productos no energéticos | B30: 0 | C30: 0 | D30: 0 | E30: 0 | F30: 0 | G30: 0 | H30: 0 | I30: 0 | J30: 0 | K30: 0 | L30: 0
A31: Gas seco | B31: 9.27 | C31: 6.72 | D31: 10.1 | E31: 10.66 | F31: 11.84 | G31: 12.3 | H31: 12.94 | I31: 11.21 | J31: 9.54 | K31: 9.67 | L31: 9.43
... A35: Solar | B35: 0 | C35: 0 | D35: 0 | E35: 0 | F35: 0 | G35: 0 | H35: 0 | I35: 0 | J35: 0 | K35: 0 | L35: 0
B36: 2013 | C36: 2014 | E36: 2015 | F36: 2016 | G36: 2017 | H36: 2018 | I36: 2019 | J36: 2020 | K36: 2021 | L36: 2022 | M36: 2023
A37: 236.- Edificación
A38: Total | B38: 12.72 | C38: 11.89 | D38: 13.83 | F38: 13.96 | G38: 13.18 | H38: 13.33 | I38: 13.44 | J38: 16.26 | K38: 116.17 | L38: 115.91 | M38: 122.39
A39: Coque total | B39: 0 | C39: 0 | D39: 0 | F39: 0 | G39: 0 | H39: 0 | I39: 0 | J39: 0 | K39: 107.74 | L39: 107.48 | M39: 113.64
A40: Coque de carbón | B40: 0 | C40: 0 | D40: 0 | F40: 0 | G40: 0 | H40: 0 | I40: 0 | J40: 0 | K40: 0 | L40: 0 | M40: 0
A41: Coque de petróleo | B41: 0 | C41: 0 | D41: 0 | F41: 0 | G41: 0 | H41: 0 | I41: 0 | J41: 0 | K41: 107.74 | L41: 107.48 | M41: 113.64
A42: Total de petrolíferos | B42: 10.95 | C42: 10.05 | D42: 11.96 | F42: 11.96 | G42: 11.18 | H42: 11.3 | I42: 11.38 | J42: 14.16 | K42: 5.62 | L42: 5.6 | M42: 5.77
A43: Gas licuado | B43: 0 | C43: 0 | D43: 0 | F43: 0 | G43: 0 | H43: 0 | I43: 0 | J43: 0 | K43: 0 | L43: 0 | M43: 0
A44: Gasolinas y naftas | B44: 0 | C44: 0 | D44: 0 | F44: 0 | G44: 0 | H44: 0 | I44: 0 | J44: 0 | K44: 0 | L44: 0 | M44: 0
A45: Querosenos | B45: 0 | C45: 0 | D45: 0 | F45: 0 | G45: 0 | H45: 0 | I45: 0 | J45: 0 | K45: 0 | L45: 0 | M45: 0
A46: Diésel | B46: 10.95 | C46: 10.05 | D46: 11.96 | F46: 11.96 | G46: 11.18 | H46: 11.3 | I46: 11.38 | J46: 14.16 | K46: 5.61 | L46: 5.6 | M46: 5.77
A47: Combustóleo | B47: 0 | C47: 0 | D47: 0 | F47: 0 | G47: 0 | H47: 0 | I47: 0 | J47: 0 | K47: 0 | L47: 0 | M47: 0
A48: Productos no energéticos | B48: 0 | C48: 0 | D48: 0 | F48: 0 | G48: 0 | H48: 0 | I48: 0 | J48: 0 | K48: 0 | L48: 0 | M48: 0
A49: Gas seco | B49: 0 | C49: 0 | D49: 0 | F49: 0 | G49: 0 | H49: 0 | I49: 0 | J49: 0 | K49: 0 | L49: 0 | M49: 0
A50: Energía eléctrica | B50: 1.77 | C50: 1.84 | D50: 1.87 | F50: 2 | G50: 2 | H50: 2.03 | I50: 2.06 | J50: 2.1 | K50: 2.82 | L50: 2.83 | M50: 2.97
B51: 2013 | C51: 2014 | E51: 2015 | F51: 2016 | G51: 2017 | H51: 2018 | I51: 2019 | J51: 2020 | K51: 2021 | L51: 2022 | M51: 2023
A52: 311.- Industria alimentaria
A53: Total | B53: 67.15 | C53: 38.64 | D53: 37.24 | F53: 38.21 | G53: 48.81 | H53: 48.89 | I53: 37.77 | J53: 36.31 | K53: 69.13 | L53: 83.96 | M53: 69.22
A54: Coque total | B54: 0 | C54: 0 | D54: 0 | F54: 0 | G54: 0 | H54: 0 | I54: 0 | J54: 0 | K54: 0 | L54: 0 | M54: 0
A55: Coque de carbón | B55: 0 | C55: 0 | D55: 0 | F55: 0 | G55: 0 | H55: 0 | I55: 0 | J55: 0 | K55: 0 | L55: 0 | M55: 0
A56: Coque de petróleo | B56: 0 | C56: 0 | D56: 0 | F56: 0 | G56: 0 | H56: 0 | I56: 0 | J56: 0 | K56: 0 | L56: 0 | M56: 0
A57: Total de petrolíferos | B57: 3.48 | C57: 1.33 | D57: 0.76 | F57: 1.25 | G57: 1.23 | H57: 0.38 | I57: 0.58 | J57: 0.67 | K57: 2.34 | L57: 2.4 | M57: 2.36
A58: Gas licuado | B58: 0 | C58: 0 | D58: 0 | F58: 0 | G58: 0 | H58: 0 | I58: 0 | J58: 0 | K58: 0.64 | L58: 0.66 | M58: 0.65
A59: Gasolinas y naftas | B59: 0 | C59: 0 | D59: 0 | F59: 0 | G59: 0 | H59: 0 | I59: 0 | J59: 0 | K59: 0 | L59: 0 | M59: 0
A60: Querosenos | B60: 0 | C60: 0 | D60: 0 | F60: 0 | G60: 0 | H60: 0 | I60: 0 | J60: 0 | K60: 0 | L60: 0 | M60: 0
A61: Diésel | B61: 0 | C61: 0.01 | D61: 0.01 | F61: 0.01 | G61: 0.01 | H61: 0.01 | I61: 0.01 | J61: 0.01 | K61: 0.79 | L61: 0.81 | M61: 0.78
A62: Combustóleo | B62: 3.48 | C62: 1.32 | D62: 0.75 | F62: 1.24 | G62: 1.22 | H62: 0.37 | I62: 0.57 | J62: 0.66 | K62: 0.92 | L62: 0.94 | M62: 0.93
A63: Productos no energéticos | B63: 0 | C63: 0 | D63: 0 | F63: 0 | G63: 0 | H63: 0 | I63: 0 | J63: 0 | K63: 0 | L63: 0 | M63: 0
A64: Gas seco | B64: 0 | C64: 0 | D64: 0 | F64: 0 | G64: 0 | H64: 0 | I64: 0 | J64: 0 | K64: 16.71 | L64: 16.3 | M64: 16.19
... A66: Bagazo de caña | B66: 59.53 | C66: 33.8 | D66: 32.93 | F66: 33.17 | G66: 43.8 | H66: 44.76 | I66: 33.79 | J66: 31.55 | K66: 41.11 | L66: 56.5 | M66: 41.97
B67: 2013 | C67: 2014 | D67: 2015 | E67: 2016 | F67: 2017 | G67: 2018 | H67: 2019 | I67: 2020 | J67: 2021 | K67: 2022 | L67: 2023
A68: 312.- Industria de las bebidas y del tabaco
A69: Total | B69: 10.06 | C69: 10.21 | D69: 10.78 | E69: 11.48 | F69: 11.64 | G69: 12.1 | H69: 12.67 | I69: 11.51 | J69: 12.73 | K69: 10.01 | L69: 11.96
A70: Coque total | B70: 0 | C70: 0 | D70: 0 | E70: 0 | F70: 0 | G70: 0 | H70: 0 | I70: 0 | J70: 0 | K70: 0 | L70: 0
A71: Coque de carbón | B71: 0 | C71: 0 | D71: 0 | E71: 0 | F71: 0 | G71: 0 | H71: 0 | I71: 0 | J71: 0 | K71: 0 | L71: 0
A72: Coque de petróleo | B72: 0 | C72: 0 | D72: 0 | E72: 0 | F72: 0 | G72: 0 | H72: 0 | I72: 0 | J72: 0 | K72: 0 | L72: 0
A73: Total de petrolíferos | B73: 5.52 | C73: 5.5 | D73: 5.62 | E73: 5.81 | F73: 5.93 | G73: 6.21 | H73: 6.39 | I73: 5.81 | J73: 7.1 | K73: 7.56 | L73: 7.14
A74: Gas licuado | B74: 1.28 | C74: 1.37 | D74: 1.49 | E74: 1.61 | F74: 1.84 | G74: 2.02 | H74: 2.09 | I74: 1.81 | J74: 1.53 | K74: 1.63 | L74: 1.57
A75: Gasolinas y naftas | B75: 0 | C75: 0 | D75: 0 | E75: 0 | F75: 0 | G75: 0 | H75: 0 | I75: 0 | J75: 0 | K75: 0 | L75: 0
A76: Querosenos | B76: 0 | C76: 0 | D76: 0 | E76: 0 | F76: 0 | G76: 0 | H76: 0 | I76: 0 | J76: 0 | K76: 0 | L76: 0
A77: Diésel | B77: 3.55 | C77: 3.67 | D77: 3.82 | E77: 3.98 | F77: 3.96 | G77: 4.15 | H77: 4.23 | I77: 3.93 | J77: 5.5 | K77: 5.85 | L77: 5.5
A78: Combustóleo | B78: 0.68 | C78: 0.46 | D78: 0.31 | E78: 0.22 | F78: 0.14 | G78: 0.05 | H78: 0.07 | I78: 0.07 | J78: 0.07 | K78: 0.08 | L78: 0.07
A79: Productos no energéticos | B79: 0 | C79: 0 | D79: 0 | E79: 0 | F79: 0 | G79: 0 | H79: 0 | I79: 0 | J79: 0 | K79: 0 | L79: 0
A80: Gas seco | B80: 1.23 | C80: 1.3 | D80: 1.61 | E80: 1.78 | F80: 1.77 | G80: 1.92 | H80: 2.08 | I80: 1.8 | J80: 1.53 | K80: 1.44 | L80: 1.31
A81: Energía eléctrica | B81: 3.31 | C81: 3.41 | D81: 3.56 | E81: 3.89 | F81: 3.93 | G81: 3.98 | H81: 4.2 | I81: 3.9 | J81: 4.1 | K81: 1.01 | L81: 3.51
B82: 2013 | C82: 2014 | D82: 2015 | E82: 2016 | F82: 2017 | G82: 2018 | H82: 2019 | I82: 2020 | J82: 2021 | K82: 2022 | L82: 2023
A83: 313.- Fabricación de insumos y acabados textiles
A84: Total | B84: 61.26 | C84: 62.16 | D84: 63.88 | E84: 64.93 | F84: 65.62 | G84: 66.94 | H84: 67.13 | I84: 64.34 | J84: 12.44 | K84: 9.35 | L84: 11.96
A85: Coque total | B85: 0 | C85: 0 | D85: 0 | E85: 0 | F85: 0 | G85: 0 | H85: 0 | I85: 0 | J85: 0 | K85: 0 | L85: 0
A86: Coque de carbón | B86: 0 | C86: 0 | D86: 0 | E86: 0 | F86: 0 | G86: 0 | H86: 0 | I86: 0 | J86: 0 | K86: 0 | L86: 0
A87: Coque de petróleo | B87: 0 | C87: 0 | D87: 0 | E87: 0 | F87: 0 | G87: 0 | H87: 0 | I87: 0 | J87: 0 | K87: 0 | L87: 0
A88: Total de petrolíferos | B88: 0.83 | C88: 0.82 | D88: 0.87 | E88: 0.87 | F88: 0.85 | G88: 0.87 | H88: 0.82 | I88: 0.59 | J88: 0.78 | K88: 0.78 | L88: 0.7
A89: Gas licuado | B89: 0.03 | C89: 0.03 | D89: 0.03 | E89: 0.03 | F89: 0.03 | G89: 0.03 | H89: 0.03 | I89: 0.02 | J89: 0.03 | K89: 0.03 | L89: 0.03
A90: Gasolinas y naftas | B90: 0 | C90: 0 | D90: 0 | E90: 0 | F90: 0 | G90: 0 | H90: 0 | I90: 0 | J90: 0 | K90: 0 | L90: 0
A91: Querosenos | B91: 0 | C91: 0 | D91: 0 | E91: 0 | F91: 0 | G91: 0 | H91: 0 | I91: 0 | J91: 0 | K91: 0 | L91: 0
A92: Diésel | B92: 0.77 | C92: 0.76 | D92: 0.8 | E92: 0.81 | F92: 0.79 | G92: 0.81 | H92: 0.76 | I92: 0.54 | J92: 0.72 | K92: 0.72 | L92: 0.65
A93: Combustóleo | B93: 0.03 | C93: 0.03 | D93: 0.03 | E93: 0.03 | F93: 0.03 | G93: 0.03 | H93: 0.03 | I93: 0.02 | J93: 0.03 | K93: 0.03 | L93: 0.03
A94: Productos no energéticos | B94: 48 | C94: 49 | D94: 50 | E94: 51 | F94: 52 | G94: 53 | H94: 54 | I94: 55 | J94: 0 | K94: 0 | L94: 0
A95: Gas seco | B95: 8.62 | C95: 8.55 | D95: 9.02 | E95: 9.06 | F95: 8.85 | G95: 9.06 | H95: 8.54 | I95: 6.07 | J95: 8.08 | K95: 8.11 | L95: 7.8
A96: Energía eléctrica | B96: 3.81 | C96: 3.78 | D96: 3.99 | E96: 4 | F96: 3.91 | G96: 4.01 | H96: 3.78 | I96: 2.69 | J96: 3.58 | K96: 0.45 | L96: 3.45
B97: 2013 | C97: 2014 | D97: 2015 | E97: 2016 | F97: 2017 | G97: 2018 | H97: 2019 | I97: 2020 | J97: 2021 | K97: 2022 | L97: 2023
A98: 322.-Industria del papel
A99: Total | B99: 49.82 | C99: 44.36 | D99: 49.94 | E99: 59.41 | F99: 56.22 | G99: 51.65 | H99: 54.85 | I99: 49.21 | J99: 50.21 | K99: 64.52 | L99: 47.07
A100: Coque total | B100: 0 | C100: 0 | D100: 0 | E100: 0 | F100: 0 | G100: 0 | H100: 0 | I100: 0 | J100: 0 | K100: 0 | L100: 0
A101: Coque de carbón | B101: 0 | C101: 0 | D101: 0 | E101: 0 | F101: 0 | G101: 0 | H101: 0 | I101: 0 | J101: 0 | K101: 0 | L101: 0
A102: Coque de petróleo | B102: 0 | C102: 0 | D102: 0 | E102: 0 | F102: 0 | G102: 0 | H102: 0 | I102: 0 | J102: 0 | K102: 0 | L102: 0
A103: Total de petrolíferos | B103: 6.86 | C103: 2.81 | D103: 7.07 | E103: 12.06 | F103: 10.69 | G103: 4.59 | H103: 6.14 | I103: 6.04 | J103: 12.8 | K103: 12.97 | L103: 12.11
A104: Gas licuado | B104: 0.41 | C104: 0.42 | D104: 0.43 | E104: 0.45 | F104: 0.46 | G104: 0.46 | H104: 0.48 | I104: 0.46 | J104: 0.54 | K104: 0.55 | L104: 0.52
A105: Gasolinas y naftas | B105: 0 | C105: 0 | D105: 0 | E105: 0 | F105: 0 | G105: 0 | H105: 0 | I105: 0 | J105: 0 | K105: 0 | L105: 0
A106: Querosenos | B106: 0 | C106: 0 | D106: 0 | E106: 0 | F106: 0 | G106: 0 | H106: 0 | I106: 0 | J106: 0 | K106: 0 | L106: 0
A107: Diésel | B107: 1.29 | C107: 1.33 | D107: 1.37 | E107: 1.43 | F107: 1.45 | G107: 1.48 | H107: 1.54 | I107: 1.46 | J107: 7.85 | K107: 7.95 | L107: 7.37
...

Sheet Esc
A1: Agropecuario
A2: PJ | B2: 2013 | C2: 2014 | D2: 2015 | E2: 2016 | F2: 2017 | G2: 2018 | H2: 2019 | I2: 2020 | J2: 2021 | K2: 2022 | L2: 2023 | M2: 2024 | N2: 2025 | O2: 2026 | P2: 2027 | Q2: 2028 | R2: 2029 | S2: 2030 | T2: 2031 | U2: 2032 | V2: 2033 | W2: 2034 | X2: 2035 | Y2: 2036 | Z2: 2037 | AA2: 2038 | AB2: 2039 | AC2: 2040 | AD2: 2041 | AE2: 2042 | AF2: 2043 | AG2: 2044 | AH2: 2045 | AI2: 2046 | AJ2: 2047 | AK2: 2048 | AL2: 2049 | AM2: 2050
A3: Carbón | B3: 0 | C3: 0 | D3: 0 | E3: 0 | F3: 0 | G3: 0 | H3: 0 | I3: 0 | J3: 0 | K3: 0 | L3: 0 | M3: 0 | N3: 0 | O3: 0 | P3: 0 | Q3: 0 | R3: 0 | S3: 0 | T3: 0 | U3: 0 | V3: 0 | W3: 0 | X3: 0 | Y3: 0 | Z3: 0 | AA3: 0 | AB3: 0 | AC3: 0 | AD3: 0 | AE3: 0 | AF3: 0 | AG3: 0 | AH3: 0 | AI3: 0 | AJ3: 0 | AK3: 0 | AL3: 0 | AM3: 0
A4: Petróleo | B4: 0 | C4: 0 | D4: 0 | E4: 0 | F4: 0 | G4: 0 | H4: 0 | I4: 0 | J4: 0 | K4: 0 | L4: 0 | M4: 0 | N4: 0 | O4: 0 | P4: 0 | Q4: 0 | R4: 0 | S4: 0 | T4: 0 | U4: 0 | V4: 0 | W4: 0 | X4: 0 | Y4: 0 | Z4: 0 | AA4: 0 | AB4: 0 | AC4: 0 | AD4: 0 | AE4: 0 | AF4: 0 | AG4: 0 | AH4: 0 | AI4: 0 | AJ4: 0 | AK4: 0 | AL4: 0 | AM4: 0
A5: Condensados | B5: 0 | C5: 0 | D5: 0 | E5: 0 | F5: 0 | G5: 0 | H5: 0 | I5: 0 | J5: 0 | K5: 0 | L5: 0 | M5: 0 | N5: 0 | O5: 0 | P5: 0 | Q5: 0 | R5: 0 | S5: 0 | T5: 0 | U5: 0 | V5: 0 | W5: 0 | X5: 0 | Y5: 0 | Z5: 0 | AA5: 0 | AB5: 0 | AC5: 0 | AD5: 0 | AE5: 0 | AF5: 0 | AG5: 0 | AH5: 0 | AI5: 0 | AJ5: 0 | AK5: 0 | AL5: 0 | AM5: 0
A6: Gas natural | B6: 0 | C6: 0 | D6: 0 | E6: 0 | F6: 0 | G6: 0 | H6: 0 | I6: 0 | J6: 0 | K6: 0 | L6: 0 | M6: 0 | N6: 0 | O6: 0 | P6: 0 | Q6: 0 | R6: 0 | S6: 0 | T6: 0 | U6: 0 | V6: 0 | W6: 0 | X6: 0 | Y6: 0 | Z6: 0 | AA6: 0 | AB6: 0 | AC6: 0 | AD6: 0 | AE6: 0 | AF6: 0 | AG6: 0 | AH6: 0 | AI6: 0 | AJ6: 0 | AK6: 0 | AL6: 0 | AM6: 0
A7: Nuclear | B7: 0 | C7: 0 | D7: 0 | E7: 0 | F7: 0 | G7: 0 | H7: 0 | I7: 0 | J7: 0 | K7: 0 | L7: 0 | M7: 0 | N7: 0 | O7: 0 | P7: 0 | Q7: 0 | R7: 0 | S7: 0 | T7: 0 | U7: 0 | V7: 0 | W7: 0 | X7: 0 | Y7: 0 | Z7: 0 | AA7: 0 | AB7: 0 | AC7: 0 | AD7: 0 | AE7: 0 | AF7: 0 | AG7: 0 | AH7: 0 | AI7: 0 | AJ7: 0 | AK7: 0 | AL7: 0 | AM7: 0
A8: Hidroenergía | B8: 0 | C8: 0 | D8: 0 | E8: 0 | F8: 0 | G8: 0 | H8: 0 | I8: 0 | J8: 0 | K8: 0 | L8: 0 | M8: 0 | N8: 0 | O8: 0 | P8: 0 | Q8: 0 | R8: 0 | S8: 0 | T8: 0 | U8: 0 | V8: 0 | W8: 0 | X8: 0 | Y8: 0 | Z8: 0 | AA8: 0 | AB8: 0 | AC8: 0 | AD8: 0 | AE8: 0 | AF8: 0 | AG8: 0 | AH8: 0 | AI8: 0 | AJ8: 0 | AK8: 0 | AL8: 0 | AM8: 0
A9: Radiación solar | B9: 0 | C9: 0 | D9: 0 | E9: 0 | F9: 0 | G9: 0 | H9: 0 | I9: 0 | J9: 0 | K9: 0 | L9: 0 | M9: 0 | N9: 0 | O9: 0 | P9: 0 | Q9: 0 | R9: 0 | S9: 0 | T9: 0 | U9: 0 | V9: 0 | W9: 0 | X9: 0 | Y9: 0 | Z9: 0 | AA9: 0 | AB9: 0 | AC9: 0 | AD9: 0 | AE9: 0 | AF9: 0 | AG9: 0 | AH9: 0 | AI9: 0 | AJ9: 0 | AK9: 0 | AL9: 0 | AM9: 0
A10: Energía eólica | B10: 0 | C10: 0 | D10: 0 | E10: 0 | F10: 0 | G10: 0 | H10: 0 | I10: 0 | J10: 0 | K10: 0 | L10: 0 | M10: 0 | N10: 0 | O10: 0 | P10: 0 | Q10: 0 | R10: 0 | S10: 0 | T10: 0 | U10: 0 | V10: 0 | W10: 0 | X10: 0 | Y10: 0 | Z10: 0 | AA10: 0 | AB10: 0 | AC10: 0 | AD10: 0 | AE10: 0 | AF10: 0 | AG10: 0 | AH10: 0 | AI10: 0 | AJ10: 0 | AK10: 0 | AL10: 0 | AM10: 0
A11: Geoenergía | B11: 0 | C11: 0 | D11: 0 | E11: 0 | F11: 0 | G11: 0 | H11: 0 | I11: 0 | J11: 0 | K11: 0 | L11: 0 | M11: 0 | N11: 0 | O11: 0 | P11: 0 | Q11: 0 | R11: 0 | S11: 0 | T11: 0 | U11: 0 | V11: 0 | W11: 0 | X11: 0 | Y11: 0 | Z11: 0 | AA11: 0 | AB11: 0 | AC11: 0 | AD11: 0 | AE11: 0 | AF11: 0 | AG11: 0 | AH11: 0 | AI11: 0 | AJ11: 0 | AK11: 0 | AL11: 0 | AM11: 0
A12: Bagazos | B12: 0 | C12: 0 | D12: 0 | E12: 0 | F12: 0 | G12: 0 | H12: 0 | I12: 0 | J12: 0 | K12: 0 | L12: 0 | M12: 0 | N12: 0 | O12: 0 | P12: 0 | Q12: 0 | R12: 0 | S12: 0 | T12: 0 | U12: 0 | V12: 0 | W12: 0 | X12: 0 | Y12: 0 | Z12: 0 | AA12: 0 | AB12: 0 | AC12: 0 | AD12: 0 | AE12: 0 | AF12: 0 | AG12: 0 | AH12: 0 | AI12: 0 | AJ12: 0 | AK12: 0 | AL12: 0 | AM12: 0
A13: Leña | B13: 0 | C13: 0 | D13: 0 | E13: 0 | F13: 0 | G13: 0 | H13: 0 | I13: 0 | J13: 0 | K13: 0 | L13: 0 | M13: 0 | N13: 0 | O13: 0 | P13: 0 | Q13: 0 | R13: 0 | S13: 0 | T13: 0 | U13: 0 | V13: 0 | W13: 0 | X13: 0 | Y13: 0 | Z13: 0 | AA13: 0 | AB13: 0 | AC13: 0 | AD13: 0 | AE13: 0 | AF13: 0 | AG13: 0 | AH13: 0 | AI13: 0 | AJ13: 0 | AK13: 0 | AL13: 0 | AM13: 0
... A31: Amoniaco | B31: 0 | C31: 0 | D31: 0 | E31: 0 | F31: 0 | G31: 0 | H31: 0 | I31: 0 | J31: 0 | K31: 0 | L31: 0 | M31: 0 | N31: 0 | O31: 0 | P31: 0 | Q31: 0 | R31: 0 | S31: 0 | T31: 0 | U31: 0 | V31: 0 | W31: 0 | X31: 0 | Y31: 0 | Z31: 0 | AA31: 0 | AB31: 0 | AC31: 0 | AD31: 0 | AE31: 0 | AF31: 0 | AG31: 0 | AH31: 0 | AI31: 0 | AJ31: 0 | AK31: 0 | AL31: 0 | AM31: 0
A32: Hierro y acero
A33: PJ | B33: 2013 | C33: 2014 | D33: 2015 | E33: 2016 | F33: 2017 | G33: 2018 | H33: 2019 | I33: 2020 | J33: 2021 | K33: 2022 | L33: 2023 | M33: 2024 | N33: 2025 | O33: 2026 | P33: 2027 | Q33: 2028 | R33: 2029 | S33: 2030 | T33: 2031 | U33: 2032 | V33: 2033 | W33: 2034 | X33: 2035 | Y33: 2036 | Z33: 2037 | AA33: 2038 | AB33: 2039 | AC33: 2040 | AD33: 2041 | AE33: 2042 | AF33: 2043 | AG33: 2044 | AH33: 2045 | AI33: 2046 | AJ33: 2047 | AK33: 2048 | AL33: 2049 | AM33: 2050
A34: Carbón | B34: 0 | C34: 0 | D34: 0 | E34: 0 | F34: 0 | G34: 0 | H34: 0 | I34: 0 | J34: 0 | K34: 0 | L34: 0 | M34: 0 | N34: 0 | O34: 0 | P34: 0 | Q34: 0 | R34: 0 | S34: 0 | T34: 0 | U34: 0 | V34: 0 | W34: 0 | X34: 0 | Y34: 0 | Z34: 0 | AA34: 0 | AB34: 0 | AC34: 0 | AD34: 0 | AE34: 0 | AF34: 0 | AG34: 0 | AH34: 0 | AI34: 0 | AJ34: 0 | AK34: 0 | AL34: 0 | AM34: 0
A35: Petróleo | B35: 0 | C35: 0 | D35: 0 | E35: 0 | F35: 0 | G35: 0 | H35: 0 | I35: 0 | J35: 0 | K35: 0 | L35: 0 | M35: 0 | N35: 0 | O35: 0 | P35: 0 | Q35: 0 | R35: 0 | S35: 0 | T35: 0 | U35: 0 | V35: 0 | W35: 0 | X35: 0 | Y35: 0 | Z35: 0 | AA35: 0 | AB35: 0 | AC35: 0 | AD35: 0 | AE35: 0 | AF35: 0 | AG35: 0 | AH35: 0 | AI35: 0 | AJ35: 0 | AK35: 0 | AL35: 0 | AM35: 0
A36: Condensados | B36: 0 | C36: 0 | D36: 0 | E36: 0 | F36: 0 | G36: 0 | H36: 0 | I36: 0 | J36: 0 | K36: 0 | L36: 0 | M36: 0 | N36: 0 | O36: 0 | P36: 0 | Q36: 0 | R36: 0 | S36: 0 | T36: 0 | U36: 0 | V36: 0 | W36: 0 | X36: 0 | Y36: 0 | Z36: 0 | AA36: 0 | AB36: 0 | AC36: 0 | AD36: 0 | AE36: 0 | AF36: 0 | AG36: 0 | AH36: 0 | AI36: 0 | AJ36: 0 | AK36: 0 | AL36: 0 | AM36: 0
A37: Gas natural | B37: 0 | C37: 0 | D37: 0 | E37: 0 | F37: 0 | G37: 0 | H37: 0 | I37: 0 | J37: 0 | K37: 0 | L37: 0 | M37: 0 | N37: 0 | O37: 0 | P37: 0 | Q37: 0 | R37: 0 | S37: 0 | T37: 0 | U37: 0 | V37: 0 | W37: 0 | X37: 0 | Y37: 0 | Z37: 0 | AA37: 0 | AB37: 0 | AC37: 0 | AD37: 0 | AE37: 0 | AF37: 0 | AG37: 0 | AH37: 0 | AI37: 0 | AJ37: 0 | AK37: 0 | AL37: 0 | AM37: 0
A38: Nuclear | B38: 0 | C38: 0 | D38: 0 | E38: 0 | F38: 0 | G38: 0 | H38: 0 | I38: 0 | J38: 0 | K38: 0 | L38: 0 | M38: 0 | N38: 0 | O38: 0 | P38: 0 | Q38: 0 | R38: 0 | S38: 0 | T38: 0 | U38: 0 | V38: 0 | W38: 0 | X38: 0 | Y38: 0 | Z38: 0 | AA38: 0 | AB38: 0 | AC38: 0 | AD38: 0 | AE38: 0 | AF38: 0 | AG38: 0 | AH38: 0 | AI38: 0 | AJ38: 0 | AK38: 0 | AL38: 0 | AM38: 0
A39: Hidroenergía | B39: 0 | C39: 0 | D39: 0 | E39: 0 | F39: 0 | G39: 0 | H39: 0 | I39: 0 | J39: 0 | K39: 0 | L39: 0 | M39: 0 | N39: 0 | O39: 0 | P39: 0 | Q39: 0 | R39: 0 | S39: 0 | T39: 0 | U39: 0 | V39: 0 | W39: 0 | X39: 0 | Y39: 0 | Z39: 0 | AA39: 0 | AB39: 0 | AC39: 0 | AD39: 0 | AE39: 0 | AF39: 0 | AG39: 0 | AH39: 0 | AI39: 0 | AJ39: 0 | AK39: 0 | AL39: 0 | AM39: 0
A40: Radiación solar | B40: 0 | C40: 0 | D40: 0 | E40: 0 | F40: 0 | G40: 0 | H40: 0 | I40: 0 | J40: 0 | K40: 0 | L40: 0 | M40: 0 | N40: 0 | O40: 0 | P40: 0 | Q40: 0 | R40: 0 | S40: 0 | T40: 0 | U40: 0 | V40: 0 | W40: 0 | X40: 0 | Y40: 0 | Z40: 0 | AA40: 0 | AB40: 0 | AC40: 0 | AD40: 0 | AE40: 0 | AF40: 0 | AG40: 0 | AH40: 0 | AI40: 0 | AJ40: 0 | AK40: 0 | AL40: 0 | AM40: 0
A41: Energía eólica | B41: 0 | C41: 0 | D41: 0 | E41: 0 | F41: 0 | G41: 0 | H41: 0 | I41: 0 | J41: 0 | K41: 0 | L41: 0 | M41: 0 | N41: 0 | O41: 0 | P41: 0 | Q41: 0 | R41: 0 | S41: 0 | T41: 0 | U41: 0 | V41: 0 | W41: 0 | X41: 0 | Y41: 0 | Z41: 0 | AA41: 0 | AB41: 0 | AC41: 0 | AD41: 0 | AE41: 0 | AF41: 0 | AG41: 0 | AH41: 0 | AI41: 0 | AJ41: 0 | AK41: 0 | AL41: 0 | AM41: 0
A42: Geoenergía | B42: 0 | C42: 0 | D42: 0 | E42: 0 | F42: 0 | G42: 0 | H42: 0 | I42: 0 | J42: 0 | K42: 0 | L42: 0 | M42: 0 | N42: 0 | O42: 0 | P42: 0 | Q42: 0 | R42: 0 | S42: 0 | T42: 0 | U42: 0 | V42: 0 | W42: 0 | X42: 0 | Y42: 0 | Z42: 0 | AA42: 0 | AB42: 0 | AC42: 0 | AD42: 0 | AE42: 0 | AF42: 0 | AG42: 0 | AH42: 0 | AI42: 0 | AJ42: 0 | AK42: 0 | AL42: 0 | AM42: 0
A43: Bagazos | B43: 0 | C43: 0 | D43: 0 | E43: 0 | F43: 0 | G43: 0 | H43: 0 | I43: 0 | J43: 0 | K43: 0 | L43: 0 | M43: 0 | N43: 0 | O43: 0 | P43: 0 | Q43: 0 | R43: 0 | S43: 0 | T43: 0 | U43: 0 | V43: 0 | W43: 0 | X43: 0 | Y43: 0 | Z43: 0 | AA43: 0 | AB43: 0 | AC43: 0 | AD43: 0 | AE43: 0 | AF43: 0 | AG43: 0 | AH43: 0 | AI43: 0 | AJ43: 0 | AK43: 0 | AL43: 0 | AM43: 0
A44: Leña | B44: 0 | C44: 0 | D44: 0 | E44: 0 | F44: 0 | G44: 0 | H44: 0 | I44: 0 | J44: 0 | K44: 0 | L44: 0 | M44: 0 | N44: 0 | O44: 0 | P44: 0 | Q44: 0 | R44: 0 | S44: 0 | T44: 0 | U44: 0 | V44: 0 | W44: 0 | X44: 0 | Y44: 0 | Z44: 0 | AA44: 0 | AB44: 0 | AC44: 0 | AD44: 0 | AE44: 0 | AF44: 0 | AG44: 0 | AH44: 0 | AI44: 0 | AJ44: 0 | AK44: 0 | AL44: 0 | AM44: 0
... A62: Amoniaco | B62: 0 | C62: 0 | D62: 0 | E62: 0 | F62: 0 | G62: 0 | H62: 0 | I62: 0 | J62: 0 | K62: 0 | L62: 0 | M62: 0 | N62: 0 | O62: 0 | P62: 0 | Q62: 0 | R62: 0 | S62: 0 | T62: 0 | U62: 0 | V62: 0 | W62: 0 | X62: 0 | Y62: 0 | Z62: 0 | AA62: 0 | AB62: 0 | AC62: 0 | AD62: 0 | AE62: 0 | AF62: 0 | AG62: 0 | AH62: 0 | AI62: 0 | AJ62: 0 | AK62: 0 | AL62: 0 | AM62: 0
A63: Cemento y derivados
A64: PJ | B64: 2013 | C64: 2014 | D64: 2015 | E64: 2016 | F64: 2017 | G64: 2018 | H64: 2019 | I64: 2020 | J64: 2021 | K64: 2022 | L64: 2023 | M64: 2024 | N64: 2025 | O64: 2026 | P64: 2027 | Q64: 2028 | R64: 2029 | S64: 2030 | T64: 2031 | U64: 2032 | V64: 2033 | W64: 2034 | X64: 2035 | Y64: 2036 | Z64: 2037 | AA64: 2038 | AB64: 2039 | AC64: 2040 | AD64: 2041 | AE64: 2042 | AF64: 2043 | AG64: 2044 | AH64: 2045 | AI64: 2046 | AJ64: 2047 | AK64: 2048 | AL64: 2049 | AM64: 2050
A65: Carbón | B65: 5.86 | C65: 6 | D65: 6.41 | E65: 6.82 | F65: 7.05 | G65: 7.31 | H65: 7.66 | I65: 9.53 | J65: 28.99 | K65: 28.78 | L65: 28.47 | M65: 28.17 | N65: 27.86 | O65: 27.56 | P65: 27.25 | Q65: 26.95 | R65: 26.64 | S65: 26.34 | T65: 26.03 | U65: 25.73 | V65: 25.42 | W65: 25.12 | X65: 24.81 | Y65: 24.51 | Z65: 24.2 | AA65: 23.9 | AB65: 23.6 | AC65: 23.29 | AD65: 22.99 | AE65: 22.68 | AF65: 22.38 | AG65: 22.07 | AH65: 21.77 | AI65: 21.46 | AJ65: 21.16 | AK65: 20.85 | AL65: 20.55 | AM65: 20.24
A66: Petróleo | B66: 0 | C66: 0 | D66: 0 | E66: 0 | F66: 0 | G66: 0 | H66: 0 | I66: 0 | J66: 0 | K66: 0 | L66: 0 | M66: 0 | N66: 0 | O66: 0 | P66: 0 | Q66: 0 | R66: 0 | S66: 0 | T66: 0 | U66: 0 | V66: 0 | W66: 0 | X66: 0 | Y66: 0 | Z66: 0 | AA66: 0 | AB66: 0 | AC66: 0 | AD66: 0 | AE66: 0 | AF66: 0 | AG66: 0 | AH66: 0 | AI66: 0 | AJ66: 0 | AK66: 0 | AL66: 0 | AM66: 0
A67: Condensados | B67: 0 | C67: 0 | D67: 0 | E67: 0 | F67: 0 | G67: 0 | H67: 0 | I67: 0 | J67: 0 | K67: 0 | L67: 0 | M67: 0 | N67: 0 | O67: 0 | P67: 0 | Q67: 0 | R67: 0 | S67: 0 | T67: 0 | U67: 0 | V67: 0 | W67: 0 | X67: 0 | Y67: 0 | Z67: 0 | AA67: 0 | AB67: 0 | AC67: 0 | AD67: 0 | AE67: 0 | AF67: 0 | AG67: 0 | AH67: 0 | AI67: 0 | AJ67: 0 | AK67: 0 | AL67: 0 | AM67: 0
A68: Gas natural | B68: 0 | C68: 0 | D68: 0 | E68: 0 | F68: 0 | G68: 0 | H68: 0 | I68: 0 | J68: 0 | K68: 0 | L68: 0 | M68: 0 | N68: 0 | O68: 0 | P68: 0 | Q68: 0 | R68: 0 | S68: 0 | T68: 0 | U68: 0 | V68: 0 | W68: 0 | X68: 0 | Y68: 0 | Z68: 0 | AA68: 0 | AB68: 0 | AC68: 0 | AD68: 0 | AE68: 0 | AF68: 0 | AG68: 0 | AH68: 0 | AI68: 0 | AJ68: 0 | AK68: 0 | AL68: 0 | AM68: 0
A69: Nuclear | B69: 0 | C69: 0 | D69: 0 | E69: 0 | F69: 0 | G69: 0 | H69: 0 | I69: 0 | J69: 0 | K69: 0 | L69: 0 | M69: 0 | N69: 0 | O69: 0 | P69: 0 | Q69: 0 | R69: 0 | S69: 0 | T69: 0 | U69: 0 | V69: 0 | W69: 0 | X69: 0 | Y69: 0 | Z69: 0 | AA69: 0 | AB69: 0 | AC69: 0 | AD69: 0 | AE69: 0 | AF69: 0 | AG69: 0 | AH69: 0 | AI69: 0 | AJ69: 0 | AK69: 0 | AL69: 0 | AM69: 0
A70: Hidroenergía | B70: 0 | C70: 0 | D70: 0 | E70: 0 | F70: 0 | G70: 0 | H70: 0 | I70: 0 | J70: 0 | K70: 0 | L70: 0 | M70: 0 | N70: 0 | O70: 0 | P70: 0 | Q70: 0 | R70: 0 | S70: 0 | T70: 0 | U70: 0 | V70: 0 | W70: 0 | X70: 0 | Y70: 0 | Z70: 0 | AA70: 0 | AB70: 0 | AC70: 0 | AD70: 0 | AE70: 0 | AF70: 0 | AG70: 0 | AH70: 0 | AI70: 0 | AJ70: 0 | AK70: 0 | AL70: 0 | AM70: 0
A71: Radiación solar | B71: 0 | C71: 0 | D71: 0 | E71: 0 | F71: 0 | G71: 0 | H71: 0 | I71: 0 | J71: 0 | K71: 0 | L71: 0 | M71: 0 | N71: 0 | O71: 0 | P71: 0 | Q71: 0 | R71: 0 | S71: 0 | T71: 0 | U71: 0 | V71: 0 | W71: 0 | X71: 0 | Y71: 0 | Z71: 0 | AA71: 0 | AB71: 0 | AC71: 0 | AD71: 0 | AE71: 0 | AF71: 0 | AG71: 0 | AH71: 0 | AI71: 0 | AJ71: 0 | AK71: 0 | AL71: 0 | AM71: 0
A72: Energía eólica | B72: 0 | C72: 0 | D72: 0 | E72: 0 | F72: 0 | G72: 0 | H72: 0 | I72: 0 | J72: 0 | K72: 0 | L72: 0 | M72: 0 | N72: 0 | O72: 0 | P72: 0 | Q72: 0 | R72: 0 | S72: 0 | T72: 0 | U72: 0 | V72: 0 | W72: 0 | X72: 0 | Y72: 0 | Z72: 0 | AA72: 0 | AB72: 0 | AC72: 0 | AD72: 0 | AE72: 0 | AF72: 0 | AG72: 0 | AH72: 0 | AI72: 0 | AJ72: 0 | AK72: 0 | AL72: 0 | AM72: 0
A73: Geoenergía | B73: 0 | C73: 0 | D73: 0 | E73: 0 | F73: 0 | G73: 0 | H73: 0 | I73: 0 | J73: 0 | K73: 0 | L73: 0 | M73: 0 | N73: 0 | O73: 0 | P73: 0 | Q73: 0 | R73: 0 | S73: 0 | T73: 0 | U73: 0 | V73: 0 | W73: 0 | X73: 0 | Y73: 0 | Z73: 0 | AA73: 0 | AB73: 0 | AC73: 0 | AD73: 0 | AE73: 0 | AF73: 0 | AG73: 0 | AH73: 0 | AI73: 0 | AJ73: 0 | AK73: 0 | AL73: 0 | AM73: 0
A74: Bagazos | B74: 0 | C74: 0 | D74: 0 | E74: 0 | F74: 0 | G74: 0 | H74: 0 | I74: 0 | J74: 0 | K74: 0 | L74: 0 | M74: 0 | N74: 0 | O74: 0 | P74: 0 | Q74: 0 | R74: 0 | S74: 0 | T74: 0 | U74: 0 | V74: 0 | W74: 0 | X74: 0 | Y74: 0 | Z74: 0 | AA74: 0 | AB74: 0 | AC74: 0 | AD74: 0 | AE74: 0 | AF74: 0 | AG74: 0 | AH74: 0 | AI74: 0 | AJ74: 0 | AK74: 0 | AL74: 0 | AM74: 0
A75: Leña | B75: 0 | C75: 0 | D75: 0 | E75: 0 | F75: 0 | G75: 0 | H75: 0 | I75: 0 | J75: 0 | K75: 0 | L75: 0 | M75: 0 | N75: 0 | O75: 0 | P75: 0 | Q75: 0 | R75: 0 | S75: 0 | T75: 0 | U75: 0 | V75: 0 | W75: 0 | X75: 0 | Y75: 0 | Z75: 0 | AA75: 0 | AB75: 0 | AC75: 0 | AD75: 0 | AE75: 0 | AF75: 0 | AG75: 0 | AH75: 0 | AI75: 0 | AJ75: 0 | AK75: 0 | AL75: 0 | AM75: 0
... A93: Amoniaco | B93: 0 | C93: 0 | D93: 0 | E93: 0 | F93: 0 | G93: 0 | H93: 0 | I93: 0 | J93: 0 | K93: 0 | L93: 0 | M93: 0 | N93: 0 | O93: 0 | P93: 0 | Q93: 0 | R93: 0 | S93: 0 | T93: 0 | U93: 0 | V93: 0 | W93: 0 | X93: 0 | Y93: 0 | Z93: 0 | AA93: 0 | AB93: 0 | AC93: 0 | AD93: 0 | AE93: 0 | AF93: 0 | AG93: 0 | AH93: 0 | AI93: 0 | AJ93: 0 | AK93: 0 | AL93: 0 | AM93: 0
A94: Industria química
A95: PJ | B95: 2013 | C95: 2014 | D95: 2015 | E95: 2016 | F95: 2017 | G95: 2018 | H95: 2019 | I95: 2020 | J95: 2021 | K95: 2022 | L95: 2023 | M95: 2024 | N95: 2025 | O95: 2026 | P95: 2027 | Q95: 2028 | R95: 2029 | S95: 2030 | T95: 2031 | U95: 2032 | V95: 2033 | W95: 2034 | X95: 2035 | Y95: 2036 | Z95: 2037 | AA95: 2038 | AB95: 2039 | AC95: 2040 | AD95: 2041 | AE95: 2042 | AF95: 2043 | AG95: 2044 | AH95: 2045 | AI95: 2046 | AJ95: 2047 | AK95: 2048 | AL95: 2049 | AM95: 2050
A96: Carbón | B96: 0 | C96: 0 | D96: 0 | E96: 0 | F96: 0 | G96: 0 | H96: 0 | I96: 0 | J96: 0 | K96: 0 | L96: 0 | M96: 0 | N96: 0 | O96: 0 | P96: 0 | Q96: 0 | R96: 0 | S96: 0 | T96: 0 | U96: 0 | V96: 0 | W96: 0 | X96: 0 | Y96: 0 | Z96: 0 | AA96: 0 | AB96: 0 | AC96: 0 | AD96: 0 | AE96: 0 | AF96: 0 | AG96: 0 | AH96: 0 | AI96: 0 | AJ96: 0 | AK96: 0 | AL96: 0 | AM96: 0
A97: Petróleo | B97: 0 | C97: 0 | D97: 0 | E97: 0 | F97: 0 | G97: 0 | H97: 0 | I97: 0 | J97: 0 | K97: 0 | L97: 0 | M97: 0 | N97: 0 | O97: 0 | P97: 0 | Q97: 0 | R97: 0 | S97: 0 | T97: 0 | U97: 0 | V97: 0 | W97: 0 | X97: 0 | Y97: 0 | Z97: 0 | AA97: 0 | AB97: 0 | AC97: 0 | AD97: 0 | AE97: 0 | AF97: 0 | AG97: 0 | AH97: 0 | AI97: 0 | AJ97: 0 | AK97: 0 | AL97: 0 | AM97: 0
A98: Condensados | B98: 0 | C98: 0 | D98: 0 | E98: 0 | F98: 0 | G98: 0 | H98: 0 | I98: 0 | J98: 0 | K98: 0 | L98: 0 | M98: 0 | N98: 0 | O98: 0 | P98: 0 | Q98: 0 | R98: 0 | S98: 0 | T98: 0 | U98: 0 | V98: 0 | W98: 0 | X98: 0 | Y98: 0 | Z98: 0 | AA98: 0 | AB98: 0 | AC98: 0 | AD98: 0 | AE98: 0 | AF98: 0 | AG98: 0 | AH98: 0 | AI98: 0 | AJ98: 0 | AK98: 0 | AL98: 0 | AM98: 0
A99: Gas natural | B99: 0 | C99: 0 | D99: 0 | E99: 0 | F99: 0 | G99: 0 | H99: 0 | I99: 0 | J99: 0 | K99: 0 | L99: 0 | M99: 0 | N99: 0 | O99: 0 | P99: 0 | Q99: 0 | R99: 0 | S99: 0 | T99: 0 | U99: 0 | V99: 0 | W99: 0 | X99: 0 | Y99: 0 | Z99: 0 | AA99: 0 | AB99: 0 | AC99: 0 | AD99: 0 | AE99: 0 | AF99: 0 | AG99: 0 | AH99: 0 | AI99: 0 | AJ99: 0 | AK99: 0 | AL99: 0 | AM99: 0
A100: Nuclear | B100: 0 | C100: 0 | D100: 0 | E100: 0 | F100: 0 | G100: 0 | H100: 0 | I100: 0 | J100: 0 | K100: 0 | L100: 0 | M100: 0 | N100: 0 | O100: 0 | P100: 0 | Q100: 0 | R100: 0 | S100: 0 | T100: 0 | U100: 0 | V100: 0 | W100: 0 | X100: 0 | Y100: 0 | Z100: 0 | AA100: 0 | AB100: 0 | AC100: 0 | AD100: 0 | AE100: 0 | AF100: 0 | AG100: 0 | AH100: 0 | AI100: 0 | AJ100: 0 | AK100: 0 | AL100: 0 | AM100: 0
A101: Hidroenergía | B101: 0 | C101: 0 | D101: 0 | E101: 0 | F101: 0 | G101: 0 | H101: 0 | I101: 0 | J101: 0 | K101: 0 | L101: 0 | M101: 0 | N101: 0 | O101: 0 | P101: 0 | Q101: 0 | R101: 0 | S101: 0 | T101: 0 | U101: 0 | V101: 0 | W101: 0 | X101: 0 | Y101: 0 | Z101: 0 | AA101: 0 | AB101: 0 | AC101: 0 | AD101: 0 | AE101: 0 | AF101: 0 | AG101: 0 | AH101: 0 | AI101: 0 | AJ101: 0 | AK101: 0 | AL101: 0 | AM101: 0
A102: Radiación solar | B102: 0 | C102: 0 | D102: 0 | E102: 0 | F102: 0 | G102: 0 | H102: 0 | I102: 0 | J102: 0 | K102: 0 | L102: 0 | M102: 0 | N102: 0 | O102: 0 | P102: 0 | Q102: 0 | R102: 0 | S102: 0 | T102: 0 | U102: 0 | V102: 0 | W102: 0 | X102: 0 | Y102: 0 | Z102: 0 | AA102: 0 | AB102: 0 | AC102: 0 | AD102: 0 | AE102: 0 | AF102: 0 | AG102: 0 | AH102: 0 | AI102: 0 | AJ102: 0 | AK102: 0 | AL102: 0 | AM102: 0
A103: Energía eólica | B103: 0 | C103: 0 | D103: 0 | E103: 0 | F103: 0 | G103: 0 | H103: 0 | I103: 0 | J103: 0 | K103: 0 | L103: 0 | M103: 0 | N103: 0 | O103: 0 | P103: 0 | Q103: 0 | R103: 0 | S103: 0 | T103: 0 | U103: 0 | V103: 0 | W103: 0 | X103: 0 | Y103: 0 | Z103: 0 | AA103: 0 | AB103: 0 | AC103: 0 | AD103: 0 | AE103: 0 | AF103: 0 | AG103: 0 | AH103: 0 | AI103: 0 | AJ103: 0 | AK103: 0 | AL103: 0 | AM103: 0
A104: Geoenergía | B104: 0 | C104: 0 | D104: 0 | E104: 0 | F104: 0 | G104: 0 | H104: 0 | I104: 0 | J104: 0 | K104: 0 | L104: 0 | M104: 0 | N104: 0 | O104: 0 | P104: 0 | Q104: 0 | R104: 0 | S104: 0 | T104: 0 | U104: 0 | V104: 0 | W104: 0 | X104: 0 | Y104: 0 | Z104: 0 | AA104: 0 | AB104: 0 | AC104: 0 | AD104: 0 | AE104: 0 | AF104: 0 | AG104: 0 | AH104: 0 | AI104: 0 | AJ104: 0 | AK104: 0 | AL104: 0 | AM104: 0
A105: Bagazos | B105: 0 | C105: 0 | D105: 0 | E105: 0 | F105: 0 | G105: 0 | H105: 0 | I105: 0 | J105: 0 | K105: 0 | L105: 0 | M105: 0 | N105: 0 | O105: 0 | P105: 0 | Q105: 0 | R105: 0 | S105: 0 | T105: 0 | U105: 0 | V105: 0 | W105: 0 | X105: 0 | Y105: 0 | Z105: 0 | AA105: 0 | AB105: 0 | AC105: 0 | AD105: 0 | AE105: 0 | AF105: 0 | AG105: 0 | AH105: 0 | AI105: 0 | AJ105: 0 | AK105: 0 | AL105: 0 | AM105: 0
A106: Leña | B106: 0 | C106: 0 | D106: 0 | E106: 0 | F106: 0 | G106: 0 | H106: 0 | I106: 0 | J106: 0 | K106: 0 | L106: 0 | M106: 0 | N106: 0 | O106: 0 | P106: 0 | Q106: 0 | R106: 0 | S106: 0 | T106: 0 | U106: 0 | V106: 0 | W106: 0 | X106: 0 | Y106: 0 | Z106: 0 | AA106: 0 | AB106: 0 | AC106: 0 | AD106: 0 | AE106: 0 | AF106: 0 | AG106: 0 | AH106: 0 | AI106: 0 | AJ106: 0 | AK106: 0 | AL106: 0 | AM106: 0
... A124: Amoniaco | B124: 0 | C124: 0 | D124: 0 | E124: 0 | F124: 0 | G124: 0 | H124: 0 | I124: 0 | J124: 0 | K124: 0 | L124: 0 | M124: 0 | N124: 0 | O124: 0 | P124: 0 | Q124: 0 | R124: 0 | S124: 0 | T124: 0 | U124: 0 | V124: 0 | W124: 0 | X124: 0 | Y124: 0 | Z124: 0 | AA124: 0 | AB124: 0 | AC124: 0 | AD124: 0 | AE124: 0 | AF124: 0 | AG124: 0 | AH124: 0 | AI124: 0 | AJ124: 0 | AK124: 0 | AL124: 0 | AM124: 0
A125: Mineria
A126: PJ | B126: 2013 | C126: 2014 | D126: 2015 | E126: 2016 | F126: 2017 | G126: 2018 | H126: 2019 | I126: 2020 | J126: 2021 | K126: 2022 | L126: 2023 | M126: 2024 | N126: 2025 | O126: 2026 | P126: 2027 | Q126: 2028 | R126: 2029 | S126: 2030 | T126: 2031 | U126: 2032 | V126: 2033 | W126: 2034 | X126: 2035 | Y126: 2036 | Z126: 2037 | AA126: 2038 | AB126: 2039 | AC126: 2040 | AD126: 2041 | AE126: 2042 | AF126: 2043 | AG126: 2044 | AH126: 2045 | AI126: 2046 | AJ126: 2047 | AK126: 2048 | AL126: 2049 | AM126: 2050
A127: Carbón | B127: 0 | C127: 0 | D127: 0 | E127: 0 | F127: 0 | G127: 0 | H127: 0 | I127: 0 | J127: 0 | K127: 0 | L127: 0 | M127: 0 | N127: 0 | O127: 0 | P127: 0 | Q127: 0 | R127: 0 | S127: 0 | T127: 0 | U127: 0 | V127: 0 | W127: 0 | X127: 0 | Y127: 0 | Z127: 0 | AA127: 0 | AB127: 0 | AC127: 0 | AD127: 0 | AE127: 0 | AF127: 0 | AG127: 0 | AH127: 0 | AI127: 0 | AJ127: 0 | AK127: 0 | AL127: 0 | AM127: 0
A128: Petróleo | B128: 0 | C128: 0 | D128: 0 | E128: 0 | F128: 0 | G128: 0 | H128: 0 | I128: 0 | J128: 0 | K128: 0 | L128: 0 | M128: 0 | N128: 0 | O128: 0 | P128: 0 | Q128: 0 | R128: 0 | S128: 0 | T128: 0 | U128: 0 | V128: 0 | W128: 0 | X128: 0 | Y128: 0 | Z128: 0 | AA128: 0 | AB128: 0 | AC128: 0 | AD128: 0 | AE128: 0 | AF128: 0 | AG128: 0 | AH128: 0 | AI128: 0 | AJ128: 0 | AK128: 0 | AL128: 0 | AM128: 0
A129: Condensados | B129: 0 | C129: 0 | D129: 0 | E129: 0 | F129: 0 | G129: 0 | H129: 0 | I129: 0 | J129: 0 | K129: 0 | L129: 0 | M129: 0 | N129: 0 | O129: 0 | P129: 0 | Q129: 0 | R129: 0 | S129: 0 | T129: 0 | U129: 0 | V129: 0 | W129: 0 | X129: 0 | Y129: 0 | Z129: 0 | AA129: 0 | AB129: 0 | AC129: 0 | AD129: 0 | AE129: 0 | AF129: 0 | AG129: 0 | AH129: 0 | AI129: 0 | AJ129: 0 | AK129: 0 | AL129: 0 | AM129: 0
A130: Gas natural | B130: 0 | C130: 0 | D130: 0 | E130: 0 | F130: 0 | G130: 0 | H130: 0 | I130: 0 | J130: 0 | K130: 0 | L130: 0 | M130: 0 | N130: 0 | O130: 0 | P130: 0 | Q130: 0 | R130: 0 | S130: 0 | T130: 0 | U130: 0 | V130: 0 | W130: 0 | X130: 0 | Y130: 0 | Z130: 0 | AA130: 0 | AB130: 0 | AC130: 0 | AD130: 0 | AE130: 0 | AF130: 0 | AG130: 0 | AH130: 0 | AI130: 0 | AJ130: 0 | AK130: 0 | AL130: 0 | AM130: 0
A131: Nuclear | B131: 0 | C131: 0 | D131: 0 | E131: 0 | F131: 0 | G131: 0 | H131: 0 | I131: 0 | J131: 0 | K131: 0 | L131: 0 | M131: 0 | N131: 0 | O131: 0 | P131: 0 | Q131: 0 | R131: 0 | S131: 0 | T131: 0 | U131: 0 | V131: 0 | W131: 0 | X131: 0 | Y131: 0 | Z131: 0 | AA131: 0 | AB131: 0 | AC131: 0 | AD131: 0 | AE131: 0 | AF131: 0 | AG131: 0 | AH131: 0 | AI131: 0 | AJ131: 0 | AK131: 0 | AL131: 0 | AM131: 0
A132: Hidroenergía | B132: 0 | C132: 0 | D132: 0 | E132: 0 | F132: 0 | G132: 0 | H132: 0 | I132: 0 | J132: 0 | K132: 0 | L132: 0 | M132: 0 | N132: 0 | O132: 0 | P132: 0 | Q132: 0 | R132: 0 | S132: 0 | T132: 0 | U132: 0 | V132: 0 | W132: 0 | X132: 0 | Y132: 0 | Z132: 0 | AA132: 0 | AB132: 0 | AC132: 0 | AD132: 0 | AE132: 0 | AF132: 0 | AG132: 0 | AH132: 0 | AI132: 0 | AJ132: 0 | AK132: 0 | AL132: 0 | AM132: 0
A133: Radiación solar | B133: 0 | C133: 0 | D133: 0 | E133: 0 | F133: 0 | G133: 0 | H133: 0 | I133: 0 | J133: 0 | K133: 0 | L133: 0 | M133: 0 | N133: 0 | O133: 0 | P133: 0 | Q133: 0 | R133: 0 | S133: 0 | T133: 0 | U133: 0 | V133: 0 | W133: 0 | X133: 0 | Y133: 0 | Z133: 0 | AA133: 0 | AB133: 0 | AC133: 0 | AD133: 0 | AE133: 0 | AF133: 0 | AG133: 0 | AH133: 0 | AI133: 0 | AJ133: 0 | AK133: 0 | AL133: 0 | AM133: 0
A134: Energía eólica | B134: 0 | C134: 0 | D134: 0 | E134: 0 | F134: 0 | G134: 0 | H134: 0 | I134: 0 | J134: 0 | K134: 0 | L134: 0 | M134: 0 | N134: 0 | O134: 0 | P134: 0 | Q134: 0 | R134: 0 | S134: 0 | T134: 0 | U134: 0 | V134: 0 | W134: 0 | X134: 0 | Y134: 0 | Z134: 0 | AA134: 0 | AB134: 0 | AC134: 0 | AD134: 0 | AE134: 0 | AF134: 0 | AG134: 0 | AH134: 0 | AI134: 0 | AJ134: 0 | AK134: 0 | AL134: 0 | AM134: 0
A135: Geoenergía | B135: 0 | C135: 0 | D135: 0 | E135: 0 | F135: 0 | G135: 0 | H135: 0 | I135: 0 | J135: 0 | K135: 0 | L135: 0 | M135: 0 | N135: 0 | O135: 0 | P135: 0 | Q135: 0 | R135: 0 | S135: 0 | T135: 0 | U135: 0 | V135: 0 | W135: 0 | X135: 0 | Y135: 0 | Z135: 0 | AA135: 0 | AB135: 0 | AC135: 0 | AD135: 0 | AE135: 0 | AF135: 0 | AG135: 0 | AH135: 0 | AI135: 0 | AJ135: 0 | AK135: 0 | AL135: 0 | AM135: 0
A136: Bagazos | B136: 0 | C136: 0 | D136: 0 | E136: 0 | F136: 0 | G136: 0 | H136: 0 | I136: 0 | J136: 0 | K136: 0 | L136: 0 | M136: 0 | N136: 0 | O136: 0 | P136: 0 | Q136: 0 | R136: 0 | S136: 0 | T136: 0 | U136: 0 | V136: 0 | W136: 0 | X136: 0 | Y136: 0 | Z136: 0 | AA136: 0 | AB136: 0 | AC136: 0 | AD136: 0 | AE136: 0 | AF136: 0 | AG136: 0 | AH136: 0 | AI136: 0 | AJ136: 0 | AK136: 0 | AL136: 0 | AM136: 0
A137: Leña | B137: 0 | C137: 0 | D137: 0 | E137: 0 | F137: 0 | G137: 0 | H137: 0 | I137: 0 | J137: 0 | K137: 0 | L137: 0 | M137: 0 | N137: 0 | O137: 0 | P137: 0 | Q137: 0 | R137: 0 | S137: 0 | T137: 0 | U137: 0 | V137: 0 | W137: 0 | X137: 0 | Y137: 0 | Z137: 0 | AA137: 0 | AB137: 0 | AC137: 0 | AD137: 0 | AE137: 0 | AF137: 0 | AG137: 0 | AH137: 0 | AI137: 0 | AJ137: 0 | AK137: 0 | AL137: 0 | AM137: 0
... A155: Amoniaco | B155: 0 | C155: 0 | D155: 0 | E155: 0 | F155: 0 | G155: 0 | H155: 0 | I155: 0 | J155: 0 | K155: 0 | L155: 0 | M155: 0 | N155: 0 | O155: 0 | P155: 0 | Q155: 0 | R155: 0 | S155: 0 | T155: 0 | U155: 0 | V155: 0 | W155: 0 | X155: 0 | Y155: 0 | Z155: 0 | AA155: 0 | AB155: 0 | AC155: 0 | AD155: 0 | AE155: 0 | AF155: 0 | AG155: 0 | AH155: 0 | AI155: 0 | AJ155: 0 | AK155: 0 | AL155: 0 | AM155: 0
A156: PEMEX Petroquímica
A157: PJ | B157: 2013 | C157: 2014 | D157: 2015 | E157: 2016 | F157: 2017 | G157: 2018 | H157: 2019 | I157: 2020 | J157: 2021 | K157: 2022 | L157: 2023 | M157: 2024 | N157: 2025 | O157: 2026 | P157: 2027 | Q157: 2028 | R157: 2029 | S157: 2030 | T157: 2031 | U157: 2032 | V157: 2033 | W157: 2034 | X157: 2035 | Y157: 2036 | Z157: 2037 | AA157: 2038 | AB157: 2039 | AC157: 2040 | AD157: 2041 | AE157: 2042 | AF157: 2043 | AG157: 2044 | AH157: 2045 | AI157: 2046 | AJ157: 2047 | AK157: 2048 | AL157: 2049 | AM157: 2050
A158: Carbón | B158: 0 | C158: 0 | D158: 0 | E158: 0 | F158: 0 | G158: 0 | H158: 0 | I158: 0 | J158: 0 | K158: 0 | L158: 0 | M158: 0 | N158: 0 | O158: 0 | P158: 0 | Q158: 0 | R158: 0 | S158: 0 | T158: 0 | U158: 0 | V158: 0 | W158: 0 | X158: 0 | Y158: 0 | Z158: 0 | AA158: 0 | AB158: 0 | AC158: 0 | AD158: 0 | AE158: 0 | AF158: 0 | AG158: 0 | AH158: 0 | AI158: 0 | AJ158: 0 | AK158: 0 | AL158: 0 | AM158: 0
A159: Petróleo | B159: 0 | C159: 0 | D159: 0 | E159: 0 | F159: 0 | G159: 0 | H159: 0 | I159: 0 | J159: 0 | K159: 0 | L159: 0 | M159: 0 | N159: 0 | O159: 0 | P159: 0 | Q159: 0 | R159: 0 | S159: 0 | T159: 0 | U159: 0 | V159: 0 | W159: 0 | X159: 0 | Y159: 0 | Z159: 0 | AA159: 0 | AB159: 0 | AC159: 0 | AD159: 0 | AE159: 0 | AF159: 0 | AG159: 0 | AH159: 0 | AI159: 0 | AJ159: 0 | AK159: 0 | AL159: 0 | AM159: 0
A160: Condensados | B160: 0 | C160: 0 | D160: 0 | E160: 0 | F160: 0 | G160: 0 | H160: 0 | I160: 0 | J160: 0 | K160: 0 | L160: 0 | M160: 0 | N160: 0 | O160: 0 | P160: 0 | Q160: 0 | R160: 0 | S160: 0 | T160: 0 | U160: 0 | V160: 0 | W160: 0 | X160: 0 | Y160: 0 | Z160: 0 | AA160: 0 | AB160: 0 | AC160: 0 | AD160: 0 | AE160: 0 | AF160: 0 | AG160: 0 | AH160: 0 | AI160: 0 | AJ160: 0 | AK160: 0 | AL160: 0 | AM160: 0
A161: Gas natural | B161: 0 | C161: 0 | D161: 0 | E161: 0 | F161: 0 | G161: 0 | H161: 0 | I161: 0 | J161: 0 | K161: 0 | L161: 0 | M161: 0 | N161: 0 | O161: 0 | P161: 0 | Q161: 0 | R161: 0 | S161: 0 | T161: 0 | U161: 0 | V161: 0 | W161: 0 | X161: 0 | Y161: 0 | Z161: 0 | AA161: 0 | AB161: 0 | AC161: 0 | AD161: 0 | AE161: 0 | AF161: 0 | AG161: 0 | AH161: 0 | AI161: 0 | AJ161: 0 | AK161: 0 | AL161: 0 | AM161: 0
A162: Nuclear | B162: 0 | C162: 0 | D162: 0 | E162: 0 | F162: 0 | G162: 0 | H162: 0 | I162: 0 | J162: 0 | K162: 0 | L162: 0 | M162: 0 | N162: 0 | O162: 0 | P162: 0 | Q162: 0 | R162: 0 | S162: 0 | T162: 0 | U162: 0 | V162: 0 | W162: 0 | X162: 0 | Y162: 0 | Z162: 0 | AA162: 0 | AB162: 0 | AC162: 0 | AD162: 0 | AE162: 0 | AF162: 0 | AG162: 0 | AH162: 0 | AI162: 0 | AJ162: 0 | AK162: 0 | AL162: 0 | AM162: 0
A163: Hidroenergía | B163: 0 | C163: 0 | D163: 0 | E163: 0 | F163: 0 | G163: 0 | H163: 0 | I163: 0 | J163: 0 | K163: 0 | L163: 0 | M163: 0 | N163: 0 | O163: 0 | P163: 0 | Q163: 0 | R163: 0 | S163: 0 | T163: 0 | U163: 0 | V163: 0 | W163: 0 | X163: 0 | Y163: 0 | Z163: 0 | AA163: 0 | AB163: 0 | AC163: 0 | AD163: 0 | AE163: 0 | AF163: 0 | AG163: 0 | AH163: 0 | AI163: 0 | AJ163: 0 | AK163: 0 | AL163: 0 | AM163: 0
A164: Radiación solar | B164: 0 | C164: 0 | D164: 0 | E164: 0 | F164: 0 | G164: 0 | H164: 0 | I164: 0 | J164: 0 | K164: 0 | L164: 0 | M164: 0 | N164: 0 | O164: 0 | P164: 0 | Q164: 0 | R164: 0 | S164: 0 | T164: 0 | U164: 0 | V164: 0 | W164: 0 | X164: 0 | Y164: 0 | Z164: 0 | AA164: 0 | AB164: 0 | AC164: 0 | AD164: 0 | AE164: 0 | AF164: 0 | AG164: 0 | AH164: 0 | AI164: 0 | AJ164: 0 | AK164: 0 | AL164: 0 | AM164: 0
A165: Energía eólica | B165: 0 | C165: 0 | D165: 0 | E165: 0 | F165: 0 | G165: 0 | H165: 0 | I165: 0 | J165: 0 | K165: 0 | L165: 0 | M165: 0 | N165: 0 | O165: 0 | P165: 0 | Q165: 0 | R165: 0 | S165: 0 | T165: 0 | U165: 0 | V165: 0 | W165: 0 | X165: 0 | Y165: 0 | Z165: 0 | AA165: 0 | AB165: 0 | AC165: 0 | AD165: 0 | AE165: 0 | AF165: 0 | AG165: 0 | AH165: 0 | AI165: 0 | AJ165: 0 | AK165: 0 | AL165: 0 | AM165: 0
A166: Geoenergía | B166: 0 | C166: 0 | D166: 0 | E166: 0 | F166: 0 | G166: 0 | H166: 0 | I166: 0 | J166: 0 | K166: 0 | L166: 0 | M166: 0 | N166: 0 | O166: 0 | P166: 0 | Q166: 0 | R166: 0 | S166: 0 | T166: 0 | U166: 0 | V166: 0 | W166: 0 | X166: 0 | Y166: 0 | Z166: 0 | AA166: 0 | AB166: 0 | AC166: 0 | AD166: 0 | AE166: 0 | AF166: 0 | AG166: 0 | AH166: 0 | AI166: 0 | AJ166: 0 | AK166: 0 | AL166: 0 | AM166: 0
A167: Bagazos | B167: 0 | C167: 0 | D167: 0 | E167: 0 | F167: 0 | G167: 0 | H167: 0 | I167: 0 | J167: 0 | K167: 0 | L167: 0 | M167: 0 | N167: 0 | O167: 0 | P167: 0 | Q167: 0 | R167: 0 | S167: 0 | T167: 0 | U167: 0 | V167: 0 | W167: 0 | X167: 0 | Y167: 0 | Z167: 0 | AA167: 0 | AB167: 0 | AC167: 0 | AD167: 0 | AE167: 0 | AF167: 0 | AG167: 0 | AH167: 0 | AI167: 0 | AJ167: 0 | AK167: 0 | AL167: 0 | AM167: 0
A168: Leña | B168: 0 | C168: 0 | D168: 0 | E168: 0 | F168: 0 | G168: 0 | H168: 0 | I168: 0 | J168: 0 | K168: 0 | L168: 0 | M168: 0 | N168: 0 | O168: 0 | P168: 0 | Q168: 0 | R168: 0 | S168: 0 | T168: 0 | U168: 0 | V168: 0 | W168: 0 | X168: 0 | Y168: 0 | Z168: 0 | AA168: 0 | AB168: 0 | AC168: 0 | AD168: 0 | AE168: 0 | AF168: 0 | AG168: 0 | AH168: 0 | AI168: 0 | AJ168: 0 | AK168: 0 | AL168: 0 | AM168: 0
... A186: Amoniaco | B186: 0 | C186: 0 | D186: 0 | E186: 0 | F186: 0 | G186: 0 | H186: 0 | I186: 0 | J186: 0 | K186: 0 | L186: 0 | M186: 0 | N186: 0 | O186: 0 | P186: 0 | Q186: 0 | R186: 0 | S186: 0 | T186: 0 | U186: 0 | V186: 0 | W186: 0 | X186: 0 | Y186: 0 | Z186: 0 | AA186: 0 | AB186: 0 | AC186: 0 | AD186: 0 | AE186: 0 | AF186: 0 | AG186: 0 | AH186: 0 | AI186: 0 | AJ186: 0 | AK186: 0 | AL186: 0 | AM186: 0
A187: Papel y cartón
A188: PJ | B188: 2013 | C188: 2014 | D188: 2015 | E188: 2016 | F188: 2017 | G188: 2018 | H188: 2019 | I188: 2020 | J188: 2021 | K188: 2022 | L188: 2023 | M188: 2024 | N188: 2025 | O188: 2026 | P188: 2027 | Q188: 2028 | R188: 2029 | S188: 2030 | T188: 2031 | U188: 2032 | V188: 2033 | W188: 2034 | X188: 2035 | Y188: 2036 | Z188: 2037 | AA188: 2038 | AB188: 2039 | AC188: 2040 | AD188: 2041 | AE188: 2042 | AF188: 2043 | AG188: 2044 | AH188: 2045 | AI188: 2046 | AJ188: 2047 | AK188: 2048 | AL188: 2049 | AM188: 2050
A189: Carbón | B189: 0 | C189: 0 | D189: 0 | E189: 0 | F189: 0 | G189: 0 | H189: 0 | I189: 0 | J189: 0 | K189: 0 | L189: 0 | M189: 0 | N189: 0 | O189: 0 | P189: 0 | Q189: 0 | R189: 0 | S189: 0 | T189: 0 | U189: 0 | V189: 0 | W189: 0 | X189: 0 | Y189: 0 | Z189: 0 | AA189: 0 | AB189: 0 | AC189: 0 | AD189: 0 | AE189: 0 | AF189: 0 | AG189: 0 | AH189: 0 | AI189: 0 | AJ189: 0 | AK189: 0 | AL189: 0 | AM189: 0
A190: Petróleo | B190: 0 | C190: 0 | D190: 0 | E190: 0 | F190: 0 | G190: 0 | H190: 0 | I190: 0 | J190: 0 | K190: 0 | L190: 0 | M190: 0 | N190: 0 | O190: 0 | P190: 0 | Q190: 0 | R190: 0 | S190: 0 | T190: 0 | U190: 0 | V190: 0 | W190: 0 | X190: 0 | Y190: 0 | Z190: 0 | AA190: 0 | AB190: 0 | AC190: 0 | AD190: 0 | AE190: 0 | AF190: 0 | AG190: 0 | AH190: 0 | AI190: 0 | AJ190: 0 | AK190: 0 | AL190: 0 | AM190: 0
A191: Condensados | B191: 0 | C191: 0 | D191: 0 | E191: 0 | F191: 0 | G191: 0 | H191: 0 | I191: 0 | J191: 0 | K191: 0 | L191: 0 | M191: 0 | N191: 0 | O191: 0 | P191: 0 | Q191: 0 | R191: 0 | S191: 0 | T191: 0 | U191: 0 | V191: 0 | W191: 0 | X191: 0 | Y191: 0 | Z191: 0 | AA191: 0 | AB191: 0 | AC191: 0 | AD191: 0 | AE191: 0 | AF191: 0 | AG191: 0 | AH191: 0 | AI191: 0 | AJ191: 0 | AK191: 0 | AL191: 0 | AM191: 0
A192: Gas natural | B192: 0 | C192: 0 | D192: 0 | E192: 0 | F192: 0 | G192: 0 | H192: 0 | I192: 0 | J192: 0 | K192: 0 | L192: 0 | M192: 0 | N192: 0 | O192: 0 | P192: 0 | Q192: 0 | R192: 0 | S192: 0 | T192: 0 | U192: 0 | V192: 0 | W192: 0 | X192: 0 | Y192: 0 | Z192: 0 | AA192: 0 | AB192: 0 | AC192: 0 | AD192: 0 | AE192: 0 | AF192: 0 | AG192: 0 | AH192: 0 | AI192: 0 | AJ192: 0 | AK192: 0 | AL192: 0 | AM192: 0
A193: Nuclear | B193: 0 | C193: 0 | D193: 0 | E193: 0 | F193: 0 | G193: 0 | H193: 0 | I193: 0 | J193: 0 | K193: 0 | L193: 0 | M193: 0 | N193: 0 | O193: 0 | P193: 0 | Q193: 0 | R193: 0 | S193: 0 | T193: 0 | U193: 0 | V193: 0 | W193: 0 | X193: 0 | Y193: 0 | Z193: 0 | AA193: 0 | AB193: 0 | AC193: 0 | AD193: 0 | AE193: 0 | AF193: 0 | AG193: 0 | AH193: 0 | AI193: 0 | AJ193: 0 | AK193: 0 | AL193: 0 | AM193: 0
A194: Hidroenergía | B194: 0 | C194: 0 | D194: 0 | E194: 0 | F194: 0 | G194: 0 | H194: 0 | I194: 0 | J194: 0 | K194: 0 | L194: 0 | M194: 0 | N194: 0 | O194: 0 | P194: 0 | Q194: 0 | R194: 0 | S194: 0 | T194: 0 | U194: 0 | V194: 0 | W194: 0 | X194: 0 | Y194: 0 | Z194: 0 | AA194: 0 | AB194: 0 | AC194: 0 | AD194: 0 | AE194: 0 | AF194: 0 | AG194: 0 | AH194: 0 | AI194: 0 | AJ194: 0 | AK194: 0 | AL194: 0 | AM194: 0
A195: Radiación solar | B195: 0 | C195: 0 | D195: 0 | E195: 0 | F195: 0 | G195: 0 | H195: 0 | I195: 0 | J195: 0 | K195: 0 | L195: 0 | M195: 0 | N195: 0 | O195: 0 | P195: 0 | Q195: 0 | R195: 0 | S195: 0 | T195: 0 | U195: 0 | V195: 0 | W195: 0 | X195: 0 | Y195: 0 | Z195: 0 | AA195: 0 | AB195: 0 | AC195: 0 | AD195: 0 | AE195: 0 | AF195: 0 | AG195: 0 | AH195: 0 | AI195: 0 | AJ195: 0 | AK195: 0 | AL195: 0 | AM195: 0
A196: Energía eólica | B196: 0 | C196: 0 | D196: 0 | E196: 0 | F196: 0 | G196: 0 | H196: 0 | I196: 0 | J196: 0 | K196: 0 | L196: 0 | M196: 0 | N196: 0 | O196: 0 | P196: 0 | Q196: 0 | R196: 0 | S196: 0 | T196: 0 | U196: 0 | V196: 0 | W196: 0 | X196: 0 | Y196: 0 | Z196: 0 | AA196: 0 | AB196: 0 | AC196: 0 | AD196: 0 | AE196: 0 | AF196: 0 | AG196: 0 | AH196: 0 | AI196: 0 | AJ196: 0 | AK196: 0 | AL196: 0 | AM196: 0
A197: Geoenergía | B197: 0 | C197: 0 | D197: 0 | E197: 0 | F197: 0 | G197: 0 | H197: 0 | I197: 0 | J197: 0 | K197: 0 | L197: 0 | M197: 0 | N197: 0 | O197: 0 | P197: 0 | Q197: 0 | R197: 0 | S197: 0 | T197: 0 | U197: 0 | V197: 0 | W197: 0 | X197: 0 | Y197: 0 | Z197: 0 | AA197: 0 | AB197: 0 | AC197: 0 | AD197: 0 | AE197: 0 | AF197: 0 | AG197: 0 | AH197: 0 | AI197: 0 | AJ197: 0 | AK197: 0 | AL197: 0 | AM197: 0
A198: Bagazos | B198: 0 | C198: 0 | D198: 0 | E198: 0 | F198: 0 | G198: 0 | H198: 0 | I198: 0 | J198: 0 | K198: 0 | L198: 0 | M198: 0 | N198: 0 | O198: 0 | P198: 0 | Q198: 0 | R198: 0 | S198: 0 | T198: 0 | U198: 0 | V198: 0 | W198: 0 | X198: 0 | Y198: 0 | Z198: 0 | AA198: 0 | AB198: 0 | AC198: 0 | AD198: 0 | AE198: 0 | AF198: 0 | AG198: 0 | AH198: 0 | AI198: 0 | AJ198: 0 | AK198: 0 | AL198: 0 | AM198: 0
A199: Leña | B199: 0 | C199: 0 | D199: 0 | E199: 0 | F199: 0 | G199: 0 | H199: 0 | I199: 0 | J199: 0 | K199: 0 | L199: 0 | M199: 0 | N199: 0 | O199: 0 | P199: 0 | Q199: 0 | R199: 0 | S199: 0 | T199: 0 | U199: 0 | V199: 0 | W199: 0 | X199: 0 | Y199: 0 | Z199: 0 | AA199: 0 | AB199: 0 | AC199: 0 | AD199: 0 | AE199: 0 | AF199: 0 | AG199: 0 | AH199: 0 | AI199: 0 | AJ199: 0 | AK199: 0 | AL199: 0 | AM199: 0
... A217: Amoniaco | B217: 0 | C217: 0 | D217: 0 | E217: 0 | F217: 0 | G217: 0 | H217: 0 | I217: 0 | J217: 0 | K217: 0 | L217: 0 | M217: 0 | N217: 0 | O217: 0 | P217: 0 | Q217: 0 | R217: 0 | S217: 0 | T217: 0 | U217: 0 | V217: 0 | W217: 0 | X217: 0 | Y217: 0 | Z217: 0 | AA217: 0 | AB217: 0 | AC217: 0 | AD217: 0 | AE217: 0 | AF217: 0 | AG217: 0 | AH217: 0 | AI217: 0 | AJ217: 0 | AK217: 0 | AL217: 0 | AM217: 0
A218: Vidrio y derivados
A219: PJ | B219: 2013 | C219: 2014 | D219: 2015 | E219: 2016 | F219: 2017 | G219: 2018 | H219: 2019 | I219: 2020 | J219: 2021 | K219: 2022 | L219: 2023 | M219: 2024 | N219: 2025 | O219: 2026 | P219: 2027 | Q219: 2028 | R219: 2029 | S219: 2030 | T219: 2031 | U219: 2032 | V219: 2033 | W219: 2034 | X219: 2035 | Y219: 2036 | Z219: 2037 | AA219: 2038 | AB219: 2039 | AC219: 2040 | AD219: 2041 | AE219: 2042 | AF219: 2043 | AG219: 2044 | AH219: 2045 | AI219: 2046 | AJ219: 2047 | AK219: 2048 | AL219: 2049 | AM219: 2050
...

Sheet Calculations PJ
C1: 2013 | D1: 2014 | E1: 2015 | F1: 2016 | G1: 2017 | H1: 2018 | I1: 2019 | J1: 2020 | K1: 2021 | L1: 2022 | M1: 2023 | N1: 2024 | O1: 2025 | P1: 2026 | Q1: 2027 | R1: 2028 | S1: 2029 | T1: 2030 | U1: 2031 | V1: 2032 | W1: 2033 | X1: 2034 | Y1: 2035 | Z1: 2036 | AA1: 2037 | AB1: 2038 | AC1: 2039 | AD1: 2040 | AE1: 2041 | AF1: 2042 | AG1: 2043 | AH1: 2044 | AI1: 2045 | AJ1: 2046 | AK1: 2047 | AL1: 2048 | AM1: 2049 | AN1: 2050 | AO1: 2051 | AP1: 2052 | AQ1: 2053 | AR1: 2054 | AS1: 2055 | AT1: 2056 | AU1: 2057 | AV1: 2058 | AW1: 2059 | AX1: 2060 | AY1: 2061 | AZ1: 2062 | BA1: 2063 | BB1: 2064 | BC1: 2065 | BD1: 2066 | BE1: 2067 | BF1: 2068 | BG1: 2069 | BH1: 2070
A2: electricity (PJ) | C2: =SUM(C3:C27) -> 581.35 | D2: =SUM(D3:D27) -> 592.75 | E2: =SUM(E3:E27) -> 590.4 | F2: =SUM(F3:F27) -> 593.79 | G2: =SUM(G3:G27) -> 606.34 | H2: =SUM(H3:H27) -> 642.65 | I2: =SUM(I3:I27) -> 655.48 | J2: =SUM(J3:J27) -> 652 | ... BH2: =SUM(BH3:BH27) -> 1064.8274
B3: agriculture and forestry 01T03 | C3: =C243 -> 37.5 | D3: =D243 -> 36.85 | E3: =E243 -> 36.95 | F3: =F243 -> 41.53 | G3: =G243 -> 41.44 | H3: =H243 -> 40.67 | I3: =I243 -> 40.78 | J3: =J243 -> 51.24 | ... BH3: =BH243 -> 88.495
B4: coal mining 05 | C4: =C250 -> 5.4435 | D4: =D250 -> 5.6775 | E4: =E250 -> 5.7165 | F4: =F250 -> 6.0945 | G4: =G250 -> 6.4725 | H4: =H250 -> 6.9315 | I4: =I250 -> 6.9315 | J4: =J250 -> 7.0935 | ... BH4: =BH250 -> 17.2515
B5: oil and gas extraction 06
B6: other mining and quarrying 07T08 | C6: =C257 -> 30.8465 | D6: =D257 -> 32.1725 | E6: =E257 -> 32.3935 | F6: =F257 -> 34.5355 | G6: =G257 -> 36.6775 | H6: =H257 -> 39.2785 | I6: =I257 -> 39.2785 | J6: =J257 -> 40.1965 | ... BH6: =BH257 -> 97.7585
B7: food beverage and tobacco 10T12 | C7: =C262 -> 11.62 | D7: =D262 -> 10.72 | E7: =E262 -> 11.07 | F7: =F262 -> 12.02 | G7: =G262 -> 12.12 | H7: =H262 -> 12.34 | I7: =I262 -> 12.85 | J7: =J262 -> 12.37 | ... BH7: =BH262 -> 21.96
B8: textiles apparel and leather 13T15 | C8: =C271 -> 3.81 | D8: =D271 -> 3.78 | E8: =E271 -> 3.99 | F8: =F271 -> 4 | G8: =G271 -> 3.91 | H8: =H271 -> 4.01 | I8: =I271 -> 3.78 | J8: =J271 -> 2.69 | ... BH8: =BH271 -> 3.0267084
B9: wood products 16
B10: pulp paper and printing 17T18 | C10: =C278 -> 10.3 | D10: =D278 -> 10.96 | E10: =E278 -> 10.9 | F10: =F278 -> 11.93 | G10: =G278 -> 11.58 | H10: =H278 -> 11.85 | I10: =I278 -> 12.28 | J10: =J278 -> 11.6 | ... BH10: =BH278 -> 52.07
B11: refined petroleum and coke 19
B12: chemicals 20 | C12: =C287 -> 17.12 | D12: =D287 -> 17.06 | E12: =E287 -> 16.68 | F12: =F287 -> 16.86 | G12: =G287 -> 15.8 | H12: =H287 -> 15.52 | I12: =I287 -> 14.79 | J12: =J287 -> 13.95 | ... BH12: =BH287 -> 83.48
B13: rubber and plastic products 22 | C13: =C293 -> 1.65 | D13: =D293 -> 1.73 | E13: =E293 -> 1.82 | F13: =F293 -> 1.95 | G13: =G293 -> 1.79 | H13: =H293 -> 1.81 | I13: =I293 -> 1.65 | J13: =J293 -> 1.73 | ... BH13: =BH293 -> 2.51
B14: glass and glass products 231 | C14: =C300 -> 5.18 | D14: =D300 -> 4.25 | E14: =E300 -> 4.49 | F14: =F300 -> 4.8 | G14: =G300 -> 4.56 | H14: =H300 -> 4.65 | I14: =I300 -> 4.57 | J14: =J300 -> 4.28 | ... BH14: =BH300 -> 3.94
B15: cement and other nonmetallic minerals 239 | C15: =C307 -> 36.13 | D15: =D307 -> 37.01 | E15: =E307 -> 36.87 | F15: =F307 -> 37.28 | G15: =G307 -> 36.73 | H15: =H307 -> 37.01 | I15: =I307 -> 36.29 | J15: =J307 -> 37.52 | ... BH15: =BH307 -> 131.63
B16: iron and steel 241 | C16: =C315 -> 31.58 | D16: =D315 -> 29.85 | E16: =E315 -> 23.22 | F16: =F315 -> 20.63 | G16: =G315 -> 20.46 | H16: =H315 -> 19.99 | I16: =I315 -> 18.43 | J16: =J315 -> 18.91 | ... BH16: =BH315 -> 131.46
B17: other metals 242
B18: metal products except machinery and vehicles 25
B19: computers and electronics 26 | C19: =C321 -> 0.73 | D19: =D321 -> 0.84 | E19: =E321 -> 0.91 | F19: =F321 -> 0.93 | G19: =G321 -> 0.97 | H19: =H321 -> 0.96 | I19: =I321 -> 1.01 | J19: =J321 -> 0.93 | ... BH19: =BH321 -> 0.78957611
B20: appliances and electrical equipment 27 | C20: =C326 -> 0.23 | D20: =D326 -> 0.24 | E20: =E326 -> 0.25 | F20: =F326 -> 0.26 | G20: =G326 -> 0.27 | H20: =H326 -> 0.27 | I20: =I326 -> 0.27 | J20: =J326 -> 0.26 | ... BH20: =BH326 -> 0.26319204
B21: other machinery 28
B22: road vehicles 29 | C22: =C332 -> 8.3 | D22: =D332 -> 8.53 | E22: =E332 -> 9.21 | F22: =F332 -> 9.62 | G22: =G332 -> 9.59 | H22: =H332 -> 9.9 | I22: =I332 -> 10.21 | J22: =J332 -> 10.61 | ... BH22: =BH332 -> 22.67
B23: nonroad vehicles 30
B24: other manufacturing 31T33 | C24: =C350 -> 379.14 | D24: =D350 -> 391.24 | E24: =E350 -> 394.06 | F24: =F350 -> 389.35 | G24: =G350 -> 401.97 | H24: =H350 -> 435.43 | I24: =I350 -> 450.3 | J24: =J350 -> 436.52 | ... BH24: =BH350 -> 398.73291
B25: energy pipelines and gas processing 352T353
B26: water and waste 36T39
B27: construction 41T43 | C27: =C357 -> 1.77 | D27: =D357 -> 1.84 | E27: =E357 -> 1.87 | F27: =F357 -> 2 | G27: =G357 -> 2 | H27: =H357 -> 2.03 | I27: =I357 -> 2.06 | J27: =J357 -> 2.1 | ... BH27: =BH357 -> 8.79
A28: coal (PJ) | C28: =SUM(C29:C53) -> 165.2 | D28: =SUM(D29:D53) -> 145.71 | E28: =SUM(E29:E53) -> 147.93 | F28: =SUM(F29:F53) -> 127.29 | G28: =SUM(G29:G53) -> 301.19 | H28: =SUM(H29:H53) -> 234.36 | I28: =SUM(I29:I53) -> 178.72 | J28: =SUM(J29:J53) -> 65.51 | ... BH28: =SUM(BH29:BH53) -> 51.5
B29: agriculture and forestry 01T03
B30: coal mining 05
B31: oil and gas extraction 06
B32: other mining and quarrying 07T08
B33: food beverage and tobacco 10T12
B34: textiles apparel and leather 13T15
B35: wood products 16
B36: pulp paper and printing 17T18
B37: refined petroleum and coke 19
B38: chemicals 20
B39: rubber and plastic products 22
B40: glass and glass products 231
B41: cement and other nonmetallic minerals 239 | C41: =C302 -> 5.86 | D41: =D302 -> 6 | E41: =E302 -> 6.41 | F41: =F302 -> 6.82 | G41: =G302 -> 7.05 | H41: =H302 -> 7.31 | I41: =I302 -> 7.66 | J41: =J302 -> 9.53 | ... BH41: =BH302 -> 20.24
B42: iron and steel 241 | C42: =C309 -> 65.13 | D42: =D309 -> 68.7 | E42: =E309 -> 63.35 | F42: =F309 -> 63.52 | G42: =G309 -> 63.75 | H42: =H309 -> 47.43 | I42: =I309 -> 57.03 | J42: =J309 -> 44.56 | ... BH42: =BH309 -> 7
B43: other metals 242
B44: metal products except machinery and vehicles 25
B45: computers and electronics 26
B46: appliances and electrical equipment 27
B47: other machinery 28
B48: road vehicles 29
B49: nonroad vehicles 30
B50: other manufacturing 31T33 | C50: =C335+C341 -> 94.21 | D50: =D335+D341 -> 71.01 | E50: =E335+E341 -> 78.17 | F50: =F335+F341 -> 56.95 | G50: =G335+G341 -> 230.39 | H50: =H335+H341 -> 179.62 | I50: =I335+I341 -> 114.03 | J50: =J335+J341 -> 11.42 | ... BH50: =BH335+BH341 -> 24.26
B51: energy pipelines and gas processing 352T353
B52: water and waste 36T39
B53: construction 41T43
A54: natural gas (PJ) | C54: =SUM(C55:C79) -> 1205.125 | D54: =SUM(D55:D79) -> 1216.485 | E54: =SUM(E55:E79) -> 1205.435 | F54: =SUM(F55:F79) -> 1250.28 | G54: =SUM(G55:G79) -> 1371.93 | H54: =SUM(H55:H79) -> 1018.29 | I54: =SUM(I55:I79) -> 983.335 | J54: =SUM(J55:J79) -> 945.615 | ... BH54: =SUM(BH55:BH79) -> 1391.7757
B55: agriculture and forestry 01T03 | C55: =C244 -> 0.52 | D55: =D244 -> 0.5 | E55: =E244 -> 0.38 | F55: =F244 -> 0.39 | G55: =G244 -> 0 | H55: =H244 -> 0.32 | I55: =I244 -> 0.25 | J55: =J244 -> 0.22 | ... BH55: =BH244 -> 0.23
B56: coal mining 05 | C56: =C249 -> 1.3905 | D56: =D249 -> 1.008 | E56: =E249 -> 1.515 | F56: =F249 -> 1.599 | G56: =G249 -> 1.776 | H56: =H249 -> 1.845 | I56: =I249 -> 1.941 | J56: =J249 -> 1.6815 | ... BH56: =BH249 -> 2.478
B57: oil and gas extraction 06
B58: other mining and quarrying 07T08 | C58: =C256 -> 7.8795 | D58: =D256 -> 5.712 | E58: =E256 -> 8.585 | F58: =F256 -> 9.061 | G58: =G256 -> 10.064 | H58: =H256 -> 10.455 | I58: =I256 -> 10.999 | J58: =J256 -> 9.5285 | ... BH58: =BH256 -> 14.042
B59: food beverage and tobacco 10T12 | C59: =C264 -> 16.49 | D59: =D264 -> 15 | E59: =E264 -> 16.76 | F59: =F264 -> 18.77 | G59: =G264 -> 20.08 | H59: =H264 -> 22.25 | I59: =I264 -> 24.73 | J59: =J264 -> 21.44 | ... BH59: =BH264 -> 52.78
B60: textiles apparel and leather 13T15 | C60: =C270 -> 8.62 | D60: =D270 -> 8.55 | E60: =E270 -> 9.02 | F60: =F270 -> 9.06 | G60: =G270 -> 8.85 | H60: =H270 -> 9.06 | I60: =I270 -> 8.54 | J60: =J270 -> 6.07 | ... BH60: =BH270 -> 6.842993
B61: wood products 16
B62: pulp paper and printing 17T18 | C62: =C277 -> 32.66 | D62: =D277 -> 30.97 | E62: =E277 -> 31.97 | F62: =F277 -> 35.42 | G62: =G277 -> 33.95 | H62: =H277 -> 35.22 | I62: =I277 -> 36.43 | J62: =J277 -> 31.57 | ... BH62: =BH277 -> 41.79
B63: refined petroleum and coke 19 | C63: =0.5*C$280 -> 150.115 | D63: =0.5*D$280 -> 145.485 | E63: =0.5*E$280 -> 54.225 | F63: =0.5*F$280 -> 41.21 | G63: =0.5*G$280 -> 60.73 | H63: =0.5*H$280 -> 10.21 | I63: =0.5*I$280 -> 25.635 | J63: =0.5*J$280 -> 20.105 | ... BH63: =0.5*BH$280 -> 42.803606
B64: chemicals 20 | C64: =C286 -> 66.29 | D64: =D286 -> 78.48 | E64: =E286 -> 71.38 | F64: =F286 -> 73.9 | G64: =G286 -> 81.38 | H64: =H286 -> 85.74 | I64: =I286 -> 80.74 | J64: =J286 -> 78.64 | ... BH64: =BH286 -> 109.4
B65: rubber and plastic products 22 | C65: =C292 -> 5.46 | D65: =D292 -> 5.75 | E65: =E292 -> 6.03 | F65: =F292 -> 6.17 | G65: =G292 -> 5.64 | H65: =H292 -> 5.71 | I65: =I292 -> 5.18 | J65: =J292 -> 5.45 | ... BH65: =BH292 -> 12.8
B66: glass and glass products 231 | C66: =C299 -> 48.55 | D66: =D299 -> 53.01 | E66: =E299 -> 53.42 | F66: =F299 -> 58.49 | G66: =G299 -> 45.78 | H66: =H299 -> 46.49 | I66: =I299 -> 47.07 | J66: =J299 -> 40.79 | ... BH66: =BH299 -> 45.76
B67: cement and other nonmetallic minerals 239 | C67: =C306 -> 4.42 | D67: =D306 -> 5.25 | E67: =E306 -> 9.24 | F67: =F306 -> 10.12 | G67: =G306 -> 9.74 | H67: =H306 -> 10.63 | I67: =I306 -> 11.92 | J67: =J306 -> 10.33 | ... BH67: =BH306 -> 13.97
B68: iron and steel 241 | C68: =C314 -> 115.28 | D68: =D314 -> 119.9 | E68: =E314 -> 139.92 | F68: =F314 -> 153.79 | G68: =G314 -> 158.38 | H68: =H314 -> 164.21 | I68: =I314 -> 157.29 | J68: =J314 -> 148.34 | ... BH68: =BH314 -> 203.9
B69: other metals 242
B70: metal products except machinery and vehicles 25
B71: computers and electronics 26 | C71: =C320 -> 0.02 | D71: =D320 -> 0.03 | E71: =E320 -> 0.03 | F71: =F320 -> 0.03 | G71: =G320 -> 0.03 | H71: =H320 -> 0.03 | I71: =I320 -> 0.03 | J71: =J320 -> 0.03 | ... BH71: =BH320 -> 0.026319204
B72: appliances and electrical equipment 27 | C72: =C325 -> 0.04 | D72: =D325 -> 0.04 | E72: =E325 -> 0.04 | F72: =F325 -> 0.04 | G72: =G325 -> 0.04 | H72: =H325 -> 0.04 | I72: =I325 -> 0.04 | J72: =J325 -> 0.04 | ... BH72: =BH325 -> 0.04386534
B73: other machinery 28
B74: road vehicles 29 | C74: =C331 -> 4.74 | D74: =D331 -> 5.61 | E74: =E331 -> 5.71 | F74: =F331 -> 6.11 | G74: =G331 -> 5.97 | H74: =H331 -> 6.55 | I74: =I331 -> 7.23 | J74: =J331 -> 6.27 | ... BH74: =BH331 -> 21.54
B75: nonroad vehicles 30
B76: other manufacturing 31T33 | C76: =C349 -> 169.89 | D76: =D349 -> 175.02 | E76: =E349 -> 185.19 | F76: =F349 -> 203.05 | G76: =G349 -> 248.68 | H76: =H349 -> 80.37 | I76: =I349 -> 73.9 | J76: =J349 -> 26.55 | ... BH76: =BH349 -> 47.668907
B77: energy pipelines and gas processing 352T353 | C77: =C353 -> 572.76 | D77: =D353 -> 566.17 | E77: =E353 -> 612.02 | F77: =F353 -> 623.07 | G77: =G353 -> 680.84 | H77: =H353 -> 529.16 | I77: =I353 -> 491.41 | J77: =J353 -> 538.56 | ... BH77: =BH353 -> 775.7
B78: water and waste 36T39
B79: construction 41T43
A80: petroleum diesel (PJ) | C80: =SUM(C81:C105) -> 179.64 | D80: =SUM(D81:D105) -> 177.26 | E80: =SUM(E81:E105) -> 211.12 | F80: =SUM(F81:F105) -> 217.47 | G80: =SUM(G81:G105) -> 192.82 | H80: =SUM(H81:H105) -> 200.96 | I80: =SUM(I81:I105) -> 206.23 | J80: =SUM(J81:J105) -> 179.14 | ... BH80: =SUM(BH81:BH105) -> 238.599
B81: agriculture and forestry 01T03 | C81: =C242 -> 115.71 | D81: =D242 -> 117.43 | E81: =E242 -> 137 | F81: =F242 -> 134.47 | G81: =G242 -> 135.44 | H81: =H242 -> 140.11 | I81: =I242 -> 141.26 | J81: =J242 -> 127.5 | ... BH81: =BH242 -> 187.739
B82: coal mining 05 | C82: =C247 -> 0.6555 | D82: =D247 -> 0.6885 | E82: =E247 -> 0.825 | F82: =F247 -> 0.8475 | G82: =G247 -> 0.894 | H82: =H247 -> 0.9675 | I82: =I247 -> 1.032 | J82: =J247 -> 0.489 | ... BH82: =BH247 -> 0.429
B83: oil and gas extraction 06
B84: other mining and quarrying 07T08 | C84: =C254 -> 3.7145 | D84: =D254 -> 3.9015 | E84: =E254 -> 4.675 | F84: =F254 -> 4.8025 | G84: =G254 -> 5.066 | H84: =H254 -> 5.4825 | I84: =I254 -> 5.848 | J84: =J254 -> 2.771 | ... BH84: =BH254 -> 2.431
B85: food beverage and tobacco 10T12 | C85: =C260 -> 3.69 | D85: =D260 -> 3.82 | E85: =E260 -> 3.98 | F85: =F260 -> 4.15 | G85: =G260 -> 4.14 | H85: =H260 -> 4.64 | I85: =I260 -> 4.42 | J85: =J260 -> 3.51 | ... BH85: =BH260 -> 3.3
B86: textiles apparel and leather 13T15 | C86: =C267 -> 0.77 | D86: =D267 -> 0.76 | E86: =E267 -> 0.8 | F86: =F267 -> 0.81 | G86: =G267 -> 0.79 | H86: =H267 -> 0.81 | I86: =I267 -> 0.76 | J86: =J267 -> 0.54 | ... BH86: =BH267 -> 0.57024941
B87: wood products 16
B88: pulp paper and printing 17T18 | C88: =C275 -> 1.29 | D88: =D275 -> 1.33 | E88: =E275 -> 1.37 | F88: =F275 -> 1.43 | G88: =G275 -> 1.45 | H88: =H275 -> 1.48 | I88: =I275 -> 1.64 | J88: =J275 -> 1.36 | ... BH88: =BH275 -> 1.17
B89: refined petroleum and coke 19
B90: chemicals 20 | C90: =C284 -> 4.2 | D90: =D284 -> 4.18 | E90: =E284 -> 4.09 | F90: =F284 -> 3.91 | G90: =G284 -> 3.86 | H90: =H284 -> 3.73 | I90: =I284 -> 3.67 | J90: =J284 -> 3.01 | ... BH90: =BH284 -> 2.74
B91: rubber and plastic products 22 | C91: =C290 -> 1.94 | D91: =D290 -> 2.04 | E91: =E290 -> 2.15 | F91: =F290 -> 2.19 | G91: =G290 -> 2.08 | H91: =H290 -> 2.1 | I91: =I290 -> 2.31 | J91: =J290 -> 2.01 | ... BH91: =BH290 -> 2.66
B92: glass and glass products 231 | C92: =C297 -> 0.15 | D92: =D297 -> 0.16 | E92: =E297 -> 0.16 | F92: =F297 -> 0.17 | G92: =G297 -> 0.17 | H92: =H297 -> 0.17 | I92: =I297 -> 0.17 | J92: =J297 -> 0.16 | ... BH92: =BH297 -> 0.13
B93: cement and other nonmetallic minerals 239 | C93: =C304 -> 0.27 | D93: =D304 -> 0.23 | E93: =E304 -> 0.24 | F93: =F304 -> 0.1 | G93: =G304 -> 0.1 | H93: =H304 -> 0.11 | I93: =I304 -> 0.11 | J93: =J304 -> 0.1 | ... BH93: =BH304 -> 0.08
B94: iron and steel 241 | C94: =C312 -> 0.88 | D94: =D312 -> 1.1 | E94: =E312 -> 1.03 | F94: =F312 -> 1.09 | G94: =G312 -> 0.74 | H94: =H312 -> 0.73 | I94: =I312 -> 0.65 | J94: =J312 -> 0.53 | ... BH94: =BH312 -> 0.42
B95: other metals 242
B96: metal products except machinery and vehicles 25
B97: computers and electronics 26
B98: appliances and electrical equipment 27
B99: other machinery 28
B100: road vehicles 29 | C100: =C330 -> 0.82 | D100: =D330 -> 0.92 | E100: =E330 -> 0.99 | F100: =F330 -> 1 | G100: =G330 -> 1.06 | H100: =H330 -> 1.22 | I100: =I330 -> 1.19 | J100: =J330 -> 0.91 | ... BH100: =BH330 -> 0.73
...

Sheet Calculations BTU
C1: 2013 | D1: 2014 | E1: 2015 | F1: 2016 | G1: 2017 | H1: 2018 | I1: 2019 | J1: 2020 | K1: 2021 | L1: 2022 | M1: 2023 | N1: 2024 | O1: 2025 | P1: 2026 | Q1: 2027 | R1: 2028 | S1: 2029 | T1: 2030 | U1: 2031 | V1: 2032 | W1: 2033 | X1: 2034 | Y1: 2035 | Z1: 2036 | AA1: 2037 | AB1: 2038 | AC1: 2039 | AD1: 2040 | AE1: 2041 | AF1: 2042 | AG1: 2043 | AH1: 2044 | AI1: 2045 | AJ1: 2046 | AK1: 2047 | AL1: 2048 | AM1: 2049 | AN1: 2050 | AO1: 2051 | AP1: 2052 | AQ1: 2053 | AR1: 2054 | AS1: 2055 | AT1: 2056 | AU1: 2057 | AV1: 2058 | AW1: 2059 | AX1: 2060 | AY1: 2061 | AZ1: 2062 | BA1: 2063 | BB1: 2064 | BC1: 2065 | BD1: 2066 | BE1: 2067 | BF1: 2068 | BG1: 2069 | BH1: 2070
A2: electricity (PJ) | C2: =SUM(C3:C27) -> 5.5104256e+14 | D2: =SUM(D3:D27) -> 5.6184825e+14 | E2: =SUM(E3:E27) -> 5.5962076e+14 | F2: =SUM(F3:F27) -> 5.6283403e+14 | G2: =SUM(G3:G27) -> 5.7472976e+14 | H2: =SUM(H3:H27) -> 6.0914682e+14 | I2: =SUM(I3:I27) -> 6.2130795e+14 | J2: =SUM(J3:J27) -> 6.1800937e+14 | ... BH2: =SUM(BH3:BH27) -> 1.0093149e+15
B3: agriculture and forestry 01T03 | C3: =IF('Calculations PJ'!C3<>0,'Calculations PJ'!C3*About!$B$45,0) -> 3.5545018e+13 | D3: =IF('Calculations PJ'!D3<>0,'Calculations PJ'!D3*About!$B$45,0) -> 3.4928904e+13 | E3: =IF('Calculations PJ'!E3<>0,'Calculations PJ'!E3*About!$B$45,0) -> 3.5023691e+13 | F3: =IF('Calculations PJ'!F3<>0,'Calculations PJ'!F3*About!$B$45,0) -> 3.9364922e+13 | G3: =IF('Calculations PJ'!G3<>0,'Calculations PJ'!G3*About!$B$45,0) -> 3.9279614e+13 | H3: =IF('Calculations PJ'!H3<>0,'Calculations PJ'!H3*About!$B$45,0) -> 3.8549757e+13 | I3: =IF('Calculations PJ'!I3<>0,'Calculations PJ'!I3*About!$B$45,0) -> 3.8654022e+13 | J3: =IF('Calculations PJ'!J3<>0,'Calculations PJ'!J3*About!$B$45,0) -> 4.8568712e+13 | ... BH3: =IF('Calculations PJ'!BH3<>0,'Calculations PJ'!BH3*About!$B$45,0) -> 8.3881502e+13
B4: coal mining 05 | C4: =IF('Calculations PJ'!C4<>0,'Calculations PJ'!C4*About!$B$45,0) -> 5.1597148e+12 | D4: =IF('Calculations PJ'!D4<>0,'Calculations PJ'!D4*About!$B$45,0) -> 5.3815157e+12 | E4: =IF('Calculations PJ'!E4<>0,'Calculations PJ'!E4*About!$B$45,0) -> 5.4184825e+12 | F4: =IF('Calculations PJ'!F4<>0,'Calculations PJ'!F4*About!$B$45,0) -> 5.7767763e+12 | G4: =IF('Calculations PJ'!G4<>0,'Calculations PJ'!G4*About!$B$45,0) -> 6.1350701e+12 | H4: =IF('Calculations PJ'!H4<>0,'Calculations PJ'!H4*About!$B$45,0) -> 6.5701411e+12 | I4: =IF('Calculations PJ'!I4<>0,'Calculations PJ'!I4*About!$B$45,0) -> 6.5701411e+12 | J4: =IF('Calculations PJ'!J4<>0,'Calculations PJ'!J4*About!$B$45,0) -> 6.7236955e+12 | ... BH4: =IF('Calculations PJ'!BH4<>0,'Calculations PJ'!BH4*About!$B$45,0) -> 1.635213e+13
B5: oil and gas extraction 06 | C5: =IF('Calculations PJ'!C5<>0,'Calculations PJ'!C5*About!$B$45,0) -> 0 | D5: =IF('Calculations PJ'!D5<>0,'Calculations PJ'!D5*About!$B$45,0) -> 0 | E5: =IF('Calculations PJ'!E5<>0,'Calculations PJ'!E5*About!$B$45,0) -> 0 | F5: =IF('Calculations PJ'!F5<>0,'Calculations PJ'!F5*About!$B$45,0) -> 0 | G5: =IF('Calculations PJ'!G5<>0,'Calculations PJ'!G5*About!$B$45,0) -> 0 | H5: =IF('Calculations PJ'!H5<>0,'Calculations PJ'!H5*About!$B$45,0) -> 0 | I5: =IF('Calculations PJ'!I5<>0,'Calculations PJ'!I5*About!$B$45,0) -> 0 | J5: =IF('Calculations PJ'!J5<>0,'Calculations PJ'!J5*About!$B$45,0) -> 0 | ... BH5: =IF('Calculations PJ'!BH5<>0,'Calculations PJ'!BH5*About!$B$45,0) -> 0
B6: other mining and quarrying 07T08 | C6: =IF('Calculations PJ'!C6<>0,'Calculations PJ'!C6*About!$B$45,0) -> 2.9238384e+13 | D6: =IF('Calculations PJ'!D6<>0,'Calculations PJ'!D6*About!$B$45,0) -> 3.0495255e+13 | E6: =IF('Calculations PJ'!E6<>0,'Calculations PJ'!E6*About!$B$45,0) -> 3.0704734e+13 | F6: =IF('Calculations PJ'!F6<>0,'Calculations PJ'!F6*About!$B$45,0) -> 3.2735066e+13 | G6: =IF('Calculations PJ'!G6<>0,'Calculations PJ'!G6*About!$B$45,0) -> 3.4765397e+13 | H6: =IF('Calculations PJ'!H6<>0,'Calculations PJ'!H6*About!$B$45,0) -> 3.7230799e+13 | I6: =IF('Calculations PJ'!I6<>0,'Calculations PJ'!I6*About!$B$45,0) -> 3.7230799e+13 | J6: =IF('Calculations PJ'!J6<>0,'Calculations PJ'!J6*About!$B$45,0) -> 3.8100941e+13 | ... BH6: =IF('Calculations PJ'!BH6<>0,'Calculations PJ'!BH6*About!$B$45,0) -> 9.266207e+13
B7: food beverage and tobacco 10T12 | C7: =IF('Calculations PJ'!C7<>0,'Calculations PJ'!C7*About!$B$45,0) -> 1.1014216e+13 | D7: =IF('Calculations PJ'!D7<>0,'Calculations PJ'!D7*About!$B$45,0) -> 1.0161136e+13 | E7: =IF('Calculations PJ'!E7<>0,'Calculations PJ'!E7*About!$B$45,0) -> 1.0492889e+13 | F7: =IF('Calculations PJ'!F7<>0,'Calculations PJ'!F7*About!$B$45,0) -> 1.1393363e+13 | G7: =IF('Calculations PJ'!G7<>0,'Calculations PJ'!G7*About!$B$45,0) -> 1.148815e+13 | H7: =IF('Calculations PJ'!H7<>0,'Calculations PJ'!H7*About!$B$45,0) -> 1.169668e+13 | I7: =IF('Calculations PJ'!I7<>0,'Calculations PJ'!I7*About!$B$45,0) -> 1.2180093e+13 | J7: =IF('Calculations PJ'!J7<>0,'Calculations PJ'!J7*About!$B$45,0) -> 1.1725116e+13 | ... BH7: =IF('Calculations PJ'!BH7<>0,'Calculations PJ'!BH7*About!$B$45,0) -> 2.0815162e+13
B8: textiles apparel and leather 13T15 | C8: =IF('Calculations PJ'!C8<>0,'Calculations PJ'!C8*About!$B$45,0) -> 3.6113738e+12 | D8: =IF('Calculations PJ'!D8<>0,'Calculations PJ'!D8*About!$B$45,0) -> 3.5829378e+12 | E8: =IF('Calculations PJ'!E8<>0,'Calculations PJ'!E8*About!$B$45,0) -> 3.7819899e+12 | F8: =IF('Calculations PJ'!F8<>0,'Calculations PJ'!F8*About!$B$45,0) -> 3.7914686e+12 | G8: =IF('Calculations PJ'!G8<>0,'Calculations PJ'!G8*About!$B$45,0) -> 3.7061605e+12 | H8: =IF('Calculations PJ'!H8<>0,'Calculations PJ'!H8*About!$B$45,0) -> 3.8009472e+12 | I8: =IF('Calculations PJ'!I8<>0,'Calculations PJ'!I8*About!$B$45,0) -> 3.5829378e+12 | J8: =IF('Calculations PJ'!J8<>0,'Calculations PJ'!J8*About!$B$45,0) -> 2.5497626e+12 | ... BH8: =IF('Calculations PJ'!BH8<>0,'Calculations PJ'!BH8*About!$B$45,0) -> 2.8689175e+12
B9: wood products 16 | C9: =IF('Calculations PJ'!C9<>0,'Calculations PJ'!C9*About!$B$45,0) -> 0 | D9: =IF('Calculations PJ'!D9<>0,'Calculations PJ'!D9*About!$B$45,0) -> 0 | E9: =IF('Calculations PJ'!E9<>0,'Calculations PJ'!E9*About!$B$45,0) -> 0 | F9: =IF('Calculations PJ'!F9<>0,'Calculations PJ'!F9*About!$B$45,0) -> 0 | G9: =IF('Calculations PJ'!G9<>0,'Calculations PJ'!G9*About!$B$45,0) -> 0 | H9: =IF('Calculations PJ'!H9<>0,'Calculations PJ'!H9*About!$B$45,0) -> 0 | I9: =IF('Calculations PJ'!I9<>0,'Calculations PJ'!I9*About!$B$45,0) -> 0 | J9: =IF('Calculations PJ'!J9<>0,'Calculations PJ'!J9*About!$B$45,0) -> 0 | ... BH9: =IF('Calculations PJ'!BH9<>0,'Calculations PJ'!BH9*About!$B$45,0) -> 0
B10: pulp paper and printing 17T18 | C10: =IF('Calculations PJ'!C10<>0,'Calculations PJ'!C10*About!$B$45,0) -> 9.7630315e+12 | D10: =IF('Calculations PJ'!D10<>0,'Calculations PJ'!D10*About!$B$45,0) -> 1.0388624e+13 | E10: =IF('Calculations PJ'!E10<>0,'Calculations PJ'!E10*About!$B$45,0) -> 1.0331752e+13 | F10: =IF('Calculations PJ'!F10<>0,'Calculations PJ'!F10*About!$B$45,0) -> 1.1308055e+13 | G10: =IF('Calculations PJ'!G10<>0,'Calculations PJ'!G10*About!$B$45,0) -> 1.0976301e+13 | H10: =IF('Calculations PJ'!H10<>0,'Calculations PJ'!H10*About!$B$45,0) -> 1.1232226e+13 | I10: =IF('Calculations PJ'!I10<>0,'Calculations PJ'!I10*About!$B$45,0) -> 1.1639808e+13 | J10: =IF('Calculations PJ'!J10<>0,'Calculations PJ'!J10*About!$B$45,0) -> 1.0995259e+13 | ... BH10: =IF('Calculations PJ'!BH10<>0,'Calculations PJ'!BH10*About!$B$45,0) -> 4.9355442e+13
B11: refined petroleum and coke 19 | C11: =IF('Calculations PJ'!C11<>0,'Calculations PJ'!C11*About!$B$45,0) -> 0 | D11: =IF('Calculations PJ'!D11<>0,'Calculations PJ'!D11*About!$B$45,0) -> 0 | E11: =IF('Calculations PJ'!E11<>0,'Calculations PJ'!E11*About!$B$45,0) -> 0 | F11: =IF('Calculations PJ'!F11<>0,'Calculations PJ'!F11*About!$B$45,0) -> 0 | G11: =IF('Calculations PJ'!G11<>0,'Calculations PJ'!G11*About!$B$45,0) -> 0 | H11: =IF('Calculations PJ'!H11<>0,'Calculations PJ'!H11*About!$B$45,0) -> 0 | I11: =IF('Calculations PJ'!I11<>0,'Calculations PJ'!I11*About!$B$45,0) -> 0 | J11: =IF('Calculations PJ'!J11<>0,'Calculations PJ'!J11*About!$B$45,0) -> 0 | ... BH11: =IF('Calculations PJ'!BH11<>0,'Calculations PJ'!BH11*About!$B$45,0) -> 0
B12: chemicals 20 | C12: =IF('Calculations PJ'!C12<>0,'Calculations PJ'!C12*About!$B$45,0) -> 1.6227485e+13 | D12: =IF('Calculations PJ'!D12<>0,'Calculations PJ'!D12*About!$B$45,0) -> 1.6170613e+13 | E12: =IF('Calculations PJ'!E12<>0,'Calculations PJ'!E12*About!$B$45,0) -> 1.5810424e+13 | F12: =IF('Calculations PJ'!F12<>0,'Calculations PJ'!F12*About!$B$45,0) -> 1.598104e+13 | G12: =IF('Calculations PJ'!G12<>0,'Calculations PJ'!G12*About!$B$45,0) -> 1.4976301e+13 | H12: =IF('Calculations PJ'!H12<>0,'Calculations PJ'!H12*About!$B$45,0) -> 1.4710898e+13 | I12: =IF('Calculations PJ'!I12<>0,'Calculations PJ'!I12*About!$B$45,0) -> 1.4018955e+13 | J12: =IF('Calculations PJ'!J12<>0,'Calculations PJ'!J12*About!$B$45,0) -> 1.3222747e+13 | ... BH12: =IF('Calculations PJ'!BH12<>0,'Calculations PJ'!BH12*About!$B$45,0) -> 7.9127949e+13
B13: rubber and plastic products 22 | C13: =IF('Calculations PJ'!C13<>0,'Calculations PJ'!C13*About!$B$45,0) -> 1.5639808e+12 | D13: =IF('Calculations PJ'!D13<>0,'Calculations PJ'!D13*About!$B$45,0) -> 1.6398101e+12 | E13: =IF('Calculations PJ'!E13<>0,'Calculations PJ'!E13*About!$B$45,0) -> 1.7251182e+12 | F13: =IF('Calculations PJ'!F13<>0,'Calculations PJ'!F13*About!$B$45,0) -> 1.8483409e+12 | G13: =IF('Calculations PJ'!G13<>0,'Calculations PJ'!G13*About!$B$45,0) -> 1.6966822e+12 | H13: =IF('Calculations PJ'!H13<>0,'Calculations PJ'!H13*About!$B$45,0) -> 1.7156395e+12 | I13: =IF('Calculations PJ'!I13<>0,'Calculations PJ'!I13*About!$B$45,0) -> 1.5639808e+12 | J13: =IF('Calculations PJ'!J13<>0,'Calculations PJ'!J13*About!$B$45,0) -> 1.6398101e+12 | ... BH13: =IF('Calculations PJ'!BH13<>0,'Calculations PJ'!BH13*About!$B$45,0) -> 2.3791465e+12
B14: glass and glass products 231 | C14: =IF('Calculations PJ'!C14<>0,'Calculations PJ'!C14*About!$B$45,0) -> 4.9099518e+12 | D14: =IF('Calculations PJ'!D14<>0,'Calculations PJ'!D14*About!$B$45,0) -> 4.0284353e+12 | E14: =IF('Calculations PJ'!E14<>0,'Calculations PJ'!E14*About!$B$45,0) -> 4.2559234e+12 | F14: =IF('Calculations PJ'!F14<>0,'Calculations PJ'!F14*About!$B$45,0) -> 4.5497623e+12 | G14: =IF('Calculations PJ'!G14<>0,'Calculations PJ'!G14*About!$B$45,0) -> 4.3222741e+12 | H14: =IF('Calculations PJ'!H14<>0,'Calculations PJ'!H14*About!$B$45,0) -> 4.4075822e+12 | I14: =IF('Calculations PJ'!I14<>0,'Calculations PJ'!I14*About!$B$45,0) -> 4.3317528e+12 | J14: =IF('Calculations PJ'!J14<>0,'Calculations PJ'!J14*About!$B$45,0) -> 4.0568714e+12 | ... BH14: =IF('Calculations PJ'!BH14<>0,'Calculations PJ'!BH14*About!$B$45,0) -> 3.7345965e+12
... B27: construction 41T43 | C27: =IF('Calculations PJ'!C27<>0,'Calculations PJ'!C27*About!$B$45,0) -> 1.6777248e+12 | D27: =IF('Calculations PJ'!D27<>0,'Calculations PJ'!D27*About!$B$45,0) -> 1.7440755e+12 | E27: =IF('Calculations PJ'!E27<>0,'Calculations PJ'!E27*About!$B$45,0) -> 1.7725115e+12 | F27: =IF('Calculations PJ'!F27<>0,'Calculations PJ'!F27*About!$B$45,0) -> 1.8957343e+12 | G27: =IF('Calculations PJ'!G27<>0,'Calculations PJ'!G27*About!$B$45,0) -> 1.8957343e+12 | H27: =IF('Calculations PJ'!H27<>0,'Calculations PJ'!H27*About!$B$45,0) -> 1.9241703e+12 | I27: =IF('Calculations PJ'!I27<>0,'Calculations PJ'!I27*About!$B$45,0) -> 1.9526063e+12 | J27: =IF('Calculations PJ'!J27<>0,'Calculations PJ'!J27*About!$B$45,0) -> 1.990521e+12 | ... BH27: =IF('Calculations PJ'!BH27<>0,'Calculations PJ'!BH27*About!$B$45,0) -> 8.3317521e+12
A28: coal (PJ) | C28: =SUM(C29:C53) -> 1.5658765e+14 | D28: =SUM(D29:D53) -> 1.3811372e+14 | E28: =SUM(E29:E53) -> 1.4021799e+14 | F28: =SUM(F29:F53) -> 1.2065401e+14 | G28: =SUM(G29:G53) -> 2.854881e+14 | H28: =SUM(H29:H53) -> 2.2214214e+14 | I28: =SUM(I29:I53) -> 1.6940281e+14 | J28: =SUM(J29:J53) -> 6.2094776e+13 | ... BH28: =SUM(BH29:BH53) -> 4.8815158e+13
B29: agriculture and forestry 01T03 | C29: =IF('Calculations PJ'!C29<>0,'Calculations PJ'!C29*About!$B$45,0) -> 0 | D29: =IF('Calculations PJ'!D29<>0,'Calculations PJ'!D29*About!$B$45,0) -> 0 | E29: =IF('Calculations PJ'!E29<>0,'Calculations PJ'!E29*About!$B$45,0) -> 0 | F29: =IF('Calculations PJ'!F29<>0,'Calculations PJ'!F29*About!$B$45,0) -> 0 | G29: =IF('Calculations PJ'!G29<>0,'Calculations PJ'!G29*About!$B$45,0) -> 0 | H29: =IF('Calculations PJ'!H29<>0,'Calculations PJ'!H29*About!$B$45,0) -> 0 | I29: =IF('Calculations PJ'!I29<>0,'Calculations PJ'!I29*About!$B$45,0) -> 0 | J29: =IF('Calculations PJ'!J29<>0,'Calculations PJ'!J29*About!$B$45,0) -> 0 | ... BH29: =IF('Calculations PJ'!BH29<>0,'Calculations PJ'!BH29*About!$B$45,0) -> 0
B30: coal mining 05 | C30: =IF('Calculations PJ'!C30<>0,'Calculations PJ'!C30*About!$B$45,0) -> 0 | D30: =IF('Calculations PJ'!D30<>0,'Calculations PJ'!D30*About!$B$45,0) -> 0 | E30: =IF('Calculations PJ'!E30<>0,'Calculations PJ'!E30*About!$B$45,0) -> 0 | F30: =IF('Calculations PJ'!F30<>0,'Calculations PJ'!F30*About!$B$45,0) -> 0 | G30: =IF('Calculations PJ'!G30<>0,'Calculations PJ'!G30*About!$B$45,0) -> 0 | H30: =IF('Calculations PJ'!H30<>0,'Calculations PJ'!H30*About!$B$45,0) -> 0 | I30: =IF('Calculations PJ'!I30<>0,'Calculations PJ'!I30*About!$B$45,0) -> 0 | J30: =IF('Calculations PJ'!J30<>0,'Calculations PJ'!J30*About!$B$45,0) -> 0 | ... BH30: =IF('Calculations PJ'!BH30<>0,'Calculations PJ'!BH30*About!$B$45,0) -> 0
B31: oil and gas extraction 06 | C31: =IF('Calculations PJ'!C31<>0,'Calculations PJ'!C31*About!$B$45,0) -> 0 | D31: =IF('Calculations PJ'!D31<>0,'Calculations PJ'!D31*About!$B$45,0) -> 0 | E31: =IF('Calculations PJ'!E31<>0,'Calculations PJ'!E31*About!$B$45,0) -> 0 | F31: =IF('Calculations PJ'!F31<>0,'Calculations PJ'!F31*About!$B$45,0) -> 0 | G31: =IF('Calculations PJ'!G31<>0,'Calculations PJ'!G31*About!$B$45,0) -> 0 | H31: =IF('Calculations PJ'!H31<>0,'Calculations PJ'!H31*About!$B$45,0) -> 0 | I31: =IF('Calculations PJ'!I31<>0,'Calculations PJ'!I31*About!$B$45,0) -> 0 | J31: =IF('Calculations PJ'!J31<>0,'Calculations PJ'!J31*About!$B$45,0) -> 0 | ... BH31: =IF('Calculations PJ'!BH31<>0,'Calculations PJ'!BH31*About!$B$45,0) -> 0
B32: other mining and quarrying 07T08 | C32: =IF('Calculations PJ'!C32<>0,'Calculations PJ'!C32*About!$B$45,0) -> 0 | D32: =IF('Calculations PJ'!D32<>0,'Calculations PJ'!D32*About!$B$45,0) -> 0 | E32: =IF('Calculations PJ'!E32<>0,'Calculations PJ'!E32*About!$B$45,0) -> 0 | F32: =IF('Calculations PJ'!F32<>0,'Calculations PJ'!F32*About!$B$45,0) -> 0 | G32: =IF('Calculations PJ'!G32<>0,'Calculations PJ'!G32*About!$B$45,0) -> 0 | H32: =IF('Calculations PJ'!H32<>0,'Calculations PJ'!H32*About!$B$45,0) -> 0 | I32: =IF('Calculations PJ'!I32<>0,'Calculations PJ'!I32*About!$B$45,0) -> 0 | J32: =IF('Calculations PJ'!J32<>0,'Calculations PJ'!J32*About!$B$45,0) -> 0 | ... BH32: =IF('Calculations PJ'!BH32<>0,'Calculations PJ'!BH32*About!$B$45,0) -> 0
B33: food beverage and tobacco 10T12 | C33: =IF('Calculations PJ'!C33<>0,'Calculations PJ'!C33*About!$B$45,0) -> 0 | D33: =IF('Calculations PJ'!D33<>0,'Calculations PJ'!D33*About!$B$45,0) -> 0 | E33: =IF('Calculations PJ'!E33<>0,'Calculations PJ'!E33*About!$B$45,0) -> 0 | F33: =IF('Calculations PJ'!F33<>0,'Calculations PJ'!F33*About!$B$45,0) -> 0 | G33: =IF('Calculations PJ'!G33<>0,'Calculations PJ'!G33*About!$B$45,0) -> 0 | H33: =IF('Calculations PJ'!H33<>0,'Calculations PJ'!H33*About!$B$45,0) -> 0 | I33: =IF('Calculations PJ'!I33<>0,'Calculations PJ'!I33*About!$B$45,0) -> 0 | J33: =IF('Calculations PJ'!J33<>0,'Calculations PJ'!J33*About!$B$45,0) -> 0 | ... BH33: =IF('Calculations PJ'!BH33<>0,'Calculations PJ'!BH33*About!$B$45,0) -> 0
B34: textiles apparel and leather 13T15 | C34: =IF('Calculations PJ'!C34<>0,'Calculations PJ'!C34*About!$B$45,0) -> 0 | D34: =IF('Calculations PJ'!D34<>0,'Calculations PJ'!D34*About!$B$45,0) -> 0 | E34: =IF('Calculations PJ'!E34<>0,'Calculations PJ'!E34*About!$B$45,0) -> 0 | F34: =IF('Calculations PJ'!F34<>0,'Calculations PJ'!F34*About!$B$45,0) -> 0 | G34: =IF('Calculations PJ'!G34<>0,'Calculations PJ'!G34*About!$B$45,0) -> 0 | H34: =IF('Calculations PJ'!H34<>0,'Calculations PJ'!H34*About!$B$45,0) -> 0 | I34: =IF('Calculations PJ'!I34<>0,'Calculations PJ'!I34*About!$B$45,0) -> 0 | J34: =IF('Calculations PJ'!J34<>0,'Calculations PJ'!J34*About!$B$45,0) -> 0 | ... BH34: =IF('Calculations PJ'!BH34<>0,'Calculations PJ'!BH34*About!$B$45,0) -> 0
B35: wood products 16 | C35: =IF('Calculations PJ'!C35<>0,'Calculations PJ'!C35*About!$B$45,0) -> 0 | D35: =IF('Calculations PJ'!D35<>0,'Calculations PJ'!D35*About!$B$45,0) -> 0 | E35: =IF('Calculations PJ'!E35<>0,'Calculations PJ'!E35*About!$B$45,0) -> 0 | F35: =IF('Calculations PJ'!F35<>0,'Calculations PJ'!F35*About!$B$45,0) -> 0 | G35: =IF('Calculations PJ'!G35<>0,'Calculations PJ'!G35*About!$B$45,0) -> 0 | H35: =IF('Calculations PJ'!H35<>0,'Calculations PJ'!H35*About!$B$45,0) -> 0 | I35: =IF('Calculations PJ'!I35<>0,'Calculations PJ'!I35*About!$B$45,0) -> 0 | J35: =IF('Calculations PJ'!J35<>0,'Calculations PJ'!J35*About!$B$45,0) -> 0 | ... BH35: =IF('Calculations PJ'!BH35<>0,'Calculations PJ'!BH35*About!$B$45,0) -> 0
B36: pulp paper and printing 17T18 | C36: =IF('Calculations PJ'!C36<>0,'Calculations PJ'!C36*About!$B$45,0) -> 0 | D36: =IF('Calculations PJ'!D36<>0,'Calculations PJ'!D36*About!$B$45,0) -> 0 | E36: =IF('Calculations PJ'!E36<>0,'Calculations PJ'!E36*About!$B$45,0) -> 0 | F36: =IF('Calculations PJ'!F36<>0,'Calculations PJ'!F36*About!$B$45,0) -> 0 | G36: =IF('Calculations PJ'!G36<>0,'Calculations PJ'!G36*About!$B$45,0) -> 0 | H36: =IF('Calculations PJ'!H36<>0,'Calculations PJ'!H36*About!$B$45,0) -> 0 | I36: =IF('Calculations PJ'!I36<>0,'Calculations PJ'!I36*About!$B$45,0) -> 0 | J36: =IF('Calculations PJ'!J36<>0,'Calculations PJ'!J36*About!$B$45,0) -> 0 | ... BH36: =IF('Calculations PJ'!BH36<>0,'Calculations PJ'!BH36*About!$B$45,0) -> 0
B37: refined petroleum and coke 19 | C37: =IF('Calculations PJ'!C37<>0,'Calculations PJ'!C37*About!$B$45,0) -> 0 | D37: =IF('Calculations PJ'!D37<>0,'Calculations PJ'!D37*About!$B$45,0) -> 0 | E37: =IF('Calculations PJ'!E37<>0,'Calculations PJ'!E37*About!$B$45,0) -> 0 | F37: =IF('Calculations PJ'!F37<>0,'Calculations PJ'!F37*About!$B$45,0) -> 0 | G37: =IF('Calculations PJ'!G37<>0,'Calculations PJ'!G37*About!$B$45,0) -> 0 | H37: =IF('Calculations PJ'!H37<>0,'Calculations PJ'!H37*About!$B$45,0) -> 0 | I37: =IF('Calculations PJ'!I37<>0,'Calculations PJ'!I37*About!$B$45,0) -> 0 | J37: =IF('Calculations PJ'!J37<>0,'Calculations PJ'!J37*About!$B$45,0) -> 0 | ... BH37: =IF('Calculations PJ'!BH37<>0,'Calculations PJ'!BH37*About!$B$45,0) -> 0
B38: chemicals 20 | C38: =IF('Calculations PJ'!C38<>0,'Calculations PJ'!C38*About!$B$45,0) -> 0 | D38: =IF('Calculations PJ'!D38<>0,'Calculations PJ'!D38*About!$B$45,0) -> 0 | E38: =IF('Calculations PJ'!E38<>0,'Calculations PJ'!E38*About!$B$45,0) -> 0 | F38: =IF('Calculations PJ'!F38<>0,'Calculations PJ'!F38*About!$B$45,0) -> 0 | G38: =IF('Calculations PJ'!G38<>0,'Calculations PJ'!G38*About!$B$45,0) -> 0 | H38: =IF('Calculations PJ'!H38<>0,'Calculations PJ'!H38*About!$B$45,0) -> 0 | I38: =IF('Calculations PJ'!I38<>0,'Calculations PJ'!I38*About!$B$45,0) -> 0 | J38: =IF('Calculations PJ'!J38<>0,'Calculations PJ'!J38*About!$B$45,0) -> 0 | ... BH38: =IF('Calculations PJ'!BH38<>0,'Calculations PJ'!BH38*About!$B$45,0) -> 0
B39: rubber and plastic products 22 | C39: =IF('Calculations PJ'!C39<>0,'Calculations PJ'!C39*About!$B$45,0) -> 0 | D39: =IF('Calculations PJ'!D39<>0,'Calculations PJ'!D39*About!$B$45,0) -> 0 | E39: =IF('Calculations PJ'!E39<>0,'Calculations PJ'!E39*About!$B$45,0) -> 0 | F39: =IF('Calculations PJ'!F39<>0,'Calculations PJ'!F39*About!$B$45,0) -> 0 | G39: =IF('Calculations PJ'!G39<>0,'Calculations PJ'!G39*About!$B$45,0) -> 0 | H39: =IF('Calculations PJ'!H39<>0,'Calculations PJ'!H39*About!$B$45,0) -> 0 | I39: =IF('Calculations PJ'!I39<>0,'Calculations PJ'!I39*About!$B$45,0) -> 0 | J39: =IF('Calculations PJ'!J39<>0,'Calculations PJ'!J39*About!$B$45,0) -> 0 | ... BH39: =IF('Calculations PJ'!BH39<>0,'Calculations PJ'!BH39*About!$B$45,0) -> 0
B40: glass and glass products 231 | C40: =IF('Calculations PJ'!C40<>0,'Calculations PJ'!C40*About!$B$45,0) -> 0 | D40: =IF('Calculations PJ'!D40<>0,'Calculations PJ'!D40*About!$B$45,0) -> 0 | E40: =IF('Calculations PJ'!E40<>0,'Calculations PJ'!E40*About!$B$45,0) -> 0 | F40: =IF('Calculations PJ'!F40<>0,'Calculations PJ'!F40*About!$B$45,0) -> 0 | G40: =IF('Calculations PJ'!G40<>0,'Calculations PJ'!G40*About!$B$45,0) -> 0 | H40: =IF('Calculations PJ'!H40<>0,'Calculations PJ'!H40*About!$B$45,0) -> 0 | I40: =IF('Calculations PJ'!I40<>0,'Calculations PJ'!I40*About!$B$45,0) -> 0 | J40: =IF('Calculations PJ'!J40<>0,'Calculations PJ'!J40*About!$B$45,0) -> 0 | ... BH40: =IF('Calculations PJ'!BH40<>0,'Calculations PJ'!BH40*About!$B$45,0) -> 0
... B53: construction 41T43 | C53: =IF('Calculations PJ'!C53<>0,'Calculations PJ'!C53*About!$B$45,0) -> 0 | D53: =IF('Calculations PJ'!D53<>0,'Calculations PJ'!D53*About!$B$45,0) -> 0 | E53: =IF('Calculations PJ'!E53<>0,'Calculations PJ'!E53*About!$B$45,0) -> 0 | F53: =IF('Calculations PJ'!F53<>0,'Calculations PJ'!F53*About!$B$45,0) -> 0 | G53: =IF('Calculations PJ'!G53<>0,'Calculations PJ'!G53*About!$B$45,0) -> 0 | H53: =IF('Calculations PJ'!H53<>0,'Calculations PJ'!H53*About!$B$45,0) -> 0 | I53: =IF('Calculations PJ'!I53<>0,'Calculations PJ'!I53*About!$B$45,0) -> 0 | J53: =IF('Calculations PJ'!J53<>0,'Calculations PJ'!J53*About!$B$45,0) -> 0 | ... BH53: =IF('Calculations PJ'!BH53<>0,'Calculations PJ'!BH53*About!$B$45,0) -> 0
A54: natural gas (PJ) | C54: =SUM(C55:C79) -> 1.1422984e+15 | D54: =SUM(D55:D79) -> 1.1530662e+15 | E54: =SUM(E55:E79) -> 1.1425922e+15 | F54: =SUM(F55:F79) -> 1.1850993e+15 | G54: =SUM(G55:G79) -> 1.3004074e+15 | H54: =SUM(H55:H79) -> 965203628038156 | I54: =SUM(I55:I79) -> 9.3207093e+14 | J54: =SUM(J55:J79) -> 896317383778001 | ... BH54: =SUM(BH55:BH79) -> 1.3192184e+15
B55: agriculture and forestry 01T03 | C55: =IF('Calculations PJ'!C55<>0,'Calculations PJ'!C55*About!$B$45,0) -> 4.9289091e+11 | D55: =IF('Calculations PJ'!D55<>0,'Calculations PJ'!D55*About!$B$45,0) -> 4.7393357e+11 | E55: =IF('Calculations PJ'!E55<>0,'Calculations PJ'!E55*About!$B$45,0) -> 3.6018951e+11 | F55: =IF('Calculations PJ'!F55<>0,'Calculations PJ'!F55*About!$B$45,0) -> 3.6966818e+11 | G55: =IF('Calculations PJ'!G55<>0,'Calculations PJ'!G55*About!$B$45,0) -> 0 | H55: =IF('Calculations PJ'!H55<>0,'Calculations PJ'!H55*About!$B$45,0) -> 3.0331748e+11 | I55: =IF('Calculations PJ'!I55<>0,'Calculations PJ'!I55*About!$B$45,0) -> 2.3696678e+11 | J55: =IF('Calculations PJ'!J55<>0,'Calculations PJ'!J55*About!$B$45,0) -> 2.0853077e+11 | ... BH55: =IF('Calculations PJ'!BH55<>0,'Calculations PJ'!BH55*About!$B$45,0) -> 2.1800944e+11
B56: coal mining 05 | C56: =IF('Calculations PJ'!C56<>0,'Calculations PJ'!C56*About!$B$45,0) -> 1.3180093e+12 | D56: =IF('Calculations PJ'!D56<>0,'Calculations PJ'!D56*About!$B$45,0) -> 9.5545008e+11 | E56: =IF('Calculations PJ'!E56<>0,'Calculations PJ'!E56*About!$B$45,0) -> 1.4360187e+12 | F56: =IF('Calculations PJ'!F56<>0,'Calculations PJ'!F56*About!$B$45,0) -> 1.5156396e+12 | G56: =IF('Calculations PJ'!G56<>0,'Calculations PJ'!G56*About!$B$45,0) -> 1.683412e+12 | H56: =IF('Calculations PJ'!H56<>0,'Calculations PJ'!H56*About!$B$45,0) -> 1.7488149e+12 | I56: =IF('Calculations PJ'!I56<>0,'Calculations PJ'!I56*About!$B$45,0) -> 1.8398101e+12 | J56: =IF('Calculations PJ'!J56<>0,'Calculations PJ'!J56*About!$B$45,0) -> 1.5938386e+12 | ... BH56: =IF('Calculations PJ'!BH56<>0,'Calculations PJ'!BH56*About!$B$45,0) -> 2.3488148e+12
B57: oil and gas extraction 06 | C57: =IF('Calculations PJ'!C57<>0,'Calculations PJ'!C57*About!$B$45,0) -> 0 | D57: =IF('Calculations PJ'!D57<>0,'Calculations PJ'!D57*About!$B$45,0) -> 0 | E57: =IF('Calculations PJ'!E57<>0,'Calculations PJ'!E57*About!$B$45,0) -> 0 | F57: =IF('Calculations PJ'!F57<>0,'Calculations PJ'!F57*About!$B$45,0) -> 0 | G57: =IF('Calculations PJ'!G57<>0,'Calculations PJ'!G57*About!$B$45,0) -> 0 | H57: =IF('Calculations PJ'!H57<>0,'Calculations PJ'!H57*About!$B$45,0) -> 0 | I57: =IF('Calculations PJ'!I57<>0,'Calculations PJ'!I57*About!$B$45,0) -> 0 | J57: =IF('Calculations PJ'!J57<>0,'Calculations PJ'!J57*About!$B$45,0) -> 0 | ... BH57: =IF('Calculations PJ'!BH57<>0,'Calculations PJ'!BH57*About!$B$45,0) -> 0
B58: other mining and quarrying 07T08 | C58: =IF('Calculations PJ'!C58<>0,'Calculations PJ'!C58*About!$B$45,0) -> 7.4687191e+12 | D58: =IF('Calculations PJ'!D58<>0,'Calculations PJ'!D58*About!$B$45,0) -> 5.4142171e+12 | E58: =IF('Calculations PJ'!E58<>0,'Calculations PJ'!E58*About!$B$45,0) -> 8.1374394e+12 | F58: =IF('Calculations PJ'!F58<>0,'Calculations PJ'!F58*About!$B$45,0) -> 8.5886241e+12 | G58: =IF('Calculations PJ'!G58<>0,'Calculations PJ'!G58*About!$B$45,0) -> 9.5393349e+12 | H58: =IF('Calculations PJ'!H58<>0,'Calculations PJ'!H58*About!$B$45,0) -> 9.9099509e+12 | I58: =IF('Calculations PJ'!I58<>0,'Calculations PJ'!I58*About!$B$45,0) -> 1.0425591e+13 | J58: =IF('Calculations PJ'!J58<>0,'Calculations PJ'!J58*About!$B$45,0) -> 9.031752e+12 | ... BH58: =IF('Calculations PJ'!BH58<>0,'Calculations PJ'!BH58*About!$B$45,0) -> 1.330995e+13
B59: food beverage and tobacco 10T12 | C59: =IF('Calculations PJ'!C59<>0,'Calculations PJ'!C59*About!$B$45,0) -> 1.5630329e+13 | D59: =IF('Calculations PJ'!D59<>0,'Calculations PJ'!D59*About!$B$45,0) -> 1.4218007e+13 | E59: =IF('Calculations PJ'!E59<>0,'Calculations PJ'!E59*About!$B$45,0) -> 1.5886253e+13 | F59: =IF('Calculations PJ'!F59<>0,'Calculations PJ'!F59*About!$B$45,0) -> 1.7791466e+13 | G59: =IF('Calculations PJ'!G59<>0,'Calculations PJ'!G59*About!$B$45,0) -> 1.9033172e+13 | H59: =IF('Calculations PJ'!H59<>0,'Calculations PJ'!H59*About!$B$45,0) -> 2.1090044e+13 | I59: =IF('Calculations PJ'!I59<>0,'Calculations PJ'!I59*About!$B$45,0) -> 2.3440754e+13 | J59: =IF('Calculations PJ'!J59<>0,'Calculations PJ'!J59*About!$B$45,0) -> 2.0322271e+13 | ... BH59: =IF('Calculations PJ'!BH59<>0,'Calculations PJ'!BH59*About!$B$45,0) -> 5.0028428e+13
B60: textiles apparel and leather 13T15 | C60: =IF('Calculations PJ'!C60<>0,'Calculations PJ'!C60*About!$B$45,0) -> 8.1706147e+12 | D60: =IF('Calculations PJ'!D60<>0,'Calculations PJ'!D60*About!$B$45,0) -> 8.104264e+12 | E60: =IF('Calculations PJ'!E60<>0,'Calculations PJ'!E60*About!$B$45,0) -> 8.5497616e+12 | F60: =IF('Calculations PJ'!F60<>0,'Calculations PJ'!F60*About!$B$45,0) -> 8.5876763e+12 | G60: =IF('Calculations PJ'!G60<>0,'Calculations PJ'!G60*About!$B$45,0) -> 8.3886242e+12 | H60: =IF('Calculations PJ'!H60<>0,'Calculations PJ'!H60*About!$B$45,0) -> 8.5876763e+12 | I60: =IF('Calculations PJ'!I60<>0,'Calculations PJ'!I60*About!$B$45,0) -> 8.0947854e+12 | J60: =IF('Calculations PJ'!J60<>0,'Calculations PJ'!J60*About!$B$45,0) -> 5.7535535e+12 | ... BH60: =IF('Calculations PJ'!BH60<>0,'Calculations PJ'!BH60*About!$B$45,0) -> 6.4862482e+12
B61: wood products 16 | C61: =IF('Calculations PJ'!C61<>0,'Calculations PJ'!C61*About!$B$45,0) -> 0 | D61: =IF('Calculations PJ'!D61<>0,'Calculations PJ'!D61*About!$B$45,0) -> 0 | E61: =IF('Calculations PJ'!E61<>0,'Calculations PJ'!E61*About!$B$45,0) -> 0 | F61: =IF('Calculations PJ'!F61<>0,'Calculations PJ'!F61*About!$B$45,0) -> 0 | G61: =IF('Calculations PJ'!G61<>0,'Calculations PJ'!G61*About!$B$45,0) -> 0 | H61: =IF('Calculations PJ'!H61<>0,'Calculations PJ'!H61*About!$B$45,0) -> 0 | I61: =IF('Calculations PJ'!I61<>0,'Calculations PJ'!I61*About!$B$45,0) -> 0 | J61: =IF('Calculations PJ'!J61<>0,'Calculations PJ'!J61*About!$B$45,0) -> 0 | ... BH61: =IF('Calculations PJ'!BH61<>0,'Calculations PJ'!BH61*About!$B$45,0) -> 0
B62: pulp paper and printing 17T18 | C62: =IF('Calculations PJ'!C62<>0,'Calculations PJ'!C62*About!$B$45,0) -> 3.0957341e+13 | D62: =IF('Calculations PJ'!D62<>0,'Calculations PJ'!D62*About!$B$45,0) -> 2.9355445e+13 | E62: =IF('Calculations PJ'!E62<>0,'Calculations PJ'!E62*About!$B$45,0) -> 3.0303312e+13 | F62: =IF('Calculations PJ'!F62<>0,'Calculations PJ'!F62*About!$B$45,0) -> 3.3573454e+13 | G62: =IF('Calculations PJ'!G62<>0,'Calculations PJ'!G62*About!$B$45,0) -> 3.2180089e+13 | H62: =IF('Calculations PJ'!H62<>0,'Calculations PJ'!H62*About!$B$45,0) -> 3.3383881e+13 | I62: =IF('Calculations PJ'!I62<>0,'Calculations PJ'!I62*About!$B$45,0) -> 3.45308e+13 | J62: =IF('Calculations PJ'!J62<>0,'Calculations PJ'!J62*About!$B$45,0) -> 2.9924166e+13 | ... BH62: =IF('Calculations PJ'!BH62<>0,'Calculations PJ'!BH62*About!$B$45,0) -> 3.9611368e+13
B63: refined petroleum and coke 19 | C63: =IF('Calculations PJ'!C63<>0,'Calculations PJ'!C63*About!$B$45,0) -> 1.4228908e+14 | D63: =IF('Calculations PJ'!D63<>0,'Calculations PJ'!D63*About!$B$45,0) -> 1.3790045e+14 | E63: =IF('Calculations PJ'!E63<>0,'Calculations PJ'!E63*About!$B$45,0) -> 5.1398096e+13 | F63: =IF('Calculations PJ'!F63<>0,'Calculations PJ'!F63*About!$B$45,0) -> 3.9061605e+13 | G63: =IF('Calculations PJ'!G63<>0,'Calculations PJ'!G63*About!$B$45,0) -> 5.7563971e+13 | H63: =IF('Calculations PJ'!H63<>0,'Calculations PJ'!H63*About!$B$45,0) -> 9.6777235e+12 | I63: =IF('Calculations PJ'!I63<>0,'Calculations PJ'!I63*About!$B$45,0) -> 2.4298574e+13 | J63: =IF('Calculations PJ'!J63<>0,'Calculations PJ'!J63*About!$B$45,0) -> 1.9056869e+13 | ... BH63: =IF('Calculations PJ'!BH63<>0,'Calculations PJ'!BH63*About!$B$45,0) -> 4.0572132e+13
B64: chemicals 20 | C64: =IF('Calculations PJ'!C64<>0,'Calculations PJ'!C64*About!$B$45,0) -> 6.2834113e+13 | D64: =IF('Calculations PJ'!D64<>0,'Calculations PJ'!D64*About!$B$45,0) -> 7.4388613e+13 | E64: =IF('Calculations PJ'!E64<>0,'Calculations PJ'!E64*About!$B$45,0) -> 6.7658756e+13 | F64: =IF('Calculations PJ'!F64<>0,'Calculations PJ'!F64*About!$B$45,0) -> 7.0047382e+13 | G64: =IF('Calculations PJ'!G64<>0,'Calculations PJ'!G64*About!$B$45,0) -> 7.7137428e+13 | H64: =IF('Calculations PJ'!H64<>0,'Calculations PJ'!H64*About!$B$45,0) -> 8.1270128e+13 | I64: =IF('Calculations PJ'!I64<>0,'Calculations PJ'!I64*About!$B$45,0) -> 7.6530793e+13 | J64: =IF('Calculations PJ'!J64<>0,'Calculations PJ'!J64*About!$B$45,0) -> 7.4540272e+13 | ... BH64: =IF('Calculations PJ'!BH64<>0,'Calculations PJ'!BH64*About!$B$45,0) -> 1.0369666e+14
B65: rubber and plastic products 22 | C65: =IF('Calculations PJ'!C65<>0,'Calculations PJ'!C65*About!$B$45,0) -> 5.1753546e+12 | D65: =IF('Calculations PJ'!D65<>0,'Calculations PJ'!D65*About!$B$45,0) -> 5.450236e+12 | E65: =IF('Calculations PJ'!E65<>0,'Calculations PJ'!E65*About!$B$45,0) -> 5.7156388e+12 | F65: =IF('Calculations PJ'!F65<>0,'Calculations PJ'!F65*About!$B$45,0) -> 5.8483402e+12 | G65: =IF('Calculations PJ'!G65<>0,'Calculations PJ'!G65*About!$B$45,0) -> 5.3459707e+12 | H65: =IF('Calculations PJ'!H65<>0,'Calculations PJ'!H65*About!$B$45,0) -> 5.4123214e+12 | I65: =IF('Calculations PJ'!I65<>0,'Calculations PJ'!I65*About!$B$45,0) -> 4.9099518e+12 | J65: =IF('Calculations PJ'!J65<>0,'Calculations PJ'!J65*About!$B$45,0) -> 5.1658759e+12 | ... BH65: =IF('Calculations PJ'!BH65<>0,'Calculations PJ'!BH65*About!$B$45,0) -> 1.2132699e+13
B66: glass and glass products 231 | C66: =IF('Calculations PJ'!C66<>0,'Calculations PJ'!C66*About!$B$45,0) -> 4.601895e+13 | D66: =IF('Calculations PJ'!D66<>0,'Calculations PJ'!D66*About!$B$45,0) -> 5.0246437e+13 | E66: =IF('Calculations PJ'!E66<>0,'Calculations PJ'!E66*About!$B$45,0) -> 5.0635063e+13 | F66: =IF('Calculations PJ'!F66<>0,'Calculations PJ'!F66*About!$B$45,0) -> 5.5440749e+13 | G66: =IF('Calculations PJ'!G66<>0,'Calculations PJ'!G66*About!$B$45,0) -> 4.3393358e+13 | H66: =IF('Calculations PJ'!H66<>0,'Calculations PJ'!H66*About!$B$45,0) -> 4.4066343e+13 | I66: =IF('Calculations PJ'!I66<>0,'Calculations PJ'!I66*About!$B$45,0) -> 4.4616106e+13 | J66: =IF('Calculations PJ'!J66<>0,'Calculations PJ'!J66*About!$B$45,0) -> 3.8663501e+13 | ... BH66: =IF('Calculations PJ'!BH66<>0,'Calculations PJ'!BH66*About!$B$45,0) -> 4.33744e+13
... B79: construction 41T43 | C79: =IF('Calculations PJ'!C79<>0,'Calculations PJ'!C79*About!$B$45,0) -> 0 | D79: =IF('Calculations PJ'!D79<>0,'Calculations PJ'!D79*About!$B$45,0) -> 0 | E79: =IF('Calculations PJ'!E79<>0,'Calculations PJ'!E79*About!$B$45,0) -> 0 | F79: =IF('Calculations PJ'!F79<>0,'Calculations PJ'!F79*About!$B$45,0) -> 0 | G79: =IF('Calculations PJ'!G79<>0,'Calculations PJ'!G79*About!$B$45,0) -> 0 | H79: =IF('Calculations PJ'!H79<>0,'Calculations PJ'!H79*About!$B$45,0) -> 0 | I79: =IF('Calculations PJ'!I79<>0,'Calculations PJ'!I79*About!$B$45,0) -> 0 | J79: =IF('Calculations PJ'!J79<>0,'Calculations PJ'!J79*About!$B$45,0) -> 0 | ... BH79: =IF('Calculations PJ'!BH79<>0,'Calculations PJ'!BH79*About!$B$45,0) -> 0
A80: petroleum diesel (PJ) | C80: =SUM(C81:C105) -> 1.7027485e+14 | D80: =SUM(D81:D105) -> 1.6801893e+14 | E80: =SUM(E81:E105) -> 2.0011371e+14 | F80: =SUM(F81:F105) -> 2.0613267e+14 | G80: =SUM(G81:G105) -> 1.8276774e+14 | H80: =SUM(H81:H105) -> 1.9048338e+14 | I80: =SUM(I81:I105) -> 1.9547864e+14 | J80: =SUM(J81:J105) -> 1.6980092e+14 | ... BH80: =SUM(BH81:BH105) -> 2.2616015e+14
B81: agriculture and forestry 01T03 | C81: =IF('Calculations PJ'!C81<>0,'Calculations PJ'!C81*About!$B$45,0) -> 1.0967771e+14 | D81: =IF('Calculations PJ'!D81<>0,'Calculations PJ'!D81*About!$B$45,0) -> 1.1130804e+14 | E81: =IF('Calculations PJ'!E81<>0,'Calculations PJ'!E81*About!$B$45,0) -> 1.298578e+14 | F81: =IF('Calculations PJ'!F81<>0,'Calculations PJ'!F81*About!$B$45,0) -> 1.2745969e+14 | G81: =IF('Calculations PJ'!G81<>0,'Calculations PJ'!G81*About!$B$45,0) -> 1.2837913e+14 | H81: =IF('Calculations PJ'!H81<>0,'Calculations PJ'!H81*About!$B$45,0) -> 1.3280566e+14 | I81: =IF('Calculations PJ'!I81<>0,'Calculations PJ'!I81*About!$B$45,0) -> 1.3389571e+14 | J81: =IF('Calculations PJ'!J81<>0,'Calculations PJ'!J81*About!$B$45,0) -> 1.2085306e+14 | ... BH81: =IF('Calculations PJ'!BH81<>0,'Calculations PJ'!BH81*About!$B$45,0) -> 1.7795163e+14
B82: coal mining 05 | C82: =IF('Calculations PJ'!C82<>0,'Calculations PJ'!C82*About!$B$45,0) -> 6.2132691e+11 | D82: =IF('Calculations PJ'!D82<>0,'Calculations PJ'!D82*About!$B$45,0) -> 6.5260652e+11 | E82: =IF('Calculations PJ'!E82<>0,'Calculations PJ'!E82*About!$B$45,0) -> 7.8199039e+11 | F82: =IF('Calculations PJ'!F82<>0,'Calculations PJ'!F82*About!$B$45,0) -> 8.033174e+11 | G82: =IF('Calculations PJ'!G82<>0,'Calculations PJ'!G82*About!$B$45,0) -> 8.4739322e+11 | H82: =IF('Calculations PJ'!H82<>0,'Calculations PJ'!H82*About!$B$45,0) -> 9.1706146e+11 | I82: =IF('Calculations PJ'!I82<>0,'Calculations PJ'!I82*About!$B$45,0) -> 9.7819889e+11 | J82: =IF('Calculations PJ'!J82<>0,'Calculations PJ'!J82*About!$B$45,0) -> 4.6350703e+11 | ... BH82: =IF('Calculations PJ'!BH82<>0,'Calculations PJ'!BH82*About!$B$45,0) -> 4.06635e+11
B83: oil and gas extraction 06 | C83: =IF('Calculations PJ'!C83<>0,'Calculations PJ'!C83*About!$B$45,0) -> 0 | D83: =IF('Calculations PJ'!D83<>0,'Calculations PJ'!D83*About!$B$45,0) -> 0 | E83: =IF('Calculations PJ'!E83<>0,'Calculations PJ'!E83*About!$B$45,0) -> 0 | F83: =IF('Calculations PJ'!F83<>0,'Calculations PJ'!F83*About!$B$45,0) -> 0 | G83: =IF('Calculations PJ'!G83<>0,'Calculations PJ'!G83*About!$B$45,0) -> 0 | H83: =IF('Calculations PJ'!H83<>0,'Calculations PJ'!H83*About!$B$45,0) -> 0 | I83: =IF('Calculations PJ'!I83<>0,'Calculations PJ'!I83*About!$B$45,0) -> 0 | J83: =IF('Calculations PJ'!J83<>0,'Calculations PJ'!J83*About!$B$45,0) -> 0 | ... BH83: =IF('Calculations PJ'!BH83<>0,'Calculations PJ'!BH83*About!$B$45,0) -> 0
B84: other mining and quarrying 07T08 | C84: =IF('Calculations PJ'!C84<>0,'Calculations PJ'!C84*About!$B$45,0) -> 3.5208525e+12 | D84: =IF('Calculations PJ'!D84<>0,'Calculations PJ'!D84*About!$B$45,0) -> 3.6981036e+12 | E84: =IF('Calculations PJ'!E84<>0,'Calculations PJ'!E84*About!$B$45,0) -> 4.4312789e+12 | F84: =IF('Calculations PJ'!F84<>0,'Calculations PJ'!F84*About!$B$45,0) -> 4.5521319e+12 | G84: =IF('Calculations PJ'!G84<>0,'Calculations PJ'!G84*About!$B$45,0) -> 4.8018949e+12 | H84: =IF('Calculations PJ'!H84<>0,'Calculations PJ'!H84*About!$B$45,0) -> 5.1966816e+12 | I84: =IF('Calculations PJ'!I84<>0,'Calculations PJ'!I84*About!$B$45,0) -> 5.543127e+12 | J84: =IF('Calculations PJ'!J84<>0,'Calculations PJ'!J84*About!$B$45,0) -> 2.6265398e+12 | ... BH84: =IF('Calculations PJ'!BH84<>0,'Calculations PJ'!BH84*About!$B$45,0) -> 2.304265e+12
B85: food beverage and tobacco 10T12 | C85: =IF('Calculations PJ'!C85<>0,'Calculations PJ'!C85*About!$B$45,0) -> 3.4976297e+12 | D85: =IF('Calculations PJ'!D85<>0,'Calculations PJ'!D85*About!$B$45,0) -> 3.6208525e+12 | E85: =IF('Calculations PJ'!E85<>0,'Calculations PJ'!E85*About!$B$45,0) -> 3.7725112e+12 | F85: =IF('Calculations PJ'!F85<>0,'Calculations PJ'!F85*About!$B$45,0) -> 3.9336486e+12 | G85: =IF('Calculations PJ'!G85<>0,'Calculations PJ'!G85*About!$B$45,0) -> 3.92417e+12 | H85: =IF('Calculations PJ'!H85<>0,'Calculations PJ'!H85*About!$B$45,0) -> 4.3981035e+12 | I85: =IF('Calculations PJ'!I85<>0,'Calculations PJ'!I85*About!$B$45,0) -> 4.1895728e+12 | J85: =IF('Calculations PJ'!J85<>0,'Calculations PJ'!J85*About!$B$45,0) -> 3.3270137e+12 | ... BH85: =IF('Calculations PJ'!BH85<>0,'Calculations PJ'!BH85*About!$B$45,0) -> 3.1279616e+12
B86: textiles apparel and leather 13T15 | C86: =IF('Calculations PJ'!C86<>0,'Calculations PJ'!C86*About!$B$45,0) -> 7.298577e+11 | D86: =IF('Calculations PJ'!D86<>0,'Calculations PJ'!D86*About!$B$45,0) -> 7.2037902e+11 | E86: =IF('Calculations PJ'!E86<>0,'Calculations PJ'!E86*About!$B$45,0) -> 7.5829371e+11 | F86: =IF('Calculations PJ'!F86<>0,'Calculations PJ'!F86*About!$B$45,0) -> 7.6777238e+11 | G86: =IF('Calculations PJ'!G86<>0,'Calculations PJ'!G86*About!$B$45,0) -> 7.4881504e+11 | H86: =IF('Calculations PJ'!H86<>0,'Calculations PJ'!H86*About!$B$45,0) -> 7.6777238e+11 | I86: =IF('Calculations PJ'!I86<>0,'Calculations PJ'!I86*About!$B$45,0) -> 7.2037902e+11 | J86: =IF('Calculations PJ'!J86<>0,'Calculations PJ'!J86*About!$B$45,0) -> 5.1184825e+11 | ... BH86: =IF('Calculations PJ'!BH86<>0,'Calculations PJ'!BH86*About!$B$45,0) -> 5.4052068e+11
B87: wood products 16 | C87: =IF('Calculations PJ'!C87<>0,'Calculations PJ'!C87*About!$B$45,0) -> 0 | D87: =IF('Calculations PJ'!D87<>0,'Calculations PJ'!D87*About!$B$45,0) -> 0 | E87: =IF('Calculations PJ'!E87<>0,'Calculations PJ'!E87*About!$B$45,0) -> 0 | F87: =IF('Calculations PJ'!F87<>0,'Calculations PJ'!F87*About!$B$45,0) -> 0 | G87: =IF('Calculations PJ'!G87<>0,'Calculations PJ'!G87*About!$B$45,0) -> 0 | H87: =IF('Calculations PJ'!H87<>0,'Calculations PJ'!H87*About!$B$45,0) -> 0 | I87: =IF('Calculations PJ'!I87<>0,'Calculations PJ'!I87*About!$B$45,0) -> 0 | J87: =IF('Calculations PJ'!J87<>0,'Calculations PJ'!J87*About!$B$45,0) -> 0 | ... BH87: =IF('Calculations PJ'!BH87<>0,'Calculations PJ'!BH87*About!$B$45,0) -> 0
B88: pulp paper and printing 17T18 | C88: =IF('Calculations PJ'!C88<>0,'Calculations PJ'!C88*About!$B$45,0) -> 1.2227486e+12 | D88: =IF('Calculations PJ'!D88<>0,'Calculations PJ'!D88*About!$B$45,0) -> 1.2606633e+12 | E88: =IF('Calculations PJ'!E88<>0,'Calculations PJ'!E88*About!$B$45,0) -> 1.298578e+12 | F88: =IF('Calculations PJ'!F88<>0,'Calculations PJ'!F88*About!$B$45,0) -> 1.35545e+12 | G88: =IF('Calculations PJ'!G88<>0,'Calculations PJ'!G88*About!$B$45,0) -> 1.3744074e+12 | H88: =IF('Calculations PJ'!H88<>0,'Calculations PJ'!H88*About!$B$45,0) -> 1.4028434e+12 | I88: =IF('Calculations PJ'!I88<>0,'Calculations PJ'!I88*About!$B$45,0) -> 1.5545021e+12 | J88: =IF('Calculations PJ'!J88<>0,'Calculations PJ'!J88*About!$B$45,0) -> 1.2890993e+12 | ... BH88: =IF('Calculations PJ'!BH88<>0,'Calculations PJ'!BH88*About!$B$45,0) -> 1.1090046e+12
B89: refined petroleum and coke 19 | C89: =IF('Calculations PJ'!C89<>0,'Calculations PJ'!C89*About!$B$45,0) -> 0 | D89: =IF('Calculations PJ'!D89<>0,'Calculations PJ'!D89*About!$B$45,0) -> 0 | E89: =IF('Calculations PJ'!E89<>0,'Calculations PJ'!E89*About!$B$45,0) -> 0 | F89: =IF('Calculations PJ'!F89<>0,'Calculations PJ'!F89*About!$B$45,0) -> 0 | G89: =IF('Calculations PJ'!G89<>0,'Calculations PJ'!G89*About!$B$45,0) -> 0 | H89: =IF('Calculations PJ'!H89<>0,'Calculations PJ'!H89*About!$B$45,0) -> 0 | I89: =IF('Calculations PJ'!I89<>0,'Calculations PJ'!I89*About!$B$45,0) -> 0 | J89: =IF('Calculations PJ'!J89<>0,'Calculations PJ'!J89*About!$B$45,0) -> 0 | ... BH89: =IF('Calculations PJ'!BH89<>0,'Calculations PJ'!BH89*About!$B$45,0) -> 0
B90: chemicals 20 | C90: =IF('Calculations PJ'!C90<>0,'Calculations PJ'!C90*About!$B$45,0) -> 3.981042e+12 | D90: =IF('Calculations PJ'!D90<>0,'Calculations PJ'!D90*About!$B$45,0) -> 3.9620846e+12 | E90: =IF('Calculations PJ'!E90<>0,'Calculations PJ'!E90*About!$B$45,0) -> 3.8767766e+12 | F90: =IF('Calculations PJ'!F90<>0,'Calculations PJ'!F90*About!$B$45,0) -> 3.7061605e+12 | G90: =IF('Calculations PJ'!G90<>0,'Calculations PJ'!G90*About!$B$45,0) -> 3.6587672e+12 | H90: =IF('Calculations PJ'!H90<>0,'Calculations PJ'!H90*About!$B$45,0) -> 3.5355444e+12 | I90: =IF('Calculations PJ'!I90<>0,'Calculations PJ'!I90*About!$B$45,0) -> 3.4786724e+12 | J90: =IF('Calculations PJ'!J90<>0,'Calculations PJ'!J90*About!$B$45,0) -> 2.8530801e+12 | ... BH90: =IF('Calculations PJ'!BH90<>0,'Calculations PJ'!BH90*About!$B$45,0) -> 2.597156e+12
B91: rubber and plastic products 22 | C91: =IF('Calculations PJ'!C91<>0,'Calculations PJ'!C91*About!$B$45,0) -> 1.8388622e+12 | D91: =IF('Calculations PJ'!D91<>0,'Calculations PJ'!D91*About!$B$45,0) -> 1.933649e+12 | E91: =IF('Calculations PJ'!E91<>0,'Calculations PJ'!E91*About!$B$45,0) -> 2.0379143e+12 | F91: =IF('Calculations PJ'!F91<>0,'Calculations PJ'!F91*About!$B$45,0) -> 2.075829e+12 | G91: =IF('Calculations PJ'!G91<>0,'Calculations PJ'!G91*About!$B$45,0) -> 1.9715636e+12 | H91: =IF('Calculations PJ'!H91<>0,'Calculations PJ'!H91*About!$B$45,0) -> 1.990521e+12 | I91: =IF('Calculations PJ'!I91<>0,'Calculations PJ'!I91*About!$B$45,0) -> 2.1895731e+12 | J91: =IF('Calculations PJ'!J91<>0,'Calculations PJ'!J91*About!$B$45,0) -> 1.9052129e+12 | ... BH91: =IF('Calculations PJ'!BH91<>0,'Calculations PJ'!BH91*About!$B$45,0) -> 2.5213266e+12
B92: glass and glass products 231 | C92: =IF('Calculations PJ'!C92<>0,'Calculations PJ'!C92*About!$B$45,0) -> 1.4218007e+11 | D92: =IF('Calculations PJ'!D92<>0,'Calculations PJ'!D92*About!$B$45,0) -> 1.5165874e+11 | E92: =IF('Calculations PJ'!E92<>0,'Calculations PJ'!E92*About!$B$45,0) -> 1.5165874e+11 | F92: =IF('Calculations PJ'!F92<>0,'Calculations PJ'!F92*About!$B$45,0) -> 1.6113741e+11 | G92: =IF('Calculations PJ'!G92<>0,'Calculations PJ'!G92*About!$B$45,0) -> 1.6113741e+11 | H92: =IF('Calculations PJ'!H92<>0,'Calculations PJ'!H92*About!$B$45,0) -> 1.6113741e+11 | I92: =IF('Calculations PJ'!I92<>0,'Calculations PJ'!I92*About!$B$45,0) -> 1.6113741e+11 | J92: =IF('Calculations PJ'!J92<>0,'Calculations PJ'!J92*About!$B$45,0) -> 1.5165874e+11 | ... BH92: =IF('Calculations PJ'!BH92<>0,'Calculations PJ'!BH92*About!$B$45,0) -> 1.2322273e+11
... B105: construction 41T43 | C105: =IF('Calculations PJ'!C105<>0,'Calculations PJ'!C105*About!$B$45,0) -> 1.0388624e+13 | D105: =IF('Calculations PJ'!D105<>0,'Calculations PJ'!D105*About!$B$45,0) -> 9.5165861e+12 | E105: =IF('Calculations PJ'!E105<>0,'Calculations PJ'!E105*About!$B$45,0) -> 1.1336491e+13 | F105: =IF('Calculations PJ'!F105<>0,'Calculations PJ'!F105*About!$B$45,0) -> 1.1327012e+13 | G105: =IF('Calculations PJ'!G105<>0,'Calculations PJ'!G105*About!$B$45,0) -> 1.0606633e+13 | H105: =IF('Calculations PJ'!H105<>0,'Calculations PJ'!H105*About!$B$45,0) -> 1.098578e+13 | I105: =IF('Calculations PJ'!I105<>0,'Calculations PJ'!I105*About!$B$45,0) -> 1.2682462e+13 | J105: =IF('Calculations PJ'!J105<>0,'Calculations PJ'!J105*About!$B$45,0) -> 1.055924e+13 | ... BH105: =IF('Calculations PJ'!BH105<>0,'Calculations PJ'!BH105*About!$B$45,0) -> 1.0767771e+13
A106: heat (PJ) | C106: =SUM(C107:C131) -> 3.6018951e+11 | D106: =SUM(D107:D131) -> 3.981042e+11 | E106: =SUM(E107:E131) -> 4.7393357e+11 | F106: =SUM(F107:F131) -> 5.308056e+11 | G106: =SUM(G107:G131) -> 5.6872028e+11 | H106: =SUM(H107:H131) -> 6.3507098e+11 | I106: =SUM(I107:I131) -> 7.0142168e+11 | J106: =SUM(J107:J131) -> 1.2322273e+12 | ... BH106: =SUM(BH107:BH131) -> 3.952606e+12
B107: agriculture and forestry 01T03 | C107: =IF('Calculations PJ'!C107<>0,'Calculations PJ'!C107*About!$B$45,0) -> 0 | D107: =IF('Calculations PJ'!D107<>0,'Calculations PJ'!D107*About!$B$45,0) -> 0 | E107: =IF('Calculations PJ'!E107<>0,'Calculations PJ'!E107*About!$B$45,0) -> 0 | F107: =IF('Calculations PJ'!F107<>0,'Calculations PJ'!F107*About!$B$45,0) -> 0 | G107: =IF('Calculations PJ'!G107<>0,'Calculations PJ'!G107*About!$B$45,0) -> 0 | H107: =IF('Calculations PJ'!H107<>0,'Calculations PJ'!H107*About!$B$45,0) -> 0 | I107: =IF('Calculations PJ'!I107<>0,'Calculations PJ'!I107*About!$B$45,0) -> 0 | J107: =IF('Calculations PJ'!J107<>0,'Calculations PJ'!J107*About!$B$45,0) -> 0 | ... BH107: =IF('Calculations PJ'!BH107<>0,'Calculations PJ'!BH107*About!$B$45,0) -> 0
B108: coal mining 05 | C108: =IF('Calculations PJ'!C108<>0,'Calculations PJ'!C108*About!$B$45,0) -> 0 | D108: =IF('Calculations PJ'!D108<>0,'Calculations PJ'!D108*About!$B$45,0) -> 0 | E108: =IF('Calculations PJ'!E108<>0,'Calculations PJ'!E108*About!$B$45,0) -> 0 | F108: =IF('Calculations PJ'!F108<>0,'Calculations PJ'!F108*About!$B$45,0) -> 0 | G108: =IF('Calculations PJ'!G108<>0,'Calculations PJ'!G108*About!$B$45,0) -> 0 | H108: =IF('Calculations PJ'!H108<>0,'Calculations PJ'!H108*About!$B$45,0) -> 0 | I108: =IF('Calculations PJ'!I108<>0,'Calculations PJ'!I108*About!$B$45,0) -> 0 | J108: =IF('Calculations PJ'!J108<>0,'Calculations PJ'!J108*About!$B$45,0) -> 0 | ... BH108: =IF('Calculations PJ'!BH108<>0,'Calculations PJ'!BH108*About!$B$45,0) -> 0
B109: oil and gas extraction 06 | C109: =IF('Calculations PJ'!C109<>0,'Calculations PJ'!C109*About!$B$45,0) -> 0 | D109: =IF('Calculations PJ'!D109<>0,'Calculations PJ'!D109*About!$B$45,0) -> 0 | E109: =IF('Calculations PJ'!E109<>0,'Calculations PJ'!E109*About!$B$45,0) -> 0 | F109: =IF('Calculations PJ'!F109<>0,'Calculations PJ'!F109*About!$B$45,0) -> 0 | G109: =IF('Calculations PJ'!G109<>0,'Calculations PJ'!G109*About!$B$45,0) -> 0 | H109: =IF('Calculations PJ'!H109<>0,'Calculations PJ'!H109*About!$B$45,0) -> 0 | I109: =IF('Calculations PJ'!I109<>0,'Calculations PJ'!I109*About!$B$45,0) -> 0 | J109: =IF('Calculations PJ'!J109<>0,'Calculations PJ'!J109*About!$B$45,0) -> 0 | ... BH109: =IF('Calculations PJ'!BH109<>0,'Calculations PJ'!BH109*About!$B$45,0) -> 0
B110: other mining and quarrying 07T08 | C110: =IF('Calculations PJ'!C110<>0,'Calculations PJ'!C110*About!$B$45,0) -> 0 | D110: =IF('Calculations PJ'!D110<>0,'Calculations PJ'!D110*About!$B$45,0) -> 0 | E110: =IF('Calculations PJ'!E110<>0,'Calculations PJ'!E110*About!$B$45,0) -> 0 | F110: =IF('Calculations PJ'!F110<>0,'Calculations PJ'!F110*About!$B$45,0) -> 0 | G110: =IF('Calculations PJ'!G110<>0,'Calculations PJ'!G110*About!$B$45,0) -> 0 | H110: =IF('Calculations PJ'!H110<>0,'Calculations PJ'!H110*About!$B$45,0) -> 0 | I110: =IF('Calculations PJ'!I110<>0,'Calculations PJ'!I110*About!$B$45,0) -> 0 | J110: =IF('Calculations PJ'!J110<>0,'Calculations PJ'!J110*About!$B$45,0) -> 0 | ... BH110: =IF('Calculations PJ'!BH110<>0,'Calculations PJ'!BH110*About!$B$45,0) -> 0
B111: food beverage and tobacco 10T12 | C111: =IF('Calculations PJ'!C111<>0,'Calculations PJ'!C111*About!$B$45,0) -> 0 | D111: =IF('Calculations PJ'!D111<>0,'Calculations PJ'!D111*About!$B$45,0) -> 0 | E111: =IF('Calculations PJ'!E111<>0,'Calculations PJ'!E111*About!$B$45,0) -> 0 | F111: =IF('Calculations PJ'!F111<>0,'Calculations PJ'!F111*About!$B$45,0) -> 0 | G111: =IF('Calculations PJ'!G111<>0,'Calculations PJ'!G111*About!$B$45,0) -> 0 | H111: =IF('Calculations PJ'!H111<>0,'Calculations PJ'!H111*About!$B$45,0) -> 0 | I111: =IF('Calculations PJ'!I111<>0,'Calculations PJ'!I111*About!$B$45,0) -> 0 | J111: =IF('Calculations PJ'!J111<>0,'Calculations PJ'!J111*About!$B$45,0) -> 0 | ... BH111: =IF('Calculations PJ'!BH111<>0,'Calculations PJ'!BH111*About!$B$45,0) -> 0
B112: textiles apparel and leather 13T15 | C112: =IF('Calculations PJ'!C112<>0,'Calculations PJ'!C112*About!$B$45,0) -> 0 | D112: =IF('Calculations PJ'!D112<>0,'Calculations PJ'!D112*About!$B$45,0) -> 0 | E112: =IF('Calculations PJ'!E112<>0,'Calculations PJ'!E112*About!$B$45,0) -> 0 | F112: =IF('Calculations PJ'!F112<>0,'Calculations PJ'!F112*About!$B$45,0) -> 0 | G112: =IF('Calculations PJ'!G112<>0,'Calculations PJ'!G112*About!$B$45,0) -> 0 | H112: =IF('Calculations PJ'!H112<>0,'Calculations PJ'!H112*About!$B$45,0) -> 0 | I112: =IF('Calculations PJ'!I112<>0,'Calculations PJ'!I112*About!$B$45,0) -> 0 | J112: =IF('Calculations PJ'!J112<>0,'Calculations PJ'!J112*About!$B$45,0) -> 0 | ... BH112: =IF('Calculations PJ'!BH112<>0,'Calculations PJ'!BH112*About!$B$45,0) -> 0
B113: wood products 16 | C113: =IF('Calculations PJ'!C113<>0,'Calculations PJ'!C113*About!$B$45,0) -> 0 | D113: =IF('Calculations PJ'!D113<>0,'Calculations PJ'!D113*About!$B$45,0) -> 0 | E113: =IF('Calculations PJ'!E113<>0,'Calculations PJ'!E113*About!$B$45,0) -> 0 | F113: =IF('Calculations PJ'!F113<>0,'Calculations PJ'!F113*About!$B$45,0) -> 0 | G113: =IF('Calculations PJ'!G113<>0,'Calculations PJ'!G113*About!$B$45,0) -> 0 | H113: =IF('Calculations PJ'!H113<>0,'Calculations PJ'!H113*About!$B$45,0) -> 0 | I113: =IF('Calculations PJ'!I113<>0,'Calculations PJ'!I113*About!$B$45,0) -> 0 | J113: =IF('Calculations PJ'!J113<>0,'Calculations PJ'!J113*About!$B$45,0) -> 0 | ... BH113: =IF('Calculations PJ'!BH113<>0,'Calculations PJ'!BH113*About!$B$45,0) -> 0
B114: pulp paper and printing 17T18 | C114: =IF('Calculations PJ'!C114<>0,'Calculations PJ'!C114*About!$B$45,0) -> 0 | D114: =IF('Calculations PJ'!D114<>0,'Calculations PJ'!D114*About!$B$45,0) -> 0 | E114: =IF('Calculations PJ'!E114<>0,'Calculations PJ'!E114*About!$B$45,0) -> 0 | F114: =IF('Calculations PJ'!F114<>0,'Calculations PJ'!F114*About!$B$45,0) -> 0 | G114: =IF('Calculations PJ'!G114<>0,'Calculations PJ'!G114*About!$B$45,0) -> 0 | H114: =IF('Calculations PJ'!H114<>0,'Calculations PJ'!H114*About!$B$45,0) -> 0 | I114: =IF('Calculations PJ'!I114<>0,'Calculations PJ'!I114*About!$B$45,0) -> 0 | J114: =IF('Calculations PJ'!J114<>0,'Calculations PJ'!J114*About!$B$45,0) -> 0 | ... BH114: =IF('Calculations PJ'!BH114<>0,'Calculations PJ'!BH114*About!$B$45,0) -> 0
B115: refined petroleum and coke 19 | C115: =IF('Calculations PJ'!C115<>0,'Calculations PJ'!C115*About!$B$45,0) -> 0 | D115: =IF('Calculations PJ'!D115<>0,'Calculations PJ'!D115*About!$B$45,0) -> 0 | E115: =IF('Calculations PJ'!E115<>0,'Calculations PJ'!E115*About!$B$45,0) -> 0 | F115: =IF('Calculations PJ'!F115<>0,'Calculations PJ'!F115*About!$B$45,0) -> 0 | G115: =IF('Calculations PJ'!G115<>0,'Calculations PJ'!G115*About!$B$45,0) -> 0 | H115: =IF('Calculations PJ'!H115<>0,'Calculations PJ'!H115*About!$B$45,0) -> 0 | I115: =IF('Calculations PJ'!I115<>0,'Calculations PJ'!I115*About!$B$45,0) -> 0 | J115: =IF('Calculations PJ'!J115<>0,'Calculations PJ'!J115*About!$B$45,0) -> 0 | ... BH115: =IF('Calculations PJ'!BH115<>0,'Calculations PJ'!BH115*About!$B$45,0) -> 0
B116: chemicals 20 | C116: =IF('Calculations PJ'!C116<>0,'Calculations PJ'!C116*About!$B$45,0) -> 0 | D116: =IF('Calculations PJ'!D116<>0,'Calculations PJ'!D116*About!$B$45,0) -> 0 | E116: =IF('Calculations PJ'!E116<>0,'Calculations PJ'!E116*About!$B$45,0) -> 0 | F116: =IF('Calculations PJ'!F116<>0,'Calculations PJ'!F116*About!$B$45,0) -> 0 | G116: =IF('Calculations PJ'!G116<>0,'Calculations PJ'!G116*About!$B$45,0) -> 0 | H116: =IF('Calculations PJ'!H116<>0,'Calculations PJ'!H116*About!$B$45,0) -> 0 | I116: =IF('Calculations PJ'!I116<>0,'Calculations PJ'!I116*About!$B$45,0) -> 0 | J116: =IF('Calculations PJ'!J116<>0,'Calculations PJ'!J116*About!$B$45,0) -> 0 | ... BH116: =IF('Calculations PJ'!BH116<>0,'Calculations PJ'!BH116*About!$B$45,0) -> 0
B117: rubber and plastic products 22 | C117: =IF('Calculations PJ'!C117<>0,'Calculations PJ'!C117*About!$B$45,0) -> 0 | D117: =IF('Calculations PJ'!D117<>0,'Calculations PJ'!D117*About!$B$45,0) -> 0 | E117: =IF('Calculations PJ'!E117<>0,'Calculations PJ'!E117*About!$B$45,0) -> 0 | F117: =IF('Calculations PJ'!F117<>0,'Calculations PJ'!F117*About!$B$45,0) -> 0 | G117: =IF('Calculations PJ'!G117<>0,'Calculations PJ'!G117*About!$B$45,0) -> 0 | H117: =IF('Calculations PJ'!H117<>0,'Calculations PJ'!H117*About!$B$45,0) -> 0 | I117: =IF('Calculations PJ'!I117<>0,'Calculations PJ'!I117*About!$B$45,0) -> 0 | J117: =IF('Calculations PJ'!J117<>0,'Calculations PJ'!J117*About!$B$45,0) -> 0 | ... BH117: =IF('Calculations PJ'!BH117<>0,'Calculations PJ'!BH117*About!$B$45,0) -> 0
B118: glass and glass products 231 | C118: =IF('Calculations PJ'!C118<>0,'Calculations PJ'!C118*About!$B$45,0) -> 0 | D118: =IF('Calculations PJ'!D118<>0,'Calculations PJ'!D118*About!$B$45,0) -> 0 | E118: =IF('Calculations PJ'!E118<>0,'Calculations PJ'!E118*About!$B$45,0) -> 0 | F118: =IF('Calculations PJ'!F118<>0,'Calculations PJ'!F118*About!$B$45,0) -> 0 | G118: =IF('Calculations PJ'!G118<>0,'Calculations PJ'!G118*About!$B$45,0) -> 0 | H118: =IF('Calculations PJ'!H118<>0,'Calculations PJ'!H118*About!$B$45,0) -> 0 | I118: =IF('Calculations PJ'!I118<>0,'Calculations PJ'!I118*About!$B$45,0) -> 0 | J118: =IF('Calculations PJ'!J118<>0,'Calculations PJ'!J118*About!$B$45,0) -> 0 | ... BH118: =IF('Calculations PJ'!BH118<>0,'Calculations PJ'!BH118*About!$B$45,0) -> 0
... B131: construction 41T43 | C131: =IF('Calculations PJ'!C131<>0,'Calculations PJ'!C131*About!$B$45,0) -> 0 | D131: =IF('Calculations PJ'!D131<>0,'Calculations PJ'!D131*About!$B$45,0) -> 0 | E131: =IF('Calculations PJ'!E131<>0,'Calculations PJ'!E131*About!$B$45,0) -> 0 | F131: =IF('Calculations PJ'!F131<>0,'Calculations PJ'!F131*About!$B$45,0) -> 0 | G131: =IF('Calculations PJ'!G131<>0,'Calculations PJ'!G131*About!$B$45,0) -> 0 | H131: =IF('Calculations PJ'!H131<>0,'Calculations PJ'!H131*About!$B$45,0) -> 0 | I131: =IF('Calculations PJ'!I131<>0,'Calculations PJ'!I131*About!$B$45,0) -> 0 | J131: =IF('Calculations PJ'!J131<>0,'Calculations PJ'!J131*About!$B$45,0) -> 0 | ... BH131: =IF('Calculations PJ'!BH131<>0,'Calculations PJ'!BH131*About!$B$45,0) -> 0
A132: biomass (PJ) | C132: =SUM(C133:C157) -> 1.6806632e+14 | D132: =SUM(D133:D157) -> 1.219905e+14 | E132: =SUM(E133:E157) -> 1.1729856e+14 | F132: =SUM(F133:F157) -> 1.1917534e+14 | G132: =SUM(G133:G157) -> 1.2505211e+14 | H132: =SUM(H133:H157) -> 1.3749761e+14 | I132: =SUM(I133:I157) -> 1.196777e+14 | J132: =SUM(J133:J157) -> 1.2265401e+14 | ... BH132: =SUM(BH133:BH157) -> 1.2046443e+14
B133: agriculture and forestry 01T03 | C133: =IF('Calculations PJ'!C133<>0,'Calculations PJ'!C133*About!$B$45,0) -> 0 | D133: =IF('Calculations PJ'!D133<>0,'Calculations PJ'!D133*About!$B$45,0) -> 0 | E133: =IF('Calculations PJ'!E133<>0,'Calculations PJ'!E133*About!$B$45,0) -> 0 | F133: =IF('Calculations PJ'!F133<>0,'Calculations PJ'!F133*About!$B$45,0) -> 0 | G133: =IF('Calculations PJ'!G133<>0,'Calculations PJ'!G133*About!$B$45,0) -> 0 | H133: =IF('Calculations PJ'!H133<>0,'Calculations PJ'!H133*About!$B$45,0) -> 0 | I133: =IF('Calculations PJ'!I133<>0,'Calculations PJ'!I133*About!$B$45,0) -> 0 | J133: =IF('Calculations PJ'!J133<>0,'Calculations PJ'!J133*About!$B$45,0) -> 0 | ... BH133: =IF('Calculations PJ'!BH133<>0,'Calculations PJ'!BH133*About!$B$45,0) -> 0
B134: coal mining 05 | C134: =IF('Calculations PJ'!C134<>0,'Calculations PJ'!C134*About!$B$45,0) -> 0 | D134: =IF('Calculations PJ'!D134<>0,'Calculations PJ'!D134*About!$B$45,0) -> 0 | E134: =IF('Calculations PJ'!E134<>0,'Calculations PJ'!E134*About!$B$45,0) -> 0 | F134: =IF('Calculations PJ'!F134<>0,'Calculations PJ'!F134*About!$B$45,0) -> 0 | G134: =IF('Calculations PJ'!G134<>0,'Calculations PJ'!G134*About!$B$45,0) -> 0 | H134: =IF('Calculations PJ'!H134<>0,'Calculations PJ'!H134*About!$B$45,0) -> 0 | I134: =IF('Calculations PJ'!I134<>0,'Calculations PJ'!I134*About!$B$45,0) -> 0 | J134: =IF('Calculations PJ'!J134<>0,'Calculations PJ'!J134*About!$B$45,0) -> 0 | ... BH134: =IF('Calculations PJ'!BH134<>0,'Calculations PJ'!BH134*About!$B$45,0) -> 0
B135: oil and gas extraction 06 | C135: =IF('Calculations PJ'!C135<>0,'Calculations PJ'!C135*About!$B$45,0) -> 0 | D135: =IF('Calculations PJ'!D135<>0,'Calculations PJ'!D135*About!$B$45,0) -> 0 | E135: =IF('Calculations PJ'!E135<>0,'Calculations PJ'!E135*About!$B$45,0) -> 0 | F135: =IF('Calculations PJ'!F135<>0,'Calculations PJ'!F135*About!$B$45,0) -> 0 | G135: =IF('Calculations PJ'!G135<>0,'Calculations PJ'!G135*About!$B$45,0) -> 0 | H135: =IF('Calculations PJ'!H135<>0,'Calculations PJ'!H135*About!$B$45,0) -> 0 | I135: =IF('Calculations PJ'!I135<>0,'Calculations PJ'!I135*About!$B$45,0) -> 0 | J135: =IF('Calculations PJ'!J135<>0,'Calculations PJ'!J135*About!$B$45,0) -> 0 | ... BH135: =IF('Calculations PJ'!BH135<>0,'Calculations PJ'!BH135*About!$B$45,0) -> 0
B136: other mining and quarrying 07T08 | C136: =IF('Calculations PJ'!C136<>0,'Calculations PJ'!C136*About!$B$45,0) -> 0 | D136: =IF('Calculations PJ'!D136<>0,'Calculations PJ'!D136*About!$B$45,0) -> 0 | E136: =IF('Calculations PJ'!E136<>0,'Calculations PJ'!E136*About!$B$45,0) -> 0 | F136: =IF('Calculations PJ'!F136<>0,'Calculations PJ'!F136*About!$B$45,0) -> 0 | G136: =IF('Calculations PJ'!G136<>0,'Calculations PJ'!G136*About!$B$45,0) -> 0 | H136: =IF('Calculations PJ'!H136<>0,'Calculations PJ'!H136*About!$B$45,0) -> 0 | I136: =IF('Calculations PJ'!I136<>0,'Calculations PJ'!I136*About!$B$45,0) -> 0 | J136: =IF('Calculations PJ'!J136<>0,'Calculations PJ'!J136*About!$B$45,0) -> 0 | ... BH136: =IF('Calculations PJ'!BH136<>0,'Calculations PJ'!BH136*About!$B$45,0) -> 0
B137: food beverage and tobacco 10T12 | C137: =IF('Calculations PJ'!C137<>0,'Calculations PJ'!C137*About!$B$45,0) -> 1.1240756e+14 | D137: =IF('Calculations PJ'!D137<>0,'Calculations PJ'!D137*About!$B$45,0) -> 6.3819894e+13 | E137: =IF('Calculations PJ'!E137<>0,'Calculations PJ'!E137*About!$B$45,0) -> 6.2180084e+13 | F137: =IF('Calculations PJ'!F137<>0,'Calculations PJ'!F137*About!$B$45,0) -> 6.2616103e+13 | G137: =IF('Calculations PJ'!G137<>0,'Calculations PJ'!G137*About!$B$45,0) -> 6.6862548e+13 | H137: =IF('Calculations PJ'!H137<>0,'Calculations PJ'!H137*About!$B$45,0) -> 7.0151647e+13 | I137: =IF('Calculations PJ'!I137<>0,'Calculations PJ'!I137*About!$B$45,0) -> 6.7582927e+13 | J137: =IF('Calculations PJ'!J137<>0,'Calculations PJ'!J137*About!$B$45,0) -> 5.957345e+13 | ... BH137: =IF('Calculations PJ'!BH137<>0,'Calculations PJ'!BH137*About!$B$45,0) -> 4.5781983e+13
B138: textiles apparel and leather 13T15 | C138: =IF('Calculations PJ'!C138<>0,'Calculations PJ'!C138*About!$B$45,0) -> 0 | D138: =IF('Calculations PJ'!D138<>0,'Calculations PJ'!D138*About!$B$45,0) -> 0 | E138: =IF('Calculations PJ'!E138<>0,'Calculations PJ'!E138*About!$B$45,0) -> 0 | F138: =IF('Calculations PJ'!F138<>0,'Calculations PJ'!F138*About!$B$45,0) -> 0 | G138: =IF('Calculations PJ'!G138<>0,'Calculations PJ'!G138*About!$B$45,0) -> 0 | H138: =IF('Calculations PJ'!H138<>0,'Calculations PJ'!H138*About!$B$45,0) -> 0 | I138: =IF('Calculations PJ'!I138<>0,'Calculations PJ'!I138*About!$B$45,0) -> 0 | J138: =IF('Calculations PJ'!J138<>0,'Calculations PJ'!J138*About!$B$45,0) -> 0 | ... BH138: =IF('Calculations PJ'!BH138<>0,'Calculations PJ'!BH138*About!$B$45,0) -> 0
B139: wood products 16 | C139: =IF('Calculations PJ'!C139<>0,'Calculations PJ'!C139*About!$B$45,0) -> 0 | D139: =IF('Calculations PJ'!D139<>0,'Calculations PJ'!D139*About!$B$45,0) -> 0 | E139: =IF('Calculations PJ'!E139<>0,'Calculations PJ'!E139*About!$B$45,0) -> 0 | F139: =IF('Calculations PJ'!F139<>0,'Calculations PJ'!F139*About!$B$45,0) -> 0 | G139: =IF('Calculations PJ'!G139<>0,'Calculations PJ'!G139*About!$B$45,0) -> 0 | H139: =IF('Calculations PJ'!H139<>0,'Calculations PJ'!H139*About!$B$45,0) -> 0 | I139: =IF('Calculations PJ'!I139<>0,'Calculations PJ'!I139*About!$B$45,0) -> 0 | J139: =IF('Calculations PJ'!J139<>0,'Calculations PJ'!J139*About!$B$45,0) -> 0 | ... BH139: =IF('Calculations PJ'!BH139<>0,'Calculations PJ'!BH139*About!$B$45,0) -> 0
B140: pulp paper and printing 17T18 | C140: =IF('Calculations PJ'!C140<>0,'Calculations PJ'!C140*About!$B$45,0) -> 0 | D140: =IF('Calculations PJ'!D140<>0,'Calculations PJ'!D140*About!$B$45,0) -> 0 | E140: =IF('Calculations PJ'!E140<>0,'Calculations PJ'!E140*About!$B$45,0) -> 0 | F140: =IF('Calculations PJ'!F140<>0,'Calculations PJ'!F140*About!$B$45,0) -> 0 | G140: =IF('Calculations PJ'!G140<>0,'Calculations PJ'!G140*About!$B$45,0) -> 0 | H140: =IF('Calculations PJ'!H140<>0,'Calculations PJ'!H140*About!$B$45,0) -> 0 | I140: =IF('Calculations PJ'!I140<>0,'Calculations PJ'!I140*About!$B$45,0) -> 0 | J140: =IF('Calculations PJ'!J140<>0,'Calculations PJ'!J140*About!$B$45,0) -> 0 | ... BH140: =IF('Calculations PJ'!BH140<>0,'Calculations PJ'!BH140*About!$B$45,0) -> 0
B141: refined petroleum and coke 19 | C141: =IF('Calculations PJ'!C141<>0,'Calculations PJ'!C141*About!$B$45,0) -> 0 | D141: =IF('Calculations PJ'!D141<>0,'Calculations PJ'!D141*About!$B$45,0) -> 0 | E141: =IF('Calculations PJ'!E141<>0,'Calculations PJ'!E141*About!$B$45,0) -> 0 | F141: =IF('Calculations PJ'!F141<>0,'Calculations PJ'!F141*About!$B$45,0) -> 0 | G141: =IF('Calculations PJ'!G141<>0,'Calculations PJ'!G141*About!$B$45,0) -> 0 | H141: =IF('Calculations PJ'!H141<>0,'Calculations PJ'!H141*About!$B$45,0) -> 0 | I141: =IF('Calculations PJ'!I141<>0,'Calculations PJ'!I141*About!$B$45,0) -> 0 | J141: =IF('Calculations PJ'!J141<>0,'Calculations PJ'!J141*About!$B$45,0) -> 0 | ... BH141: =IF('Calculations PJ'!BH141<>0,'Calculations PJ'!BH141*About!$B$45,0) -> 0
B142: chemicals 20 | C142: =IF('Calculations PJ'!C142<>0,'Calculations PJ'!C142*About!$B$45,0) -> 0 | D142: =IF('Calculations PJ'!D142<>0,'Calculations PJ'!D142*About!$B$45,0) -> 0 | E142: =IF('Calculations PJ'!E142<>0,'Calculations PJ'!E142*About!$B$45,0) -> 0 | F142: =IF('Calculations PJ'!F142<>0,'Calculations PJ'!F142*About!$B$45,0) -> 0 | G142: =IF('Calculations PJ'!G142<>0,'Calculations PJ'!G142*About!$B$45,0) -> 0 | H142: =IF('Calculations PJ'!H142<>0,'Calculations PJ'!H142*About!$B$45,0) -> 0 | I142: =IF('Calculations PJ'!I142<>0,'Calculations PJ'!I142*About!$B$45,0) -> 0 | J142: =IF('Calculations PJ'!J142<>0,'Calculations PJ'!J142*About!$B$45,0) -> 0 | ... BH142: =IF('Calculations PJ'!BH142<>0,'Calculations PJ'!BH142*About!$B$45,0) -> 0
B143: rubber and plastic products 22 | C143: =IF('Calculations PJ'!C143<>0,'Calculations PJ'!C143*About!$B$45,0) -> 0 | D143: =IF('Calculations PJ'!D143<>0,'Calculations PJ'!D143*About!$B$45,0) -> 0 | E143: =IF('Calculations PJ'!E143<>0,'Calculations PJ'!E143*About!$B$45,0) -> 0 | F143: =IF('Calculations PJ'!F143<>0,'Calculations PJ'!F143*About!$B$45,0) -> 0 | G143: =IF('Calculations PJ'!G143<>0,'Calculations PJ'!G143*About!$B$45,0) -> 0 | H143: =IF('Calculations PJ'!H143<>0,'Calculations PJ'!H143*About!$B$45,0) -> 0 | I143: =IF('Calculations PJ'!I143<>0,'Calculations PJ'!I143*About!$B$45,0) -> 0 | J143: =IF('Calculations PJ'!J143<>0,'Calculations PJ'!J143*About!$B$45,0) -> 0 | ... BH143: =IF('Calculations PJ'!BH143<>0,'Calculations PJ'!BH143*About!$B$45,0) -> 0
B144: glass and glass products 231 | C144: =IF('Calculations PJ'!C144<>0,'Calculations PJ'!C144*About!$B$45,0) -> 0 | D144: =IF('Calculations PJ'!D144<>0,'Calculations PJ'!D144*About!$B$45,0) -> 0 | E144: =IF('Calculations PJ'!E144<>0,'Calculations PJ'!E144*About!$B$45,0) -> 0 | F144: =IF('Calculations PJ'!F144<>0,'Calculations PJ'!F144*About!$B$45,0) -> 0 | G144: =IF('Calculations PJ'!G144<>0,'Calculations PJ'!G144*About!$B$45,0) -> 0 | H144: =IF('Calculations PJ'!H144<>0,'Calculations PJ'!H144*About!$B$45,0) -> 0 | I144: =IF('Calculations PJ'!I144<>0,'Calculations PJ'!I144*About!$B$45,0) -> 0 | J144: =IF('Calculations PJ'!J144<>0,'Calculations PJ'!J144*About!$B$45,0) -> 0 | ... BH144: =IF('Calculations PJ'!BH144<>0,'Calculations PJ'!BH144*About!$B$45,0) -> 0
... B157: construction 41T43 | C157: =IF('Calculations PJ'!C157<>0,'Calculations PJ'!C157*About!$B$45,0) -> 0 | D157: =IF('Calculations PJ'!D157<>0,'Calculations PJ'!D157*About!$B$45,0) -> 0 | E157: =IF('Calculations PJ'!E157<>0,'Calculations PJ'!E157*About!$B$45,0) -> 0 | F157: =IF('Calculations PJ'!F157<>0,'Calculations PJ'!F157*About!$B$45,0) -> 0 | G157: =IF('Calculations PJ'!G157<>0,'Calculations PJ'!G157*About!$B$45,0) -> 0 | H157: =IF('Calculations PJ'!H157<>0,'Calculations PJ'!H157*About!$B$45,0) -> 0 | I157: =IF('Calculations PJ'!I157<>0,'Calculations PJ'!I157*About!$B$45,0) -> 0 | J157: =IF('Calculations PJ'!J157<>0,'Calculations PJ'!J157*About!$B$45,0) -> 0 | ... BH157: =IF('Calculations PJ'!BH157<>0,'Calculations PJ'!BH157*About!$B$45,0) -> 0
A158: heavy or residual fuel oil (PJ) | C158: =SUM(C159:C183) -> 2.7228905e+14 | D158: =SUM(D159:D183) -> 261170571891596 | E158: =SUM(E159:E183) -> 1.9510423e+14 | F158: =SUM(F159:F183) -> 2.0191466e+14 | G158: =SUM(G159:G183) -> 2.2090992e+14 | H158: =SUM(H159:H183) -> 1.5592414e+14 | I158: =SUM(I159:I183) -> 1.7268717e+14 | J158: =SUM(J159:J183) -> 1.5148339e+14 | ... BH158: =SUM(BH159:BH183) -> 2.3615352e+14
B159: agriculture and forestry 01T03 | C159: =IF('Calculations PJ'!C159<>0,'Calculations PJ'!C159*About!$B$45,0) -> 0 | D159: =IF('Calculations PJ'!D159<>0,'Calculations PJ'!D159*About!$B$45,0) -> 0 | E159: =IF('Calculations PJ'!E159<>0,'Calculations PJ'!E159*About!$B$45,0) -> 0 | F159: =IF('Calculations PJ'!F159<>0,'Calculations PJ'!F159*About!$B$45,0) -> 0 | G159: =IF('Calculations PJ'!G159<>0,'Calculations PJ'!G159*About!$B$45,0) -> 0 | H159: =IF('Calculations PJ'!H159<>0,'Calculations PJ'!H159*About!$B$45,0) -> 0 | I159: =IF('Calculations PJ'!I159<>0,'Calculations PJ'!I159*About!$B$45,0) -> 0 | J159: =IF('Calculations PJ'!J159<>0,'Calculations PJ'!J159*About!$B$45,0) -> 0 | ... BH159: =IF('Calculations PJ'!BH159<>0,'Calculations PJ'!BH159*About!$B$45,0) -> 0
B160: coal mining 05 | C160: =IF('Calculations PJ'!C160<>0,'Calculations PJ'!C160*About!$B$45,0) -> 3.1706156e+11 | D160: =IF('Calculations PJ'!D160<>0,'Calculations PJ'!D160*About!$B$45,0) -> 3.1421796e+11 | E160: =IF('Calculations PJ'!E160<>0,'Calculations PJ'!E160*About!$B$45,0) -> 2.9573455e+11 | F160: =IF('Calculations PJ'!F160<>0,'Calculations PJ'!F160*About!$B$45,0) -> 2.8720374e+11 | G160: =IF('Calculations PJ'!G160<>0,'Calculations PJ'!G160*About!$B$45,0) -> 2.7156394e+11 | H160: =IF('Calculations PJ'!H160<>0,'Calculations PJ'!H160*About!$B$45,0) -> 2.7014213e+11 | I160: =IF('Calculations PJ'!I160<>0,'Calculations PJ'!I160*About!$B$45,0) -> 2.7440754e+11 | J160: =IF('Calculations PJ'!J160<>0,'Calculations PJ'!J160*About!$B$45,0) -> 2.5734593e+11 | ... BH160: =IF('Calculations PJ'!BH160<>0,'Calculations PJ'!BH160*About!$B$45,0) -> 0
B161: oil and gas extraction 06 | C161: =IF('Calculations PJ'!C161<>0,'Calculations PJ'!C161*About!$B$45,0) -> 0 | D161: =IF('Calculations PJ'!D161<>0,'Calculations PJ'!D161*About!$B$45,0) -> 0 | E161: =IF('Calculations PJ'!E161<>0,'Calculations PJ'!E161*About!$B$45,0) -> 0 | F161: =IF('Calculations PJ'!F161<>0,'Calculations PJ'!F161*About!$B$45,0) -> 0 | G161: =IF('Calculations PJ'!G161<>0,'Calculations PJ'!G161*About!$B$45,0) -> 0 | H161: =IF('Calculations PJ'!H161<>0,'Calculations PJ'!H161*About!$B$45,0) -> 0 | I161: =IF('Calculations PJ'!I161<>0,'Calculations PJ'!I161*About!$B$45,0) -> 0 | J161: =IF('Calculations PJ'!J161<>0,'Calculations PJ'!J161*About!$B$45,0) -> 0 | ... BH161: =IF('Calculations PJ'!BH161<>0,'Calculations PJ'!BH161*About!$B$45,0) -> 0
B162: other mining and quarrying 07T08 | C162: =IF('Calculations PJ'!C162<>0,'Calculations PJ'!C162*About!$B$45,0) -> 1.7966822e+12 | D162: =IF('Calculations PJ'!D162<>0,'Calculations PJ'!D162*About!$B$45,0) -> 1.7805684e+12 | E162: =IF('Calculations PJ'!E162<>0,'Calculations PJ'!E162*About!$B$45,0) -> 1.6758291e+12 | F162: =IF('Calculations PJ'!F162<>0,'Calculations PJ'!F162*About!$B$45,0) -> 1.6274879e+12 | G162: =IF('Calculations PJ'!G162<>0,'Calculations PJ'!G162*About!$B$45,0) -> 1.5388623e+12 | H162: =IF('Calculations PJ'!H162<>0,'Calculations PJ'!H162*About!$B$45,0) -> 1.5308054e+12 | I162: =IF('Calculations PJ'!I162<>0,'Calculations PJ'!I162*About!$B$45,0) -> 1.554976e+12 | J162: =IF('Calculations PJ'!J162<>0,'Calculations PJ'!J162*About!$B$45,0) -> 1.4582936e+12 | ... BH162: =IF('Calculations PJ'!BH162<>0,'Calculations PJ'!BH162*About!$B$45,0) -> 0
B163: food beverage and tobacco 10T12 | C163: =IF('Calculations PJ'!C163<>0,'Calculations PJ'!C163*About!$B$45,0) -> 5.9146909e+12 | D163: =IF('Calculations PJ'!D163<>0,'Calculations PJ'!D163*About!$B$45,0) -> 3.0142175e+12 | E163: =IF('Calculations PJ'!E163<>0,'Calculations PJ'!E163*About!$B$45,0) -> 1.9052129e+12 | F163: =IF('Calculations PJ'!F163<>0,'Calculations PJ'!F163*About!$B$45,0) -> 1.990521e+12 | G163: =IF('Calculations PJ'!G163<>0,'Calculations PJ'!G163*About!$B$45,0) -> 1.7061608e+12 | H163: =IF('Calculations PJ'!H163<>0,'Calculations PJ'!H163*About!$B$45,0) -> 5.1184825e+11 | I163: =IF('Calculations PJ'!I163<>0,'Calculations PJ'!I163*About!$B$45,0) -> 8.0568707e+11 | J163: =IF('Calculations PJ'!J163<>0,'Calculations PJ'!J163*About!$B$45,0) -> 8.9099511e+11 | ... BH163: =IF('Calculations PJ'!BH163<>0,'Calculations PJ'!BH163*About!$B$45,0) -> 0
B164: textiles apparel and leather 13T15 | C164: =IF('Calculations PJ'!C164<>0,'Calculations PJ'!C164*About!$B$45,0) -> 2.8436014e+10 | D164: =IF('Calculations PJ'!D164<>0,'Calculations PJ'!D164*About!$B$45,0) -> 2.8436014e+10 | E164: =IF('Calculations PJ'!E164<>0,'Calculations PJ'!E164*About!$B$45,0) -> 2.8436014e+10 | F164: =IF('Calculations PJ'!F164<>0,'Calculations PJ'!F164*About!$B$45,0) -> 2.8436014e+10 | G164: =IF('Calculations PJ'!G164<>0,'Calculations PJ'!G164*About!$B$45,0) -> 2.8436014e+10 | H164: =IF('Calculations PJ'!H164<>0,'Calculations PJ'!H164*About!$B$45,0) -> 2.8436014e+10 | I164: =IF('Calculations PJ'!I164<>0,'Calculations PJ'!I164*About!$B$45,0) -> 2.8436014e+10 | J164: =IF('Calculations PJ'!J164<>0,'Calculations PJ'!J164*About!$B$45,0) -> 1.8957343e+10 | ... BH164: =IF('Calculations PJ'!BH164<>0,'Calculations PJ'!BH164*About!$B$45,0) -> 2.4947108e+10
B165: wood products 16 | C165: =IF('Calculations PJ'!C165<>0,'Calculations PJ'!C165*About!$B$45,0) -> 0 | D165: =IF('Calculations PJ'!D165<>0,'Calculations PJ'!D165*About!$B$45,0) -> 0 | E165: =IF('Calculations PJ'!E165<>0,'Calculations PJ'!E165*About!$B$45,0) -> 0 | F165: =IF('Calculations PJ'!F165<>0,'Calculations PJ'!F165*About!$B$45,0) -> 0 | G165: =IF('Calculations PJ'!G165<>0,'Calculations PJ'!G165*About!$B$45,0) -> 0 | H165: =IF('Calculations PJ'!H165<>0,'Calculations PJ'!H165*About!$B$45,0) -> 0 | I165: =IF('Calculations PJ'!I165<>0,'Calculations PJ'!I165*About!$B$45,0) -> 0 | J165: =IF('Calculations PJ'!J165<>0,'Calculations PJ'!J165*About!$B$45,0) -> 0 | ... BH165: =IF('Calculations PJ'!BH165<>0,'Calculations PJ'!BH165*About!$B$45,0) -> 0
B166: pulp paper and printing 17T18 | C166: =IF('Calculations PJ'!C166<>0,'Calculations PJ'!C166*About!$B$45,0) -> 4.8815158e+12 | D166: =IF('Calculations PJ'!D166<>0,'Calculations PJ'!D166*About!$B$45,0) -> 1.0142178e+12 | E166: =IF('Calculations PJ'!E166<>0,'Calculations PJ'!E166*About!$B$45,0) -> 4.9763025e+12 | F166: =IF('Calculations PJ'!F166<>0,'Calculations PJ'!F166*About!$B$45,0) -> 9.6682448e+12 | G166: =IF('Calculations PJ'!G166<>0,'Calculations PJ'!G166*About!$B$45,0) -> 8.3317521e+12 | H166: =IF('Calculations PJ'!H166<>0,'Calculations PJ'!H166*About!$B$45,0) -> 2.5023692e+12 | I166: =IF('Calculations PJ'!I166<>0,'Calculations PJ'!I166*About!$B$45,0) -> 3.9052126e+12 | J166: =IF('Calculations PJ'!J166<>0,'Calculations PJ'!J166*About!$B$45,0) -> 3.9146913e+12 | ... BH166: =IF('Calculations PJ'!BH166<>0,'Calculations PJ'!BH166*About!$B$45,0) -> 0
B167: refined petroleum and coke 19 | C167: =IF('Calculations PJ'!C167<>0,'Calculations PJ'!C167*About!$B$45,0) -> 1.4228908e+14 | D167: =IF('Calculations PJ'!D167<>0,'Calculations PJ'!D167*About!$B$45,0) -> 1.3790045e+14 | E167: =IF('Calculations PJ'!E167<>0,'Calculations PJ'!E167*About!$B$45,0) -> 5.1398096e+13 | F167: =IF('Calculations PJ'!F167<>0,'Calculations PJ'!F167*About!$B$45,0) -> 3.9061605e+13 | G167: =IF('Calculations PJ'!G167<>0,'Calculations PJ'!G167*About!$B$45,0) -> 5.7563971e+13 | H167: =IF('Calculations PJ'!H167<>0,'Calculations PJ'!H167*About!$B$45,0) -> 9.6777235e+12 | I167: =IF('Calculations PJ'!I167<>0,'Calculations PJ'!I167*About!$B$45,0) -> 2.4298574e+13 | J167: =IF('Calculations PJ'!J167<>0,'Calculations PJ'!J167*About!$B$45,0) -> 1.9056869e+13 | ... BH167: =IF('Calculations PJ'!BH167<>0,'Calculations PJ'!BH167*About!$B$45,0) -> 4.0572132e+13
B168: chemicals 20 | C168: =IF('Calculations PJ'!C168<>0,'Calculations PJ'!C168*About!$B$45,0) -> 5.0047385e+12 | D168: =IF('Calculations PJ'!D168<>0,'Calculations PJ'!D168*About!$B$45,0) -> 2.3222745e+12 | E168: =IF('Calculations PJ'!E168<>0,'Calculations PJ'!E168*About!$B$45,0) -> 3.5829378e+12 | F168: =IF('Calculations PJ'!F168<>0,'Calculations PJ'!F168*About!$B$45,0) -> 8.7488137e+12 | G168: =IF('Calculations PJ'!G168<>0,'Calculations PJ'!G168*About!$B$45,0) -> 7.298577e+12 | H168: =IF('Calculations PJ'!H168<>0,'Calculations PJ'!H168*About!$B$45,0) -> 6.5971553e+12 | I168: =IF('Calculations PJ'!I168<>0,'Calculations PJ'!I168*About!$B$45,0) -> 8.5213256e+12 | J168: =IF('Calculations PJ'!J168<>0,'Calculations PJ'!J168*About!$B$45,0) -> 6.4170605e+12 | ... BH168: =IF('Calculations PJ'!BH168<>0,'Calculations PJ'!BH168*About!$B$45,0) -> 8.7203777e+12
B169: rubber and plastic products 22 | C169: =IF('Calculations PJ'!C169<>0,'Calculations PJ'!C169*About!$B$45,0) -> 4.8341224e+11 | D169: =IF('Calculations PJ'!D169<>0,'Calculations PJ'!D169*About!$B$45,0) -> 4.5497623e+11 | E169: =IF('Calculations PJ'!E169<>0,'Calculations PJ'!E169*About!$B$45,0) -> 6.7298567e+11 | F169: =IF('Calculations PJ'!F169<>0,'Calculations PJ'!F169*About!$B$45,0) -> 8.625591e+11 | G169: =IF('Calculations PJ'!G169<>0,'Calculations PJ'!G169*About!$B$45,0) -> 8.5308042e+11 | H169: =IF('Calculations PJ'!H169<>0,'Calculations PJ'!H169*About!$B$45,0) -> 2.5592413e+11 | I169: =IF('Calculations PJ'!I169<>0,'Calculations PJ'!I169*About!$B$45,0) -> 3.981042e+11 | J169: =IF('Calculations PJ'!J169<>0,'Calculations PJ'!J169*About!$B$45,0) -> 3.981042e+11 | ... BH169: =IF('Calculations PJ'!BH169<>0,'Calculations PJ'!BH169*About!$B$45,0) -> 0
B170: glass and glass products 231 | C170: =IF('Calculations PJ'!C170<>0,'Calculations PJ'!C170*About!$B$45,0) -> 2.2180091e+12 | D170: =IF('Calculations PJ'!D170<>0,'Calculations PJ'!D170*About!$B$45,0) -> 1.4597154e+12 | E170: =IF('Calculations PJ'!E170<>0,'Calculations PJ'!E170*About!$B$45,0) -> 1.0142178e+12 | F170: =IF('Calculations PJ'!F170<>0,'Calculations PJ'!F170*About!$B$45,0) -> 6.7298567e+11 | G170: =IF('Calculations PJ'!G170<>0,'Calculations PJ'!G170*About!$B$45,0) -> 4.4549755e+11 | H170: =IF('Calculations PJ'!H170<>0,'Calculations PJ'!H170*About!$B$45,0) -> 1.4218007e+11 | I170: =IF('Calculations PJ'!I170<>0,'Calculations PJ'!I170*About!$B$45,0) -> 2.1800944e+11 | J170: =IF('Calculations PJ'!J170<>0,'Calculations PJ'!J170*About!$B$45,0) -> 2.1800944e+11 | ... BH170: =IF('Calculations PJ'!BH170<>0,'Calculations PJ'!BH170*About!$B$45,0) -> 1.8957343e+10
... B183: construction 41T43 | C183: =IF('Calculations PJ'!C183<>0,'Calculations PJ'!C183*About!$B$45,0) -> 0 | D183: =IF('Calculations PJ'!D183<>0,'Calculations PJ'!D183*About!$B$45,0) -> 0 | E183: =IF('Calculations PJ'!E183<>0,'Calculations PJ'!E183*About!$B$45,0) -> 0 | F183: =IF('Calculations PJ'!F183<>0,'Calculations PJ'!F183*About!$B$45,0) -> 0 | G183: =IF('Calculations PJ'!G183<>0,'Calculations PJ'!G183*About!$B$45,0) -> 0 | H183: =IF('Calculations PJ'!H183<>0,'Calculations PJ'!H183*About!$B$45,0) -> 0 | I183: =IF('Calculations PJ'!I183<>0,'Calculations PJ'!I183*About!$B$45,0) -> 0 | J183: =IF('Calculations PJ'!J183<>0,'Calculations PJ'!J183*About!$B$45,0) -> 0 | ... BH183: =IF('Calculations PJ'!BH183<>0,'Calculations PJ'!BH183*About!$B$45,0) -> 0
A184: LPG propane or butane (PJ) | C184: =SUM(C185:C209) -> 4.7383878e+13 | D184: =SUM(D185:D209) -> 4.6028428e+13 | E184: =SUM(E185:E209) -> 4.9573451e+13 | F184: =SUM(F185:F209) -> 5.000947e+13 | G184: =SUM(G185:G209) -> 4.9099518e+13 | H184: =SUM(H185:H209) -> 4.9146911e+13 | I184: =SUM(I185:I209) -> 4.9146911e+13 | J184: =SUM(J185:J209) -> 4.8559233e+13 | ... BH184: =SUM(BH185:BH209) -> 4.4784094e+13
...

Sheet BIFUbC-electricity
A1: Unit: BTU | B1: 2020 | C1: 2021 | D1: 2022 | E1: 2023 | F1: 2024 | G1: 2025 | H1: 2026 | I1: 2027 | J1: 2028 | K1: 2029 | L1: 2030 | M1: 2031 | N1: 2032 | O1: 2033 | P1: 2034 | Q1: 2035 | R1: 2036 | S1: 2037 | T1: 2038 | U1: 2039 | V1: 2040 | W1: 2041 | X1: 2042 | Y1: 2043 | Z1: 2044 | AA1: 2045 | AB1: 2046 | AC1: 2047 | AD1: 2048 | AE1: 2049 | AF1: 2050 | AG1: 2051 | AH1: 2052 | AI1: 2053 | AJ1: 2054 | AK1: 2055 | AL1: 2056 | AM1: 2057 | AN1: 2058 | AO1: 2059 | AP1: 2060 | AQ1: 2061 | AR1: 2062 | AS1: 2063 | AT1: 2064 | AU1: 2065 | AV1: 2066 | AW1: 2067 | AX1: 2068 | AY1: 2069 | AZ1: 2070
A2: agriculture and forestry 01T03 | B2: ='Calculations BTU'!J3 -> 4.8568712e+13 | C2: ='Calculations BTU'!K3 -> 4.6824637e+13 | D2: ='Calculations BTU'!L3 -> 4.7602836e+13 | E2: ='Calculations BTU'!M3 -> 4.8878191e+13 | F2: ='Calculations BTU'!N3 -> 5.0153546e+13 | G2: ='Calculations BTU'!O3 -> 51428901244518 | H2: ='Calculations BTU'!P3 -> 5.2704256e+13 | I2: ='Calculations BTU'!Q3 -> 5.3979612e+13 | ... AZ2: ='Calculations BTU'!BH3 -> 8.3881502e+13
A3: coal mining 05 | B3: ='Calculations BTU'!J4 -> 6.7236955e+12 | C3: ='Calculations BTU'!K4 -> 6.5530795e+12 | D3: ='Calculations BTU'!L4 -> 7.0350699e+12 | E3: ='Calculations BTU'!M4 -> 7.3521315e+12 | F3: ='Calculations BTU'!N4 -> 7.669193e+12 | G3: ='Calculations BTU'!O4 -> 7.9848328e+12 | H3: ='Calculations BTU'!P4 -> 8.3018943e+12 | I3: ='Calculations BTU'!Q4 -> 8.6189559e+12 | ... AZ3: ='Calculations BTU'!BH4 -> 1.635213e+13
A4: oil and gas extraction 06 | B4: ='Calculations BTU'!J5 -> 0 | C4: ='Calculations BTU'!K5 -> 0 | D4: ='Calculations BTU'!L5 -> 0 | E4: ='Calculations BTU'!M5 -> 0 | F4: ='Calculations BTU'!N5 -> 0 | G4: ='Calculations BTU'!O5 -> 0 | H4: ='Calculations BTU'!P5 -> 0 | I4: ='Calculations BTU'!Q5 -> 0 | ... AZ4: ='Calculations BTU'!BH5 -> 0
A5: other mining and quarrying 07T08 | B5: ='Calculations BTU'!J6 -> 3.8100941e+13 | C5: ='Calculations BTU'!K6 -> 3.7134117e+13 | D5: ='Calculations BTU'!L6 -> 3.9865396e+13 | E5: ='Calculations BTU'!M6 -> 4.1662078e+13 | F5: ='Calculations BTU'!N6 -> 4.345876e+13 | G5: ='Calculations BTU'!O6 -> 4.5247386e+13 | H5: ='Calculations BTU'!P6 -> 4.7044068e+13 | I5: ='Calculations BTU'!Q6 -> 4.884075e+13 | ... AZ5: ='Calculations BTU'!BH6 -> 9.266207e+13
A6: food beverage and tobacco 10T12 | B6: ='Calculations BTU'!J7 -> 1.1725116e+13 | C6: ='Calculations BTU'!K7 -> 1.2151657e+13 | D6: ='Calculations BTU'!L7 -> 1.2663505e+13 | E6: ='Calculations BTU'!M7 -> 1.2947865e+13 | F6: ='Calculations BTU'!N7 -> 1.3251183e+13 | G6: ='Calculations BTU'!O7 -> 1.3535543e+13 | H6: ='Calculations BTU'!P7 -> 1.3819903e+13 | I6: ='Calculations BTU'!Q7 -> 1.412322e+13 | ... AZ6: ='Calculations BTU'!BH7 -> 2.0815162e+13
A7: textiles apparel and leather 13T15 | B7: ='Calculations BTU'!J8 -> 2.5497626e+12 | C7: ='Calculations BTU'!K8 -> 3.3933644e+12 | D7: ='Calculations BTU'!L8 -> 4.2654021e+11 | E7: ='Calculations BTU'!M8 -> 3.2701416e+12 | F7: ='Calculations BTU'!N8 -> 3.2735963e+12 | G7: ='Calculations BTU'!O8 -> 3.2769969e+12 | H7: ='Calculations BTU'!P8 -> 3.2805055e+12 | I7: ='Calculations BTU'!Q8 -> 3.2839602e+12 | ... AZ7: ='Calculations BTU'!BH8 -> 2.8689175e+12
A8: wood products 16 | B8: ='Calculations BTU'!J9 -> 0 | C8: ='Calculations BTU'!K9 -> 0 | D8: ='Calculations BTU'!L9 -> 0 | E8: ='Calculations BTU'!M9 -> 0 | F8: ='Calculations BTU'!N9 -> 0 | G8: ='Calculations BTU'!O9 -> 0 | H8: ='Calculations BTU'!P9 -> 0 | I8: ='Calculations BTU'!Q9 -> 0 | ... AZ8: ='Calculations BTU'!BH9 -> 0
A9: pulp paper and printing 17T18 | B9: ='Calculations BTU'!J10 -> 1.0995259e+13 | C9: ='Calculations BTU'!K10 -> 1.1611372e+13 | D9: ='Calculations BTU'!L10 -> 1.5962083e+13 | E9: ='Calculations BTU'!M10 -> 1.6890992e+13 | F9: ='Calculations BTU'!N10 -> 1.7810424e+13 | G9: ='Calculations BTU'!O10 -> 1.8739333e+13 | H9: ='Calculations BTU'!P10 -> 1.9658764e+13 | I9: ='Calculations BTU'!Q10 -> 2.0587674e+13 | ... AZ9: ='Calculations BTU'!BH10 -> 4.9355442e+13
A10: refined petroleum and coke 19 | B10: ='Calculations BTU'!J11 -> 0 | C10: ='Calculations BTU'!K11 -> 0 | D10: ='Calculations BTU'!L11 -> 0 | E10: ='Calculations BTU'!M11 -> 0 | F10: ='Calculations BTU'!N11 -> 0 | G10: ='Calculations BTU'!O11 -> 0 | H10: ='Calculations BTU'!P11 -> 0 | I10: ='Calculations BTU'!Q11 -> 0 | ... AZ10: ='Calculations BTU'!BH11 -> 0
A11: chemicals 20 | B11: ='Calculations BTU'!J12 -> 1.3222747e+13 | C11: ='Calculations BTU'!K12 -> 1.398104e+13 | D11: ='Calculations BTU'!L12 -> 1.0511847e+13 | E11: ='Calculations BTU'!M12 -> 1.2255922e+13 | F11: ='Calculations BTU'!N12 -> 1.4009476e+13 | G11: ='Calculations BTU'!O12 -> 1.5763031e+13 | H11: ='Calculations BTU'!P12 -> 1.7507106e+13 | I11: ='Calculations BTU'!Q12 -> 1.926066e+13 | ... AZ11: ='Calculations BTU'!BH12 -> 7.9127949e+13
A12: rubber and plastic products 22 | B12: ='Calculations BTU'!J13 -> 1.6398101e+12 | C12: ='Calculations BTU'!K13 -> 1.5639808e+12 | D12: ='Calculations BTU'!L13 -> 1.5829381e+12 | E12: ='Calculations BTU'!M13 -> 1.6113741e+12 | F12: ='Calculations BTU'!N13 -> 1.6398101e+12 | G12: ='Calculations BTU'!O13 -> 1.6682462e+12 | H12: ='Calculations BTU'!P13 -> 1.6966822e+12 | I12: ='Calculations BTU'!Q13 -> 1.7251182e+12 | ... AZ12: ='Calculations BTU'!BH13 -> 2.3791465e+12
A13: glass and glass products 231 | B13: ='Calculations BTU'!J14 -> 4.0568714e+12 | C13: ='Calculations BTU'!K14 -> 4.3222741e+12 | D13: ='Calculations BTU'!L14 -> 4.3222741e+12 | E13: ='Calculations BTU'!M14 -> 4.2938381e+12 | F13: ='Calculations BTU'!N14 -> 4.2748808e+12 | G13: ='Calculations BTU'!O14 -> 4.2559234e+12 | H13: ='Calculations BTU'!P14 -> 4.2369661e+12 | I13: ='Calculations BTU'!Q14 -> 4.2180088e+12 | ... AZ13: ='Calculations BTU'!BH14 -> 3.7345965e+12
... A26: construction 41T43 | B26: ='Calculations BTU'!J27 -> 1.990521e+12 | C26: ='Calculations BTU'!K27 -> 1.9431276e+12 | D26: ='Calculations BTU'!L27 -> 2.2748811e+12 | E26: ='Calculations BTU'!M27 -> 2.4928906e+12 | F26: ='Calculations BTU'!N27 -> 2.7014213e+12 | G26: ='Calculations BTU'!O27 -> 2.9194308e+12 | H26: ='Calculations BTU'!P27 -> 3.1374402e+12 | I26: ='Calculations BTU'!Q27 -> 3.3554497e+12 | ... AZ26: ='Calculations BTU'!BH27 -> 8.3317521e+12

Sheet BIFUbC-coal
A1: Unit: BTU | B1: 2020 | C1: 2021 | D1: 2022 | E1: 2023 | F1: 2024 | G1: 2025 | H1: 2026 | I1: 2027 | J1: 2028 | K1: 2029 | L1: 2030 | M1: 2031 | N1: 2032 | O1: 2033 | P1: 2034 | Q1: 2035 | R1: 2036 | S1: 2037 | T1: 2038 | U1: 2039 | V1: 2040 | W1: 2041 | X1: 2042 | Y1: 2043 | Z1: 2044 | AA1: 2045 | AB1: 2046 | AC1: 2047 | AD1: 2048 | AE1: 2049 | AF1: 2050 | AG1: 2051 | AH1: 2052 | AI1: 2053 | AJ1: 2054 | AK1: 2055 | AL1: 2056 | AM1: 2057 | AN1: 2058 | AO1: 2059 | AP1: 2060 | AQ1: 2061 | AR1: 2062 | AS1: 2063 | AT1: 2064 | AU1: 2065 | AV1: 2066 | AW1: 2067 | AX1: 2068 | AY1: 2069 | AZ1: 2070
A2: agriculture and forestry 01T03 | B2: ='Calculations BTU'!J29 -> 0 | C2: ='Calculations BTU'!K29 -> 0 | D2: ='Calculations BTU'!L29 -> 0 | E2: ='Calculations BTU'!M29 -> 0 | F2: ='Calculations BTU'!N29 -> 0 | G2: ='Calculations BTU'!O29 -> 0 | H2: ='Calculations BTU'!P29 -> 0 | I2: ='Calculations BTU'!Q29 -> 0 | ... AZ2: ='Calculations BTU'!BH29 -> 0
A3: coal mining 05 | B3: ='Calculations BTU'!J30 -> 0 | C3: ='Calculations BTU'!K30 -> 0 | D3: ='Calculations BTU'!L30 -> 0 | E3: ='Calculations BTU'!M30 -> 0 | F3: ='Calculations BTU'!N30 -> 0 | G3: ='Calculations BTU'!O30 -> 0 | H3: ='Calculations BTU'!P30 -> 0 | I3: ='Calculations BTU'!Q30 -> 0 | ... AZ3: ='Calculations BTU'!BH30 -> 0
A4: oil and gas extraction 06 | B4: ='Calculations BTU'!J31 -> 0 | C4: ='Calculations BTU'!K31 -> 0 | D4: ='Calculations BTU'!L31 -> 0 | E4: ='Calculations BTU'!M31 -> 0 | F4: ='Calculations BTU'!N31 -> 0 | G4: ='Calculations BTU'!O31 -> 0 | H4: ='Calculations BTU'!P31 -> 0 | I4: ='Calculations BTU'!Q31 -> 0 | ... AZ4: ='Calculations BTU'!BH31 -> 0
A5: other mining and quarrying 07T08 | B5: ='Calculations BTU'!J32 -> 0 | C5: ='Calculations BTU'!K32 -> 0 | D5: ='Calculations BTU'!L32 -> 0 | E5: ='Calculations BTU'!M32 -> 0 | F5: ='Calculations BTU'!N32 -> 0 | G5: ='Calculations BTU'!O32 -> 0 | H5: ='Calculations BTU'!P32 -> 0 | I5: ='Calculations BTU'!Q32 -> 0 | ... AZ5: ='Calculations BTU'!BH32 -> 0
A6: food beverage and tobacco 10T12 | B6: ='Calculations BTU'!J33 -> 0 | C6: ='Calculations BTU'!K33 -> 0 | D6: ='Calculations BTU'!L33 -> 0 | E6: ='Calculations BTU'!M33 -> 0 | F6: ='Calculations BTU'!N33 -> 0 | G6: ='Calculations BTU'!O33 -> 0 | H6: ='Calculations BTU'!P33 -> 0 | I6: ='Calculations BTU'!Q33 -> 0 | ... AZ6: ='Calculations BTU'!BH33 -> 0
A7: textiles apparel and leather 13T15 | B7: ='Calculations BTU'!J34 -> 0 | C7: ='Calculations BTU'!K34 -> 0 | D7: ='Calculations BTU'!L34 -> 0 | E7: ='Calculations BTU'!M34 -> 0 | F7: ='Calculations BTU'!N34 -> 0 | G7: ='Calculations BTU'!O34 -> 0 | H7: ='Calculations BTU'!P34 -> 0 | I7: ='Calculations BTU'!Q34 -> 0 | ... AZ7: ='Calculations BTU'!BH34 -> 0
A8: wood products 16 | B8: ='Calculations BTU'!J35 -> 0 | C8: ='Calculations BTU'!K35 -> 0 | D8: ='Calculations BTU'!L35 -> 0 | E8: ='Calculations BTU'!M35 -> 0 | F8: ='Calculations BTU'!N35 -> 0 | G8: ='Calculations BTU'!O35 -> 0 | H8: ='Calculations BTU'!P35 -> 0 | I8: ='Calculations BTU'!Q35 -> 0 | ... AZ8: ='Calculations BTU'!BH35 -> 0
A9: pulp paper and printing 17T18 | B9: ='Calculations BTU'!J36 -> 0 | C9: ='Calculations BTU'!K36 -> 0 | D9: ='Calculations BTU'!L36 -> 0 | E9: ='Calculations BTU'!M36 -> 0 | F9: ='Calculations BTU'!N36 -> 0 | G9: ='Calculations BTU'!O36 -> 0 | H9: ='Calculations BTU'!P36 -> 0 | I9: ='Calculations BTU'!Q36 -> 0 | ... AZ9: ='Calculations BTU'!BH36 -> 0
A10: refined petroleum and coke 19 | B10: ='Calculations BTU'!J37 -> 0 | C10: ='Calculations BTU'!K37 -> 0 | D10: ='Calculations BTU'!L37 -> 0 | E10: ='Calculations BTU'!M37 -> 0 | F10: ='Calculations BTU'!N37 -> 0 | G10: ='Calculations BTU'!O37 -> 0 | H10: ='Calculations BTU'!P37 -> 0 | I10: ='Calculations BTU'!Q37 -> 0 | ... AZ10: ='Calculations BTU'!BH37 -> 0
A11: chemicals 20 | B11: ='Calculations BTU'!J38 -> 0 | C11: ='Calculations BTU'!K38 -> 0 | D11: ='Calculations BTU'!L38 -> 0 | E11: ='Calculations BTU'!M38 -> 0 | F11: ='Calculations BTU'!N38 -> 0 | G11: ='Calculations BTU'!O38 -> 0 | H11: ='Calculations BTU'!P38 -> 0 | I11: ='Calculations BTU'!Q38 -> 0 | ... AZ11: ='Calculations BTU'!BH38 -> 0
A12: rubber and plastic products 22 | B12: ='Calculations BTU'!J39 -> 0 | C12: ='Calculations BTU'!K39 -> 0 | D12: ='Calculations BTU'!L39 -> 0 | E12: ='Calculations BTU'!M39 -> 0 | F12: ='Calculations BTU'!N39 -> 0 | G12: ='Calculations BTU'!O39 -> 0 | H12: ='Calculations BTU'!P39 -> 0 | I12: ='Calculations BTU'!Q39 -> 0 | ... AZ12: ='Calculations BTU'!BH39 -> 0
A13: glass and glass products 231 | B13: ='Calculations BTU'!J40 -> 0 | C13: ='Calculations BTU'!K40 -> 0 | D13: ='Calculations BTU'!L40 -> 0 | E13: ='Calculations BTU'!M40 -> 0 | F13: ='Calculations BTU'!N40 -> 0 | G13: ='Calculations BTU'!O40 -> 0 | H13: ='Calculations BTU'!P40 -> 0 | I13: ='Calculations BTU'!Q40 -> 0 | ... AZ13: ='Calculations BTU'!BH40 -> 0
... A26: construction 41T43 | B26: ='Calculations BTU'!J53 -> 0 | C26: ='Calculations BTU'!K53 -> 0 | D26: ='Calculations BTU'!L53 -> 0 | E26: ='Calculations BTU'!M53 -> 0 | F26: ='Calculations BTU'!N53 -> 0 | G26: ='Calculations BTU'!O53 -> 0 | H26: ='Calculations BTU'!P53 -> 0 | I26: ='Calculations BTU'!Q53 -> 0 | ... AZ26: ='Calculations BTU'!BH53 -> 0

Sheet BIFUbC-natural-gas
A1: Unit: BTU | B1: 2020 | C1: 2021 | D1: 2022 | E1: 2023 | F1: 2024 | G1: 2025 | H1: 2026 | I1: 2027 | J1: 2028 | K1: 2029 | L1: 2030 | M1: 2031 | N1: 2032 | O1: 2033 | P1: 2034 | Q1: 2035 | R1: 2036 | S1: 2037 | T1: 2038 | U1: 2039 | V1: 2040 | W1: 2041 | X1: 2042 | Y1: 2043 | Z1: 2044 | AA1: 2045 | AB1: 2046 | AC1: 2047 | AD1: 2048 | AE1: 2049 | AF1: 2050 | AG1: 2051 | AH1: 2052 | AI1: 2053 | AJ1: 2054 | AK1: 2055 | AL1: 2056 | AM1: 2057 | AN1: 2058 | AO1: 2059 | AP1: 2060 | AQ1: 2061 | AR1: 2062 | AS1: 2063 | AT1: 2064 | AU1: 2065 | AV1: 2066 | AW1: 2067 | AX1: 2068 | AY1: 2069 | AZ1: 2070
A2: agriculture and forestry 01T03 | B2: ='Calculations BTU'!J55 -> 2.0853077e+11 | C2: ='Calculations BTU'!K55 -> 3.2227483e+11 | D2: ='Calculations BTU'!L55 -> 3.2227483e+11 | E2: ='Calculations BTU'!M55 -> 3.1279616e+11 | F2: ='Calculations BTU'!N55 -> 2.9383881e+11 | G2: ='Calculations BTU'!O55 -> 2.8436014e+11 | H2: ='Calculations BTU'!P55 -> 2.7488147e+11 | I2: ='Calculations BTU'!Q55 -> 2.5592413e+11 | ... AZ2: ='Calculations BTU'!BH55 -> 2.1800944e+11
A3: coal mining 05 | B3: ='Calculations BTU'!J56 -> 1.5938386e+12 | C3: ='Calculations BTU'!K56 -> 2.1739333e+12 | D3: ='Calculations BTU'!L56 -> 2.2080565e+12 | E3: ='Calculations BTU'!M56 -> 2.2279617e+12 | F3: ='Calculations BTU'!N56 -> 2.2492887e+12 | G3: ='Calculations BTU'!O56 -> 2.2706157e+12 | H3: ='Calculations BTU'!P56 -> 2.2905209e+12 | I3: ='Calculations BTU'!Q56 -> 2.3118479e+12 | ... AZ3: ='Calculations BTU'!BH56 -> 2.3488148e+12
A4: oil and gas extraction 06 | B4: ='Calculations BTU'!J57 -> 0 | C4: ='Calculations BTU'!K57 -> 0 | D4: ='Calculations BTU'!L57 -> 0 | E4: ='Calculations BTU'!M57 -> 0 | F4: ='Calculations BTU'!N57 -> 0 | G4: ='Calculations BTU'!O57 -> 0 | H4: ='Calculations BTU'!P57 -> 0 | I4: ='Calculations BTU'!Q57 -> 0 | ... AZ4: ='Calculations BTU'!BH57 -> 0
A5: other mining and quarrying 07T08 | B5: ='Calculations BTU'!J58 -> 9.031752e+12 | C5: ='Calculations BTU'!K58 -> 1.2318955e+13 | D5: ='Calculations BTU'!L58 -> 1.251232e+13 | E5: ='Calculations BTU'!M58 -> 1.2625116e+13 | F5: ='Calculations BTU'!N58 -> 1.2745969e+13 | G5: ='Calculations BTU'!O58 -> 1.2866822e+13 | H5: ='Calculations BTU'!P58 -> 1.2979619e+13 | I5: ='Calculations BTU'!Q58 -> 1.3100472e+13 | ... AZ5: ='Calculations BTU'!BH58 -> 1.330995e+13
A6: food beverage and tobacco 10T12 | B6: ='Calculations BTU'!J59 -> 2.0322271e+13 | C6: ='Calculations BTU'!K59 -> 2.1857816e+13 | D6: ='Calculations BTU'!L59 -> 2.2985778e+13 | E6: ='Calculations BTU'!M59 -> 2.3952603e+13 | F6: ='Calculations BTU'!N59 -> 2.4919427e+13 | G6: ='Calculations BTU'!O59 -> 2.5886252e+13 | H6: ='Calculations BTU'!P59 -> 2.6853076e+13 | I6: ='Calculations BTU'!Q59 -> 2.7810422e+13 | ... AZ6: ='Calculations BTU'!BH59 -> 5.0028428e+13
A7: textiles apparel and leather 13T15 | B7: ='Calculations BTU'!J60 -> 5.7535535e+12 | C7: ='Calculations BTU'!K60 -> 7.6587665e+12 | D7: ='Calculations BTU'!L60 -> 7.6872025e+12 | E7: ='Calculations BTU'!M60 -> 7.3933637e+12 | F7: ='Calculations BTU'!N60 -> 7.4011742e+12 | G7: ='Calculations BTU'!O60 -> 7.4088626e+12 | H7: ='Calculations BTU'!P60 -> 7.4167952e+12 | I7: ='Calculations BTU'!Q60 -> 7.4246056e+12 | ... AZ7: ='Calculations BTU'!BH60 -> 6.4862482e+12
A8: wood products 16 | B8: ='Calculations BTU'!J61 -> 0 | C8: ='Calculations BTU'!K61 -> 0 | D8: ='Calculations BTU'!L61 -> 0 | E8: ='Calculations BTU'!M61 -> 0 | F8: ='Calculations BTU'!N61 -> 0 | G8: ='Calculations BTU'!O61 -> 0 | H8: ='Calculations BTU'!P61 -> 0 | I8: ='Calculations BTU'!Q61 -> 0 | ... AZ8: ='Calculations BTU'!BH61 -> 0
A9: pulp paper and printing 17T18 | B9: ='Calculations BTU'!J62 -> 2.9924166e+13 | C9: ='Calculations BTU'!K62 -> 3.667298e+13 | D9: ='Calculations BTU'!L62 -> 3.72417e+13 | E9: ='Calculations BTU'!M62 -> 3.7592411e+13 | F9: ='Calculations BTU'!N62 -> 3.7943122e+13 | G9: ='Calculations BTU'!O62 -> 3.8303311e+13 | H9: ='Calculations BTU'!P62 -> 3.8654022e+13 | I9: ='Calculations BTU'!Q62 -> 39004732732100 | ... AZ9: ='Calculations BTU'!BH62 -> 3.9611368e+13
A10: refined petroleum and coke 19 | B10: ='Calculations BTU'!J63 -> 1.9056869e+13 | C10: ='Calculations BTU'!K63 -> 6.6412311e+13 | D10: ='Calculations BTU'!L63 -> 5.8535357e+13 | E10: ='Calculations BTU'!M63 -> 5.906945e+13 | F10: ='Calculations BTU'!N63 -> 6.0818255e+13 | G10: ='Calculations BTU'!O63 -> 6.2308575e+13 | H10: ='Calculations BTU'!P63 -> 6.5371032e+13 | I10: ='Calculations BTU'!Q63 -> 7.0102799e+13 | ... AZ10: ='Calculations BTU'!BH63 -> 4.0572132e+13
A11: chemicals 20 | B11: ='Calculations BTU'!J64 -> 7.4540272e+13 | C11: ='Calculations BTU'!K64 -> 9.5999984e+13 | D11: ='Calculations BTU'!L64 -> 9.7488135e+13 | E11: ='Calculations BTU'!M64 -> 9.8407566e+13 | F11: ='Calculations BTU'!N64 -> 9.9336476e+13 | G11: ='Calculations BTU'!O64 -> 1.0025591e+14 | H11: ='Calculations BTU'!P64 -> 1.0117534e+14 | I11: ='Calculations BTU'!Q64 -> 1.0210425e+14 | ... AZ11: ='Calculations BTU'!BH64 -> 1.0369666e+14
A12: rubber and plastic products 22 | B12: ='Calculations BTU'!J65 -> 5.1658759e+12 | C12: ='Calculations BTU'!K65 -> 7.9715626e+12 | D12: ='Calculations BTU'!L65 -> 8.0947854e+12 | E12: ='Calculations BTU'!M65 -> 8.2369654e+12 | F12: ='Calculations BTU'!N65 -> 8.3791455e+12 | G12: ='Calculations BTU'!O65 -> 8.5213256e+12 | H12: ='Calculations BTU'!P65 -> 8.6729843e+12 | I12: ='Calculations BTU'!Q65 -> 8.8151644e+12 | ... AZ12: ='Calculations BTU'!BH65 -> 1.2132699e+13
A13: glass and glass products 231 | B13: ='Calculations BTU'!J66 -> 3.8663501e+13 | C13: ='Calculations BTU'!K66 -> 5.015165e+13 | D13: ='Calculations BTU'!L66 -> 5.0104257e+13 | E13: ='Calculations BTU'!M66 -> 4.9857811e+13 | F13: ='Calculations BTU'!N66 -> 4.9620845e+13 | G13: ='Calculations BTU'!O66 -> 4.9383878e+13 | H13: ='Calculations BTU'!P66 -> 4.9137432e+13 | I13: ='Calculations BTU'!Q66 -> 4.8900466e+13 | ... AZ13: ='Calculations BTU'!BH66 -> 4.33744e+13
... A26: construction 41T43 | B26: ='Calculations BTU'!J79 -> 0 | C26: ='Calculations BTU'!K79 -> 0 | D26: ='Calculations BTU'!L79 -> 0 | E26: ='Calculations BTU'!M79 -> 0 | F26: ='Calculations BTU'!N79 -> 0 | G26: ='Calculations BTU'!O79 -> 0 | H26: ='Calculations BTU'!P79 -> 0 | I26: ='Calculations BTU'!Q79 -> 0 | ... AZ26: ='Calculations BTU'!BH79 -> 0

Sheet BIFUbC-petroleum-diesel
A1: Unit: BTU | B1: 2020 | C1: 2021 | D1: 2022 | E1: 2023 | F1: 2024 | G1: 2025 | H1: 2026 | I1: 2027 | J1: 2028 | K1: 2029 | L1: 2030 | M1: 2031 | N1: 2032 | O1: 2033 | P1: 2034 | Q1: 2035 | R1: 2036 | S1: 2037 | T1: 2038 | U1: 2039 | V1: 2040 | W1: 2041 | X1: 2042 | Y1: 2043 | Z1: 2044 | AA1: 2045 | AB1: 2046 | AC1: 2047 | AD1: 2048 | AE1: 2049 | AF1: 2050 | AG1: 2051 | AH1: 2052 | AI1: 2053 | AJ1: 2054 | AK1: 2055 | AL1: 2056 | AM1: 2057 | AN1: 2058 | AO1: 2059 | AP1: 2060 | AQ1: 2061 | AR1: 2062 | AS1: 2063 | AT1: 2064 | AU1: 2065 | AV1: 2066 | AW1: 2067 | AX1: 2068 | AY1: 2069 | AZ1: 2070
A2: agriculture and forestry 01T03 | B2: ='Calculations BTU'!J81 -> 1.2085306e+14 | C2: ='Calculations BTU'!K81 -> 1.1931752e+14 | D2: ='Calculations BTU'!L81 -> 1.2171088e+14 | E2: ='Calculations BTU'!M81 -> 1.2371135e+14 | F2: ='Calculations BTU'!N81 -> 1.2572131e+14 | G2: ='Calculations BTU'!O81 -> 1.2772178e+14 | H2: ='Calculations BTU'!P81 -> 1.2973173e+14 | I2: ='Calculations BTU'!Q81 -> 1.3173221e+14 | ... AZ2: ='Calculations BTU'!BH81 -> 1.7795163e+14
A3: coal mining 05 | B3: ='Calculations BTU'!J82 -> 4.6350703e+11 | C3: ='Calculations BTU'!K82 -> 4.4075822e+11 | D3: ='Calculations BTU'!L82 -> 4.4218002e+11 | E3: ='Calculations BTU'!M82 -> 4.4075822e+11 | F3: ='Calculations BTU'!N82 -> 4.3933642e+11 | G3: ='Calculations BTU'!O82 -> 4.3791462e+11 | H3: ='Calculations BTU'!P82 -> 4.3649282e+11 | I3: ='Calculations BTU'!Q82 -> 4.3507102e+11 | ... AZ3: ='Calculations BTU'!BH82 -> 4.06635e+11
A4: oil and gas extraction 06 | B4: ='Calculations BTU'!J83 -> 0 | C4: ='Calculations BTU'!K83 -> 0 | D4: ='Calculations BTU'!L83 -> 0 | E4: ='Calculations BTU'!M83 -> 0 | F4: ='Calculations BTU'!N83 -> 0 | G4: ='Calculations BTU'!O83 -> 0 | H4: ='Calculations BTU'!P83 -> 0 | I4: ='Calculations BTU'!Q83 -> 0 | ... AZ4: ='Calculations BTU'!BH83 -> 0
A5: other mining and quarrying 07T08 | B5: ='Calculations BTU'!J84 -> 2.6265398e+12 | C5: ='Calculations BTU'!K84 -> 2.4976299e+12 | D5: ='Calculations BTU'!L84 -> 2.5056868e+12 | E5: ='Calculations BTU'!M84 -> 2.4976299e+12 | F5: ='Calculations BTU'!N84 -> 2.489573e+12 | G5: ='Calculations BTU'!O84 -> 2.4815162e+12 | H5: ='Calculations BTU'!P84 -> 2.4734593e+12 | I5: ='Calculations BTU'!Q84 -> 2.4654024e+12 | ... AZ5: ='Calculations BTU'!BH84 -> 2.304265e+12
A6: food beverage and tobacco 10T12 | B6: ='Calculations BTU'!J85 -> 3.3270137e+12 | C6: ='Calculations BTU'!K85 -> 3.3933644e+12 | D6: ='Calculations BTU'!L85 -> 3.402843e+12 | E6: ='Calculations BTU'!M85 -> 3.3933644e+12 | F6: ='Calculations BTU'!N85 -> 3.3838857e+12 | G6: ='Calculations BTU'!O85 -> 3.374407e+12 | H6: ='Calculations BTU'!P85 -> 3.3649283e+12 | I6: ='Calculations BTU'!Q85 -> 3.3554497e+12 | ... AZ6: ='Calculations BTU'!BH85 -> 3.1279616e+12
A7: textiles apparel and leather 13T15 | B7: ='Calculations BTU'!J86 -> 5.1184825e+11 | C7: ='Calculations BTU'!K86 -> 6.8246434e+11 | D7: ='Calculations BTU'!L86 -> 6.8246434e+11 | E7: ='Calculations BTU'!M86 -> 6.1611364e+11 | F7: ='Calculations BTU'!N86 -> 6.1676451e+11 | G7: ='Calculations BTU'!O86 -> 6.1740522e+11 | H7: ='Calculations BTU'!P86 -> 6.1806626e+11 | I7: ='Calculations BTU'!Q86 -> 6.1871714e+11 | ... AZ7: ='Calculations BTU'!BH86 -> 5.4052068e+11
A8: wood products 16 | B8: ='Calculations BTU'!J87 -> 0 | C8: ='Calculations BTU'!K87 -> 0 | D8: ='Calculations BTU'!L87 -> 0 | E8: ='Calculations BTU'!M87 -> 0 | F8: ='Calculations BTU'!N87 -> 0 | G8: ='Calculations BTU'!O87 -> 0 | H8: ='Calculations BTU'!P87 -> 0 | I8: ='Calculations BTU'!Q87 -> 0 | ... AZ8: ='Calculations BTU'!BH87 -> 0
A9: pulp paper and printing 17T18 | B9: ='Calculations BTU'!J88 -> 1.2890993e+12 | C9: ='Calculations BTU'!K88 -> 1.2037913e+12 | D9: ='Calculations BTU'!L88 -> 1.2037913e+12 | E9: ='Calculations BTU'!M88 -> 1.2037913e+12 | F9: ='Calculations BTU'!N88 -> 1.2037913e+12 | G9: ='Calculations BTU'!O88 -> 1.1943126e+12 | H9: ='Calculations BTU'!P88 -> 1.1943126e+12 | I9: ='Calculations BTU'!Q88 -> 1.1848339e+12 | ... AZ9: ='Calculations BTU'!BH88 -> 1.1090046e+12
A10: refined petroleum and coke 19 | B10: ='Calculations BTU'!J89 -> 0 | C10: ='Calculations BTU'!K89 -> 0 | D10: ='Calculations BTU'!L89 -> 0 | E10: ='Calculations BTU'!M89 -> 0 | F10: ='Calculations BTU'!N89 -> 0 | G10: ='Calculations BTU'!O89 -> 0 | H10: ='Calculations BTU'!P89 -> 0 | I10: ='Calculations BTU'!Q89 -> 0 | ... AZ10: ='Calculations BTU'!BH89 -> 0
A11: chemicals 20 | B11: ='Calculations BTU'!J90 -> 2.8530801e+12 | C11: ='Calculations BTU'!K90 -> 2.8151654e+12 | D11: ='Calculations BTU'!L90 -> 2.8246441e+12 | E11: ='Calculations BTU'!M90 -> 2.8151654e+12 | F11: ='Calculations BTU'!N90 -> 2.8056867e+12 | G11: ='Calculations BTU'!O90 -> 2.7962081e+12 | H11: ='Calculations BTU'!P90 -> 2.7867294e+12 | I11: ='Calculations BTU'!Q90 -> 2.7772507e+12 | ... AZ11: ='Calculations BTU'!BH90 -> 2.597156e+12
A12: rubber and plastic products 22 | B12: ='Calculations BTU'!J91 -> 1.9052129e+12 | C12: ='Calculations BTU'!K91 -> 1.6587675e+12 | D12: ='Calculations BTU'!L91 -> 1.6872035e+12 | E12: ='Calculations BTU'!M91 -> 1.7156395e+12 | F12: ='Calculations BTU'!N91 -> 1.7440755e+12 | G12: ='Calculations BTU'!O91 -> 1.7725115e+12 | H12: ='Calculations BTU'!P91 -> 1.8009476e+12 | I12: ='Calculations BTU'!Q91 -> 1.8293836e+12 | ... AZ12: ='Calculations BTU'!BH91 -> 2.5213266e+12
A13: glass and glass products 231 | B13: ='Calculations BTU'!J92 -> 1.5165874e+11 | C13: ='Calculations BTU'!K92 -> 1.327014e+11 | D13: ='Calculations BTU'!L92 -> 1.327014e+11 | E13: ='Calculations BTU'!M92 -> 1.327014e+11 | F13: ='Calculations BTU'!N92 -> 1.327014e+11 | G13: ='Calculations BTU'!O92 -> 1.327014e+11 | H13: ='Calculations BTU'!P92 -> 1.327014e+11 | I13: ='Calculations BTU'!Q92 -> 1.327014e+11 | ... AZ13: ='Calculations BTU'!BH92 -> 1.2322273e+11
... A26: construction 41T43 | B26: ='Calculations BTU'!J105 -> 1.055924e+13 | C26: ='Calculations BTU'!K105 -> 1.1677723e+13 | D26: ='Calculations BTU'!L105 -> 1.1706159e+13 | E26: ='Calculations BTU'!M105 -> 1.1668244e+13 | F26: ='Calculations BTU'!N105 -> 1.1639808e+13 | G26: ='Calculations BTU'!O105 -> 1.1601894e+13 | H26: ='Calculations BTU'!P105 -> 1.1573458e+13 | I26: ='Calculations BTU'!Q105 -> 1.1535543e+13 | ... AZ26: ='Calculations BTU'!BH105 -> 1.0767771e+13

Sheet BIFUbC-heat
A1: Unit: BTU | B1: 2020 | C1: 2021 | D1: 2022 | E1: 2023 | F1: 2024 | G1: 2025 | H1: 2026 | I1: 2027 | J1: 2028 | K1: 2029 | L1: 2030 | M1: 2031 | N1: 2032 | O1: 2033 | P1: 2034 | Q1: 2035 | R1: 2036 | S1: 2037 | T1: 2038 | U1: 2039 | V1: 2040 | W1: 2041 | X1: 2042 | Y1: 2043 | Z1: 2044 | AA1: 2045 | AB1: 2046 | AC1: 2047 | AD1: 2048 | AE1: 2049 | AF1: 2050 | AG1: 2051 | AH1: 2052 | AI1: 2053 | AJ1: 2054 | AK1: 2055 | AL1: 2056 | AM1: 2057 | AN1: 2058 | AO1: 2059 | AP1: 2060 | AQ1: 2061 | AR1: 2062 | AS1: 2063 | AT1: 2064 | AU1: 2065 | AV1: 2066 | AW1: 2067 | AX1: 2068 | AY1: 2069 | AZ1: 2070
A2: agriculture and forestry 01T03 | B2: ='Calculations BTU'!J107 -> 0 | C2: ='Calculations BTU'!K107 -> 0 | D2: ='Calculations BTU'!L107 -> 0 | E2: ='Calculations BTU'!M107 -> 0 | F2: ='Calculations BTU'!N107 -> 0 | G2: ='Calculations BTU'!O107 -> 0 | H2: ='Calculations BTU'!P107 -> 0 | I2: ='Calculations BTU'!Q107 -> 0 | ... AZ2: ='Calculations BTU'!BH107 -> 0
A3: coal mining 05 | B3: ='Calculations BTU'!J108 -> 0 | C3: ='Calculations BTU'!K108 -> 0 | D3: ='Calculations BTU'!L108 -> 0 | E3: ='Calculations BTU'!M108 -> 0 | F3: ='Calculations BTU'!N108 -> 0 | G3: ='Calculations BTU'!O108 -> 0 | H3: ='Calculations BTU'!P108 -> 0 | I3: ='Calculations BTU'!Q108 -> 0 | ... AZ3: ='Calculations BTU'!BH108 -> 0
A4: oil and gas extraction 06 | B4: ='Calculations BTU'!J109 -> 0 | C4: ='Calculations BTU'!K109 -> 0 | D4: ='Calculations BTU'!L109 -> 0 | E4: ='Calculations BTU'!M109 -> 0 | F4: ='Calculations BTU'!N109 -> 0 | G4: ='Calculations BTU'!O109 -> 0 | H4: ='Calculations BTU'!P109 -> 0 | I4: ='Calculations BTU'!Q109 -> 0 | ... AZ4: ='Calculations BTU'!BH109 -> 0
A5: other mining and quarrying 07T08 | B5: ='Calculations BTU'!J110 -> 0 | C5: ='Calculations BTU'!K110 -> 0 | D5: ='Calculations BTU'!L110 -> 0 | E5: ='Calculations BTU'!M110 -> 0 | F5: ='Calculations BTU'!N110 -> 0 | G5: ='Calculations BTU'!O110 -> 0 | H5: ='Calculations BTU'!P110 -> 0 | I5: ='Calculations BTU'!Q110 -> 0 | ... AZ5: ='Calculations BTU'!BH110 -> 0
A6: food beverage and tobacco 10T12 | B6: ='Calculations BTU'!J111 -> 0 | C6: ='Calculations BTU'!K111 -> 0 | D6: ='Calculations BTU'!L111 -> 0 | E6: ='Calculations BTU'!M111 -> 0 | F6: ='Calculations BTU'!N111 -> 0 | G6: ='Calculations BTU'!O111 -> 0 | H6: ='Calculations BTU'!P111 -> 0 | I6: ='Calculations BTU'!Q111 -> 0 | ... AZ6: ='Calculations BTU'!BH111 -> 0
A7: textiles apparel and leather 13T15 | B7: ='Calculations BTU'!J112 -> 0 | C7: ='Calculations BTU'!K112 -> 0 | D7: ='Calculations BTU'!L112 -> 0 | E7: ='Calculations BTU'!M112 -> 0 | F7: ='Calculations BTU'!N112 -> 0 | G7: ='Calculations BTU'!O112 -> 0 | H7: ='Calculations BTU'!P112 -> 0 | I7: ='Calculations BTU'!Q112 -> 0 | ... AZ7: ='Calculations BTU'!BH112 -> 0
A8: wood products 16 | B8: ='Calculations BTU'!J113 -> 0 | C8: ='Calculations BTU'!K113 -> 0 | D8: ='Calculations BTU'!L113 -> 0 | E8: ='Calculations BTU'!M113 -> 0 | F8: ='Calculations BTU'!N113 -> 0 | G8: ='Calculations BTU'!O113 -> 0 | H8: ='Calculations BTU'!P113 -> 0 | I8: ='Calculations BTU'!Q113 -> 0 | ... AZ8: ='Calculations BTU'!BH113 -> 0
A9: pulp paper and printing 17T18 | B9: ='Calculations BTU'!J114 -> 0 | C9: ='Calculations BTU'!K114 -> 0 | D9: ='Calculations BTU'!L114 -> 0 | E9: ='Calculations BTU'!M114 -> 0 | F9: ='Calculations BTU'!N114 -> 0 | G9: ='Calculations BTU'!O114 -> 0 | H9: ='Calculations BTU'!P114 -> 0 | I9: ='Calculations BTU'!Q114 -> 0 | ... AZ9: ='Calculations BTU'!BH114 -> 0
A10: refined petroleum and coke 19 | B10: ='Calculations BTU'!J115 -> 0 | C10: ='Calculations BTU'!K115 -> 0 | D10: ='Calculations BTU'!L115 -> 0 | E10: ='Calculations BTU'!M115 -> 0 | F10: ='Calculations BTU'!N115 -> 0 | G10: ='Calculations BTU'!O115 -> 0 | H10: ='Calculations BTU'!P115 -> 0 | I10: ='Calculations BTU'!Q115 -> 0 | ... AZ10: ='Calculations BTU'!BH115 -> 0
A11: chemicals 20 | B11: ='Calculations BTU'!J116 -> 0 | C11: ='Calculations BTU'!K116 -> 0 | D11: ='Calculations BTU'!L116 -> 0 | E11: ='Calculations BTU'!M116 -> 0 | F11: ='Calculations BTU'!N116 -> 0 | G11: ='Calculations BTU'!O116 -> 0 | H11: ='Calculations BTU'!P116 -> 0 | I11: ='Calculations BTU'!Q116 -> 0 | ... AZ11: ='Calculations BTU'!BH116 -> 0
A12: rubber and plastic products 22 | B12: ='Calculations BTU'!J117 -> 0 | C12: ='Calculations BTU'!K117 -> 0 | D12: ='Calculations BTU'!L117 -> 0 | E12: ='Calculations BTU'!M117 -> 0 | F12: ='Calculations BTU'!N117 -> 0 | G12: ='Calculations BTU'!O117 -> 0 | H12: ='Calculations BTU'!P117 -> 0 | I12: ='Calculations BTU'!Q117 -> 0 | ... AZ12: ='Calculations BTU'!BH117 -> 0
A13: glass and glass products 231 | B13: ='Calculations BTU'!J118 -> 0 | C13: ='Calculations BTU'!K118 -> 0 | D13: ='Calculations BTU'!L118 -> 0 | E13: ='Calculations BTU'!M118 -> 0 | F13: ='Calculations BTU'!N118 -> 0 | G13: ='Calculations BTU'!O118 -> 0 | H13: ='Calculations BTU'!P118 -> 0 | I13: ='Calculations BTU'!Q118 -> 0 | ... AZ13: ='Calculations BTU'!BH118 -> 0
... A26: construction 41T43 | B26: ='Calculations BTU'!J131 -> 0 | C26: ='Calculations BTU'!K131 -> 0 | D26: ='Calculations BTU'!L131 -> 0 | E26: ='Calculations BTU'!M131 -> 0 | F26: ='Calculations BTU'!N131 -> 0 | G26: ='Calculations BTU'!O131 -> 0 | H26: ='Calculations BTU'!P131 -> 0 | I26: ='Calculations BTU'!Q131 -> 0 | ... AZ26: ='Calculations BTU'!BH131 -> 0

Sheet BIFUbC-biomass
A1: Unit: BTU | B1: 2020 | C1: 2021 | D1: 2022 | E1: 2023 | F1: 2024 | G1: 2025 | H1: 2026 | I1: 2027 | J1: 2028 | K1: 2029 | L1: 2030 | M1: 2031 | N1: 2032 | O1: 2033 | P1: 2034 | Q1: 2035 | R1: 2036 | S1: 2037 | T1: 2038 | U1: 2039 | V1: 2040 | W1: 2041 | X1: 2042 | Y1: 2043 | Z1: 2044 | AA1: 2045 | AB1: 2046 | AC1: 2047 | AD1: 2048 | AE1: 2049 | AF1: 2050 | AG1: 2051 | AH1: 2052 | AI1: 2053 | AJ1: 2054 | AK1: 2055 | AL1: 2056 | AM1: 2057 | AN1: 2058 | AO1: 2059 | AP1: 2060 | AQ1: 2061 | AR1: 2062 | AS1: 2063 | AT1: 2064 | AU1: 2065 | AV1: 2066 | AW1: 2067 | AX1: 2068 | AY1: 2069 | AZ1: 2070
A2: agriculture and forestry 01T03 | B2: ='Calculations BTU'!J133 -> 0 | C2: ='Calculations BTU'!K133 -> 0 | D2: ='Calculations BTU'!L133 -> 0 | E2: ='Calculations BTU'!M133 -> 0 | F2: ='Calculations BTU'!N133 -> 0 | G2: ='Calculations BTU'!O133 -> 0 | H2: ='Calculations BTU'!P133 -> 0 | I2: ='Calculations BTU'!Q133 -> 0 | ... AZ2: ='Calculations BTU'!BH133 -> 0
A3: coal mining 05 | B3: ='Calculations BTU'!J134 -> 0 | C3: ='Calculations BTU'!K134 -> 0 | D3: ='Calculations BTU'!L134 -> 0 | E3: ='Calculations BTU'!M134 -> 0 | F3: ='Calculations BTU'!N134 -> 0 | G3: ='Calculations BTU'!O134 -> 0 | H3: ='Calculations BTU'!P134 -> 0 | I3: ='Calculations BTU'!Q134 -> 0 | ... AZ3: ='Calculations BTU'!BH134 -> 0
A4: oil and gas extraction 06 | B4: ='Calculations BTU'!J135 -> 0 | C4: ='Calculations BTU'!K135 -> 0 | D4: ='Calculations BTU'!L135 -> 0 | E4: ='Calculations BTU'!M135 -> 0 | F4: ='Calculations BTU'!N135 -> 0 | G4: ='Calculations BTU'!O135 -> 0 | H4: ='Calculations BTU'!P135 -> 0 | I4: ='Calculations BTU'!Q135 -> 0 | ... AZ4: ='Calculations BTU'!BH135 -> 0
A5: other mining and quarrying 07T08 | B5: ='Calculations BTU'!J136 -> 0 | C5: ='Calculations BTU'!K136 -> 0 | D5: ='Calculations BTU'!L136 -> 0 | E5: ='Calculations BTU'!M136 -> 0 | F5: ='Calculations BTU'!N136 -> 0 | G5: ='Calculations BTU'!O136 -> 0 | H5: ='Calculations BTU'!P136 -> 0 | I5: ='Calculations BTU'!Q136 -> 0 | ... AZ5: ='Calculations BTU'!BH136 -> 0
A6: food beverage and tobacco 10T12 | B6: ='Calculations BTU'!J137 -> 5.957345e+13 | C6: ='Calculations BTU'!K137 -> 6.9165865e+13 | D6: ='Calculations BTU'!L137 -> 6.8729846e+13 | E6: ='Calculations BTU'!M137 -> 6.7905202e+13 | F6: ='Calculations BTU'!N137 -> 6.7090036e+13 | G6: ='Calculations BTU'!O137 -> 6.6265392e+13 | H6: ='Calculations BTU'!P137 -> 6.5450226e+13 | I6: ='Calculations BTU'!Q137 -> 6.463506e+13 | ... AZ6: ='Calculations BTU'!BH137 -> 4.5781983e+13
A7: textiles apparel and leather 13T15 | B7: ='Calculations BTU'!J138 -> 0 | C7: ='Calculations BTU'!K138 -> 0 | D7: ='Calculations BTU'!L138 -> 0 | E7: ='Calculations BTU'!M138 -> 0 | F7: ='Calculations BTU'!N138 -> 0 | G7: ='Calculations BTU'!O138 -> 0 | H7: ='Calculations BTU'!P138 -> 0 | I7: ='Calculations BTU'!Q138 -> 0 | ... AZ7: ='Calculations BTU'!BH138 -> 0
A8: wood products 16 | B8: ='Calculations BTU'!J139 -> 0 | C8: ='Calculations BTU'!K139 -> 0 | D8: ='Calculations BTU'!L139 -> 0 | E8: ='Calculations BTU'!M139 -> 0 | F8: ='Calculations BTU'!N139 -> 0 | G8: ='Calculations BTU'!O139 -> 0 | H8: ='Calculations BTU'!P139 -> 0 | I8: ='Calculations BTU'!Q139 -> 0 | ... AZ8: ='Calculations BTU'!BH139 -> 0
A9: pulp paper and printing 17T18 | B9: ='Calculations BTU'!J140 -> 0 | C9: ='Calculations BTU'!K140 -> 0 | D9: ='Calculations BTU'!L140 -> 0 | E9: ='Calculations BTU'!M140 -> 0 | F9: ='Calculations BTU'!N140 -> 0 | G9: ='Calculations BTU'!O140 -> 0 | H9: ='Calculations BTU'!P140 -> 0 | I9: ='Calculations BTU'!Q140 -> 0 | ... AZ9: ='Calculations BTU'!BH140 -> 0
A10: refined petroleum and coke 19 | B10: ='Calculations BTU'!J141 -> 0 | C10: ='Calculations BTU'!K141 -> 0 | D10: ='Calculations BTU'!L141 -> 0 | E10: ='Calculations BTU'!M141 -> 0 | F10: ='Calculations BTU'!N141 -> 0 | G10: ='Calculations BTU'!O141 -> 0 | H10: ='Calculations BTU'!P141 -> 0 | I10: ='Calculations BTU'!Q141 -> 0 | ... AZ10: ='Calculations BTU'!BH141 -> 0
A11: chemicals 20 | B11: ='Calculations BTU'!J142 -> 0 | C11: ='Calculations BTU'!K142 -> 0 | D11: ='Calculations BTU'!L142 -> 0 | E11: ='Calculations BTU'!M142 -> 0 | F11: ='Calculations BTU'!N142 -> 0 | G11: ='Calculations BTU'!O142 -> 0 | H11: ='Calculations BTU'!P142 -> 0 | I11: ='Calculations BTU'!Q142 -> 0 | ... AZ11: ='Calculations BTU'!BH142 -> 0
A12: rubber and plastic products 22 | B12: ='Calculations BTU'!J143 -> 0 | C12: ='Calculations BTU'!K143 -> 0 | D12: ='Calculations BTU'!L143 -> 0 | E12: ='Calculations BTU'!M143 -> 0 | F12: ='Calculations BTU'!N143 -> 0 | G12: ='Calculations BTU'!O143 -> 0 | H12: ='Calculations BTU'!P143 -> 0 | I12: ='Calculations BTU'!Q143 -> 0 | ... AZ12: ='Calculations BTU'!BH143 -> 0
A13: glass and glass products 231 | B13: ='Calculations BTU'!J144 -> 0 | C13: ='Calculations BTU'!K144 -> 0 | D13: ='Calculations BTU'!L144 -> 0 | E13: ='Calculations BTU'!M144 -> 0 | F13: ='Calculations BTU'!N144 -> 0 | G13: ='Calculations BTU'!O144 -> 0 | H13: ='Calculations BTU'!P144 -> 0 | I13: ='Calculations BTU'!Q144 -> 0 | ... AZ13: ='Calculations BTU'!BH144 -> 0
... A26: construction 41T43 | B26: ='Calculations BTU'!J157 -> 0 | C26: ='Calculations BTU'!K157 -> 0 | D26: ='Calculations BTU'!L157 -> 0 | E26: ='Calculations BTU'!M157 -> 0 | F26: ='Calculations BTU'!N157 -> 0 | G26: ='Calculations BTU'!O157 -> 0 | H26: ='Calculations BTU'!P157 -> 0 | I26: ='Calculations BTU'!Q157 -> 0 | ... AZ26: ='Calculations BTU'!BH157 -> 0

Sheet BIFUbC-crude-oil
A1: Unit: BTU | B1: 2020 | C1: 2021 | D1: 2022 | E1: 2023 | F1: 2024 | G1: 2025 | H1: 2026 | I1: 2027 | J1: 2028 | K1: 2029 | L1: 2030 | M1: 2031 | N1: 2032 | O1: 2033 | P1: 2034 | Q1: 2035 | R1: 2036 | S1: 2037 | T1: 2038 | U1: 2039 | V1: 2040 | W1: 2041 | X1: 2042 | Y1: 2043 | Z1: 2044 | AA1: 2045 | AB1: 2046 | AC1: 2047 | AD1: 2048 | AE1: 2049 | AF1: 2050 | AG1: 2051 | AH1: 2052 | AI1: 2053 | AJ1: 2054 | AK1: 2055 | AL1: 2056 | AM1: 2057 | AN1: 2058 | AO1: 2059 | AP1: 2060 | AQ1: 2061 | AR1: 2062 | AS1: 2063 | AT1: 2064 | AU1: 2065 | AV1: 2066 | AW1: 2067 | AX1: 2068 | AY1: 2069 | AZ1: 2070
A2: agriculture and forestry 01T03 | B2: ='Calculations BTU'!J211 -> 0 | C2: ='Calculations BTU'!K211 -> 0 | D2: ='Calculations BTU'!L211 -> 0 | E2: ='Calculations BTU'!M211 -> 0 | F2: ='Calculations BTU'!N211 -> 0 | G2: ='Calculations BTU'!O211 -> 0 | H2: ='Calculations BTU'!P211 -> 0 | I2: ='Calculations BTU'!Q211 -> 0 | ... AZ2: ='Calculations BTU'!BH211 -> 0
A3: coal mining 05 | B3: ='Calculations BTU'!J212 -> 0 | C3: ='Calculations BTU'!K212 -> 0 | D3: ='Calculations BTU'!L212 -> 0 | E3: ='Calculations BTU'!M212 -> 0 | F3: ='Calculations BTU'!N212 -> 0 | G3: ='Calculations BTU'!O212 -> 0 | H3: ='Calculations BTU'!P212 -> 0 | I3: ='Calculations BTU'!Q212 -> 0 | ... AZ3: ='Calculations BTU'!BH212 -> 0
A4: oil and gas extraction 06 | B4: ='Calculations BTU'!J213 -> 0 | C4: ='Calculations BTU'!K213 -> 0 | D4: ='Calculations BTU'!L213 -> 0 | E4: ='Calculations BTU'!M213 -> 0 | F4: ='Calculations BTU'!N213 -> 0 | G4: ='Calculations BTU'!O213 -> 0 | H4: ='Calculations BTU'!P213 -> 0 | I4: ='Calculations BTU'!Q213 -> 0 | ... AZ4: ='Calculations BTU'!BH213 -> 0
A5: other mining and quarrying 07T08 | B5: ='Calculations BTU'!J214 -> 0 | C5: ='Calculations BTU'!K214 -> 0 | D5: ='Calculations BTU'!L214 -> 0 | E5: ='Calculations BTU'!M214 -> 0 | F5: ='Calculations BTU'!N214 -> 0 | G5: ='Calculations BTU'!O214 -> 0 | H5: ='Calculations BTU'!P214 -> 0 | I5: ='Calculations BTU'!Q214 -> 0 | ... AZ5: ='Calculations BTU'!BH214 -> 0
A6: food beverage and tobacco 10T12 | B6: ='Calculations BTU'!J215 -> 0 | C6: ='Calculations BTU'!K215 -> 0 | D6: ='Calculations BTU'!L215 -> 0 | E6: ='Calculations BTU'!M215 -> 0 | F6: ='Calculations BTU'!N215 -> 0 | G6: ='Calculations BTU'!O215 -> 0 | H6: ='Calculations BTU'!P215 -> 0 | I6: ='Calculations BTU'!Q215 -> 0 | ... AZ6: ='Calculations BTU'!BH215 -> 0
A7: textiles apparel and leather 13T15 | B7: ='Calculations BTU'!J216 -> 0 | C7: ='Calculations BTU'!K216 -> 0 | D7: ='Calculations BTU'!L216 -> 0 | E7: ='Calculations BTU'!M216 -> 0 | F7: ='Calculations BTU'!N216 -> 0 | G7: ='Calculations BTU'!O216 -> 0 | H7: ='Calculations BTU'!P216 -> 0 | I7: ='Calculations BTU'!Q216 -> 0 | ... AZ7: ='Calculations BTU'!BH216 -> 0
A8: wood products 16 | B8: ='Calculations BTU'!J217 -> 0 | C8: ='Calculations BTU'!K217 -> 0 | D8: ='Calculations BTU'!L217 -> 0 | E8: ='Calculations BTU'!M217 -> 0 | F8: ='Calculations BTU'!N217 -> 0 | G8: ='Calculations BTU'!O217 -> 0 | H8: ='Calculations BTU'!P217 -> 0 | I8: ='Calculations BTU'!Q217 -> 0 | ... AZ8: ='Calculations BTU'!BH217 -> 0
A9: pulp paper and printing 17T18 | B9: ='Calculations BTU'!J218 -> 0 | C9: ='Calculations BTU'!K218 -> 0 | D9: ='Calculations BTU'!L218 -> 0 | E9: ='Calculations BTU'!M218 -> 0 | F9: ='Calculations BTU'!N218 -> 0 | G9: ='Calculations BTU'!O218 -> 0 | H9: ='Calculations BTU'!P218 -> 0 | I9: ='Calculations BTU'!Q218 -> 0 | ... AZ9: ='Calculations BTU'!BH218 -> 0
A10: refined petroleum and coke 19 | B10: ='Calculations BTU'!J219 -> 0 | C10: ='Calculations BTU'!K219 -> 0 | D10: ='Calculations BTU'!L219 -> 0 | E10: ='Calculations BTU'!M219 -> 0 | F10: ='Calculations BTU'!N219 -> 0 | G10: ='Calculations BTU'!O219 -> 0 | H10: ='Calculations BTU'!P219 -> 0 | I10: ='Calculations BTU'!Q219 -> 0 | ... AZ10: ='Calculations BTU'!BH219 -> 0
A11: chemicals 20 | B11: ='Calculations BTU'!J220 -> 0 | C11: ='Calculations BTU'!K220 -> 0 | D11: ='Calculations BTU'!L220 -> 0 | E11: ='Calculations BTU'!M220 -> 0 | F11: ='Calculations BTU'!N220 -> 0 | G11: ='Calculations BTU'!O220 -> 0 | H11: ='Calculations BTU'!P220 -> 0 | I11: ='Calculations BTU'!Q220 -> 0 | ... AZ11: ='Calculations BTU'!BH220 -> 0
A12: rubber and plastic products 22 | B12: ='Calculations BTU'!J221 -> 0 | C12: ='Calculations BTU'!K221 -> 0 | D12: ='Calculations BTU'!L221 -> 0 | E12: ='Calculations BTU'!M221 -> 0 | F12: ='Calculations BTU'!N221 -> 0 | G12: ='Calculations BTU'!O221 -> 0 | H12: ='Calculations BTU'!P221 -> 0 | I12: ='Calculations BTU'!Q221 -> 0 | ... AZ12: ='Calculations BTU'!BH221 -> 0
A13: glass and glass products 231 | B13: ='Calculations BTU'!J222 -> 0 | C13: ='Calculations BTU'!K222 -> 0 | D13: ='Calculations BTU'!L222 -> 0 | E13: ='Calculations BTU'!M222 -> 0 | F13: ='Calculations BTU'!N222 -> 0 | G13: ='Calculations BTU'!O222 -> 0 | H13: ='Calculations BTU'!P222 -> 0 | I13: ='Calculations BTU'!Q222 -> 0 | ... AZ13: ='Calculations BTU'!BH222 -> 0
... A26: construction 41T43 | B26: ='Calculations BTU'!J235 -> 0 | C26: ='Calculations BTU'!K235 -> 0 | D26: ='Calculations BTU'!L235 -> 0 | E26: ='Calculations BTU'!M235 -> 0 | F26: ='Calculations BTU'!N235 -> 0 | G26: ='Calculations BTU'!O235 -> 0 | H26: ='Calculations BTU'!P235 -> 0 | I26: ='Calculations BTU'!Q235 -> 0 | ... AZ26: ='Calculations BTU'!BH235 -> 0

Sheet BIFUbC-heavy-or-residual-oil
A1: Unit: BTU | B1: 2020 | C1: 2021 | D1: 2022 | E1: 2023 | F1: 2024 | G1: 2025 | H1: 2026 | I1: 2027 | J1: 2028 | K1: 2029 | L1: 2030 | M1: 2031 | N1: 2032 | O1: 2033 | P1: 2034 | Q1: 2035 | R1: 2036 | S1: 2037 | T1: 2038 | U1: 2039 | V1: 2040 | W1: 2041 | X1: 2042 | Y1: 2043 | Z1: 2044 | AA1: 2045 | AB1: 2046 | AC1: 2047 | AD1: 2048 | AE1: 2049 | AF1: 2050 | AG1: 2051 | AH1: 2052 | AI1: 2053 | AJ1: 2054 | AK1: 2055 | AL1: 2056 | AM1: 2057 | AN1: 2058 | AO1: 2059 | AP1: 2060 | AQ1: 2061 | AR1: 2062 | AS1: 2063 | AT1: 2064 | AU1: 2065 | AV1: 2066 | AW1: 2067 | AX1: 2068 | AY1: 2069 | AZ1: 2070
A2: agriculture and forestry 01T03 | B2: ='Calculations BTU'!J159 -> 0 | C2: ='Calculations BTU'!K159 -> 0 | D2: ='Calculations BTU'!L159 -> 0 | E2: ='Calculations BTU'!M159 -> 0 | F2: ='Calculations BTU'!N159 -> 0 | G2: ='Calculations BTU'!O159 -> 0 | H2: ='Calculations BTU'!P159 -> 0 | I2: ='Calculations BTU'!Q159 -> 0 | ... AZ2: ='Calculations BTU'!BH159 -> 0
A3: coal mining 05 | B3: ='Calculations BTU'!J160 -> 2.5734593e+11 | C3: ='Calculations BTU'!K160 -> 3.1706156e+11 | D3: ='Calculations BTU'!L160 -> 3.0710895e+11 | E3: ='Calculations BTU'!M160 -> 2.9573455e+11 | F3: ='Calculations BTU'!N160 -> 2.8436014e+11 | G3: ='Calculations BTU'!O160 -> 2.7440754e+11 | H3: ='Calculations BTU'!P160 -> 2.6303313e+11 | I3: ='Calculations BTU'!Q160 -> 2.5165873e+11 | ... AZ3: ='Calculations BTU'!BH160 -> 0
A4: oil and gas extraction 06 | B4: ='Calculations BTU'!J161 -> 0 | C4: ='Calculations BTU'!K161 -> 0 | D4: ='Calculations BTU'!L161 -> 0 | E4: ='Calculations BTU'!M161 -> 0 | F4: ='Calculations BTU'!N161 -> 0 | G4: ='Calculations BTU'!O161 -> 0 | H4: ='Calculations BTU'!P161 -> 0 | I4: ='Calculations BTU'!Q161 -> 0 | ... AZ4: ='Calculations BTU'!BH161 -> 0
A5: other mining and quarrying 07T08 | B5: ='Calculations BTU'!J162 -> 1.4582936e+12 | C5: ='Calculations BTU'!K162 -> 1.7966822e+12 | D5: ='Calculations BTU'!L162 -> 1.7402841e+12 | E5: ='Calculations BTU'!M162 -> 1.6758291e+12 | F5: ='Calculations BTU'!N162 -> 1.6113741e+12 | G5: ='Calculations BTU'!O162 -> 1.554976e+12 | H5: ='Calculations BTU'!P162 -> 1.4905211e+12 | I5: ='Calculations BTU'!Q162 -> 1.4260661e+12 | ... AZ5: ='Calculations BTU'!BH162 -> 0
A6: food beverage and tobacco 10T12 | B6: ='Calculations BTU'!J163 -> 8.9099511e+11 | C6: ='Calculations BTU'!K163 -> 1.0995259e+12 | D6: ='Calculations BTU'!L163 -> 1.0616112e+12 | E6: ='Calculations BTU'!M163 -> 1.0236965e+12 | F6: ='Calculations BTU'!N163 -> 9.8578182e+11 | G6: ='Calculations BTU'!O163 -> 9.4786714e+11 | H6: ='Calculations BTU'!P163 -> 9.0995245e+11 | I6: ='Calculations BTU'!Q163 -> 8.7203777e+11 | ... AZ6: ='Calculations BTU'!BH163 -> 0
A7: textiles apparel and leather 13T15 | B7: ='Calculations BTU'!J164 -> 1.8957343e+10 | C7: ='Calculations BTU'!K164 -> 2.8436014e+10 | D7: ='Calculations BTU'!L164 -> 2.8436014e+10 | E7: ='Calculations BTU'!M164 -> 2.8436014e+10 | F7: ='Calculations BTU'!N164 -> 2.8466054e+10 | G7: ='Calculations BTU'!O164 -> 2.8495625e+10 | H7: ='Calculations BTU'!P164 -> 2.8526135e+10 | I7: ='Calculations BTU'!Q164 -> 2.8556176e+10 | ... AZ7: ='Calculations BTU'!BH164 -> 2.4947108e+10
A8: wood products 16 | B8: ='Calculations BTU'!J165 -> 0 | C8: ='Calculations BTU'!K165 -> 0 | D8: ='Calculations BTU'!L165 -> 0 | E8: ='Calculations BTU'!M165 -> 0 | F8: ='Calculations BTU'!N165 -> 0 | G8: ='Calculations BTU'!O165 -> 0 | H8: ='Calculations BTU'!P165 -> 0 | I8: ='Calculations BTU'!Q165 -> 0 | ... AZ8: ='Calculations BTU'!BH165 -> 0
A9: pulp paper and printing 17T18 | B9: ='Calculations BTU'!J166 -> 3.9146913e+12 | C9: ='Calculations BTU'!K166 -> 4.8341224e+12 | D9: ='Calculations BTU'!L166 -> 4.672985e+12 | E9: ='Calculations BTU'!M166 -> 4.5118476e+12 | F9: ='Calculations BTU'!N166 -> 4.3412315e+12 | G9: ='Calculations BTU'!O166 -> 4.1800941e+12 | H9: ='Calculations BTU'!P166 -> 4.009478e+12 | I9: ='Calculations BTU'!Q166 -> 3.8388619e+12 | ... AZ9: ='Calculations BTU'!BH166 -> 0
A10: refined petroleum and coke 19 | B10: ='Calculations BTU'!J167 -> 1.9056869e+13 | C10: ='Calculations BTU'!K167 -> 6.6412311e+13 | D10: ='Calculations BTU'!L167 -> 5.8535357e+13 | E10: ='Calculations BTU'!M167 -> 5.906945e+13 | F10: ='Calculations BTU'!N167 -> 6.0818255e+13 | G10: ='Calculations BTU'!O167 -> 6.2308575e+13 | H10: ='Calculations BTU'!P167 -> 6.5371032e+13 | I10: ='Calculations BTU'!Q167 -> 7.0102799e+13 | ... AZ10: ='Calculations BTU'!BH167 -> 4.0572132e+13
A11: chemicals 20 | B11: ='Calculations BTU'!J168 -> 6.4170605e+12 | C11: ='Calculations BTU'!K168 -> 6.6824633e+12 | D11: ='Calculations BTU'!L168 -> 6.7014207e+12 | E11: ='Calculations BTU'!M168 -> 6.77725e+12 | F11: ='Calculations BTU'!N168 -> 6.8436007e+12 | G11: ='Calculations BTU'!O168 -> 6.9099514e+12 | H11: ='Calculations BTU'!P168 -> 6.9952595e+12 | I11: ='Calculations BTU'!Q168 -> 7.0616102e+12 | ... AZ11: ='Calculations BTU'!BH168 -> 8.7203777e+12
A12: rubber and plastic products 22 | B12: ='Calculations BTU'!J169 -> 3.981042e+11 | C12: ='Calculations BTU'!K169 -> 4.9289091e+11 | D12: ='Calculations BTU'!L169 -> 4.7393357e+11 | E12: ='Calculations BTU'!M169 -> 4.644549e+11 | F12: ='Calculations BTU'!N169 -> 4.4549755e+11 | G12: ='Calculations BTU'!O169 -> 4.2654021e+11 | H12: ='Calculations BTU'!P169 -> 4.0758287e+11 | I12: ='Calculations BTU'!Q169 -> 3.8862553e+11 | ... AZ12: ='Calculations BTU'!BH169 -> 0
A13: glass and glass products 231 | B13: ='Calculations BTU'!J170 -> 2.1800944e+11 | C13: ='Calculations BTU'!K170 -> 2.654028e+11 | D13: ='Calculations BTU'!L170 -> 2.5592413e+11 | E13: ='Calculations BTU'!M170 -> 2.4644546e+11 | F13: ='Calculations BTU'!N170 -> 2.3696678e+11 | G13: ='Calculations BTU'!O170 -> 2.2748811e+11 | H13: ='Calculations BTU'!P170 -> 2.1800944e+11 | I13: ='Calculations BTU'!Q170 -> 2.0853077e+11 | ... AZ13: ='Calculations BTU'!BH170 -> 1.8957343e+10
... A26: construction 41T43 | B26: ='Calculations BTU'!J183 -> 0 | C26: ='Calculations BTU'!K183 -> 0 | D26: ='Calculations BTU'!L183 -> 0 | E26: ='Calculations BTU'!M183 -> 0 | F26: ='Calculations BTU'!N183 -> 0 | G26: ='Calculations BTU'!O183 -> 0 | H26: ='Calculations BTU'!P183 -> 0 | I26: ='Calculations BTU'!Q183 -> 0 | ... AZ26: ='Calculations BTU'!BH183 -> 0

Sheet BIFUbC-LPG-propane-or-butane
A1: Unit: BTU | B1: 2020 | C1: 2021 | D1: 2022 | E1: 2023 | F1: 2024 | G1: 2025 | H1: 2026 | I1: 2027 | J1: 2028 | K1: 2029 | L1: 2030 | M1: 2031 | N1: 2032 | O1: 2033 | P1: 2034 | Q1: 2035 | R1: 2036 | S1: 2037 | T1: 2038 | U1: 2039 | V1: 2040 | W1: 2041 | X1: 2042 | Y1: 2043 | Z1: 2044 | AA1: 2045 | AB1: 2046 | AC1: 2047 | AD1: 2048 | AE1: 2049 | AF1: 2050 | AG1: 2051 | AH1: 2052 | AI1: 2053 | AJ1: 2054 | AK1: 2055 | AL1: 2056 | AM1: 2057 | AN1: 2058 | AO1: 2059 | AP1: 2060 | AQ1: 2061 | AR1: 2062 | AS1: 2063 | AT1: 2064 | AU1: 2065 | AV1: 2066 | AW1: 2067 | AX1: 2068 | AY1: 2069 | AZ1: 2070
A2: agriculture and forestry 01T03 | B2: ='Calculations BTU'!J185 -> 4.644549e+12 | C2: ='Calculations BTU'!K185 -> 4.1042647e+12 | D2: ='Calculations BTU'!L185 -> 3.9848334e+12 | E2: ='Calculations BTU'!M185 -> 3.8559235e+12 | F2: ='Calculations BTU'!N185 -> 3.7270136e+12 | G2: ='Calculations BTU'!O185 -> 3.5981037e+12 | H2: ='Calculations BTU'!P185 -> 3.4691937e+12 | I2: ='Calculations BTU'!Q185 -> 3.3402838e+12 | ... AZ2: ='Calculations BTU'!BH185 -> 3.7535539e+11
A3: coal mining 05 | B3: ='Calculations BTU'!J186 -> 1.8440755e+12 | C3: ='Calculations BTU'!K186 -> 1.5298576e+12 | D3: ='Calculations BTU'!L186 -> 1.6251182e+12 | E3: ='Calculations BTU'!M186 -> 1.633649e+12 | F3: ='Calculations BTU'!N186 -> 1.6421798e+12 | G3: ='Calculations BTU'!O186 -> 1.6507106e+12 | H3: ='Calculations BTU'!P186 -> 1.6592414e+12 | I3: ='Calculations BTU'!Q186 -> 1.6677722e+12 | ... AZ3: ='Calculations BTU'!BH186 -> 1.8654025e+12
A4: oil and gas extraction 06 | B4: ='Calculations BTU'!J187 -> 0 | C4: ='Calculations BTU'!K187 -> 0 | D4: ='Calculations BTU'!L187 -> 0 | E4: ='Calculations BTU'!M187 -> 0 | F4: ='Calculations BTU'!N187 -> 0 | G4: ='Calculations BTU'!O187 -> 0 | H4: ='Calculations BTU'!P187 -> 0 | I4: ='Calculations BTU'!Q187 -> 0 | ... AZ4: ='Calculations BTU'!BH187 -> 0
A5: other mining and quarrying 07T08 | B5: ='Calculations BTU'!J188 -> 1.0449761e+13 | C5: ='Calculations BTU'!K188 -> 8.6691928e+12 | D5: ='Calculations BTU'!L188 -> 9.2090032e+12 | E5: ='Calculations BTU'!M188 -> 9.2573444e+12 | F5: ='Calculations BTU'!N188 -> 9.3056856e+12 | G5: ='Calculations BTU'!O188 -> 9.3540269e+12 | H5: ='Calculations BTU'!P188 -> 9.4023681e+12 | I5: ='Calculations BTU'!Q188 -> 9.4507093e+12 | ... AZ5: ='Calculations BTU'!BH188 -> 1.0570614e+13
A6: food beverage and tobacco 10T12 | B6: ='Calculations BTU'!J189 -> 2.6350706e+12 | C6: ='Calculations BTU'!K189 -> 2.1800944e+12 | D6: ='Calculations BTU'!L189 -> 2.3127958e+12 | E6: ='Calculations BTU'!M189 -> 2.3222745e+12 | F6: ='Calculations BTU'!N189 -> 2.3412318e+12 | G6: ='Calculations BTU'!O189 -> 2.3507105e+12 | H6: ='Calculations BTU'!P189 -> 2.3696678e+12 | I6: ='Calculations BTU'!Q189 -> 2.3791465e+12 | ... AZ6: ='Calculations BTU'!BH189 -> 2.6635067e+12
A7: textiles apparel and leather 13T15 | B7: ='Calculations BTU'!J190 -> 1.8957343e+10 | C7: ='Calculations BTU'!K190 -> 2.8436014e+10 | D7: ='Calculations BTU'!L190 -> 2.8436014e+10 | E7: ='Calculations BTU'!M190 -> 2.8436014e+10 | F7: ='Calculations BTU'!N190 -> 2.8466054e+10 | G7: ='Calculations BTU'!O190 -> 2.8495625e+10 | H7: ='Calculations BTU'!P190 -> 2.8526135e+10 | I7: ='Calculations BTU'!Q190 -> 2.8556176e+10 | ... AZ7: ='Calculations BTU'!BH190 -> 2.4947108e+10
A8: wood products 16 | B8: ='Calculations BTU'!J191 -> 0 | C8: ='Calculations BTU'!K191 -> 0 | D8: ='Calculations BTU'!L191 -> 0 | E8: ='Calculations BTU'!M191 -> 0 | F8: ='Calculations BTU'!N191 -> 0 | G8: ='Calculations BTU'!O191 -> 0 | H8: ='Calculations BTU'!P191 -> 0 | I8: ='Calculations BTU'!Q191 -> 0 | ... AZ8: ='Calculations BTU'!BH191 -> 0
A9: pulp paper and printing 17T18 | B9: ='Calculations BTU'!J192 -> 4.3601888e+11 | C9: ='Calculations BTU'!K192 -> 3.6018951e+11 | D9: ='Calculations BTU'!L192 -> 3.7914686e+11 | E9: ='Calculations BTU'!M192 -> 3.8862553e+11 | F9: ='Calculations BTU'!N192 -> 3.8862553e+11 | G9: ='Calculations BTU'!O192 -> 3.8862553e+11 | H9: ='Calculations BTU'!P192 -> 3.8862553e+11 | I9: ='Calculations BTU'!Q192 -> 3.8862553e+11 | ... AZ9: ='Calculations BTU'!BH192 -> 4.3601888e+11
A10: refined petroleum and coke 19 | B10: ='Calculations BTU'!J193 -> 0 | C10: ='Calculations BTU'!K193 -> 0 | D10: ='Calculations BTU'!L193 -> 0 | E10: ='Calculations BTU'!M193 -> 0 | F10: ='Calculations BTU'!N193 -> 0 | G10: ='Calculations BTU'!O193 -> 0 | H10: ='Calculations BTU'!P193 -> 0 | I10: ='Calculations BTU'!Q193 -> 0 | ... AZ10: ='Calculations BTU'!BH193 -> 0
A11: chemicals 20 | B11: ='Calculations BTU'!J194 -> 6.4454965e+11 | C11: ='Calculations BTU'!K194 -> 5.308056e+11 | D11: ='Calculations BTU'!L194 -> 5.5924161e+11 | E11: ='Calculations BTU'!M194 -> 5.6872028e+11 | F11: ='Calculations BTU'!N194 -> 5.6872028e+11 | G11: ='Calculations BTU'!O194 -> 5.6872028e+11 | H11: ='Calculations BTU'!P194 -> 5.7819895e+11 | I11: ='Calculations BTU'!Q194 -> 5.7819895e+11 | ... AZ11: ='Calculations BTU'!BH194 -> 6.4454965e+11
A12: rubber and plastic products 22 | B12: ='Calculations BTU'!J195 -> 2.8436014e+10 | C12: ='Calculations BTU'!K195 -> 1.8957343e+10 | D12: ='Calculations BTU'!L195 -> 1.8957343e+10 | E12: ='Calculations BTU'!M195 -> 1.8957343e+10 | F12: ='Calculations BTU'!N195 -> 1.8957343e+10 | G12: ='Calculations BTU'!O195 -> 1.8957343e+10 | H12: ='Calculations BTU'!P195 -> 1.8957343e+10 | I12: ='Calculations BTU'!Q195 -> 1.8957343e+10 | ... AZ12: ='Calculations BTU'!BH195 -> 2.8436014e+10
A13: glass and glass products 231 | B13: ='Calculations BTU'!J196 -> 1.4218007e+11 | C13: ='Calculations BTU'!K196 -> 1.1374406e+11 | D13: ='Calculations BTU'!L196 -> 1.2322273e+11 | E13: ='Calculations BTU'!M196 -> 1.2322273e+11 | F13: ='Calculations BTU'!N196 -> 1.2322273e+11 | G13: ='Calculations BTU'!O196 -> 1.2322273e+11 | H13: ='Calculations BTU'!P196 -> 1.2322273e+11 | I13: ='Calculations BTU'!Q196 -> 1.2322273e+11 | ... AZ13: ='Calculations BTU'!BH196 -> 1.4218007e+11
... A26: construction 41T43 | B26: ='Calculations BTU'!J209 -> 0 | C26: ='Calculations BTU'!K209 -> 0 | D26: ='Calculations BTU'!L209 -> 0 | E26: ='Calculations BTU'!M209 -> 0 | F26: ='Calculations BTU'!N209 -> 0 | G26: ='Calculations BTU'!O209 -> 0 | H26: ='Calculations BTU'!P209 -> 0 | I26: ='Calculations BTU'!Q209 -> 0 | ... AZ26: ='Calculations BTU'!BH209 -> 0

Sheet BIFUbC-hydrogen
A1: Unit: BTU | B1: 2020 | C1: 2021 | D1: 2022 | E1: 2023 | F1: 2024 | G1: 2025 | H1: 2026 | I1: 2027 | J1: 2028 | K1: 2029 | L1: 2030 | M1: 2031 | N1: 2032 | O1: 2033 | P1: 2034 | Q1: 2035 | R1: 2036 | S1: 2037 | T1: 2038 | U1: 2039 | V1: 2040 | W1: 2041 | X1: 2042 | Y1: 2043 | Z1: 2044 | AA1: 2045 | AB1: 2046 | AC1: 2047 | AD1: 2048 | AE1: 2049 | AF1: 2050 | AG1: 2051 | AH1: 2052 | AI1: 2053 | AJ1: 2054 | AK1: 2055 | AL1: 2056 | AM1: 2057 | AN1: 2058 | AO1: 2059 | AP1: 2060 | AQ1: 2061 | AR1: 2062 | AS1: 2063 | AT1: 2064 | AU1: 2065 | AV1: 2066 | AW1: 2067 | AX1: 2068 | AY1: 2069 | AZ1: 2070
A2: agriculture and forestry 01T03 | B2: ='Calculations BTU'!J211 -> 0 | C2: ='Calculations BTU'!K211 -> 0 | D2: ='Calculations BTU'!L211 -> 0 | E2: ='Calculations BTU'!M211 -> 0 | F2: ='Calculations BTU'!N211 -> 0 | G2: ='Calculations BTU'!O211 -> 0 | H2: ='Calculations BTU'!P211 -> 0 | I2: ='Calculations BTU'!Q211 -> 0 | ... AZ2: ='Calculations BTU'!BH211 -> 0
A3: coal mining 05 | B3: ='Calculations BTU'!J212 -> 0 | C3: ='Calculations BTU'!K212 -> 0 | D3: ='Calculations BTU'!L212 -> 0 | E3: ='Calculations BTU'!M212 -> 0 | F3: ='Calculations BTU'!N212 -> 0 | G3: ='Calculations BTU'!O212 -> 0 | H3: ='Calculations BTU'!P212 -> 0 | I3: ='Calculations BTU'!Q212 -> 0 | ... AZ3: ='Calculations BTU'!BH212 -> 0
