Workbook

Sheet About
A1: DRC BAU Demand Response Capacity
A2: DRC Potential Additional Demand Response Capacity
A3: DRC Hours of DR Average Utility May Call Upon per Year
A4: DRC Average DR Hours per DR Event
A7: Sources: | B7: Hours of Shift DR Average Utility May Call Upon per Year and Average DR Hours per Day on Days When DR is Called Upon
B8: U.S. Department of Energy
B9: undated
B10: Demand Response and Time-Variable Pricing Programs: Western States
B11: https://www.energy.gov/eere/femp/demand-response-and-time-variable-pricing-programs-western-states
B12: Using "California Independent System Operator (CAISO) Proxy Demand Response and Reliability Demand Response program" (under "California" section)
B14: 2019 Capacity and 2030 Projection
B15: Brattle Group
B16: 2019
B17: The National Potential for Load Flexibility
B18: https://brattlefiles.blob.core.windows.net/files/16639_national_potential_for_load_flexibility_-_final.pdf
B19: Slide 18
A21: Notes:
A22: Demand response is defined as the potential to reduce or shift electricity usage during peak
A23: periods in response to time-based rates or other financial incentives.
A24: Although the Electricity Industry Law defines the Demand Control activity, it is not regulated and therefore does not exist as an operational tool for the National Energy Control Center Cenace.
A25: It is estimated that a maximum of 50% of industrial and transport sector demand is adaptable to economic and regulatory signals.
A27: We also require input data on the total number of hours of DR the average utility may call upon per year
A28: and the typical length of each DR event in hours. These are used to apportion the DR capacity to different
A29: days and hours correctly in the model.

Sheet Data and Calculations
A1: Brattle Capacity Projections (MW)
A2: 2019 | B2: 2030
A3: 59000 | B3: 198000
A5: Peak Demand - EPS Output
A6: Time (Year) | B6: 2019 | C6: 2020 | D6: 2021 | E6: 2022 | F6: 2023 | G6: 2024 | H6: 2025 | I6: 2026 | J6: 2027 | K6: 2028 | L6: 2029 | M6: 2030 | N6: 2031 | O6: 2032 | P6: 2033 | Q6: 2034 | R6: 2035 | S6: 2036 | T6: 2037 | U6: 2038 | V6: 2039 | W6: 2040 | X6: 2041 | Y6: 2042 | Z6: 2043 | AA6: 2044 | AB6: 2045 | AC6: 2046 | AD6: 2047 | AE6: 2048 | AF6: 2049 | AG6: 2050
A7: Peak Power Demand after Storage and DR[summer] : MostRecentRun | B7: 752136 | C7: 683006 | D7: 728954 | E7: 745991 | F7: 757422 | G7: 766081 | H7: 772495 | I7: 776739 | J7: 779659 | K7: 784465 | L7: 792336 | M7: 796481 | N7: 800947 | O7: 806133 | P7: 810368 | Q7: 814654 | R7: 819808 | S7: 824754 | T7: 830998 | U7: 836502 | V7: 841698 | W7: 847887 | X7: 853549 | Y7: 859603 | Z7: 866464 | AA7: 873306 | AB7: 881021 | AC7: 888875 | AD7: 896015 | AE7: 903925 | AF7: 912866 | AG7: 922440
A11: DR Hours per Year and per Event
A13: CAISO's Proxy Demand Response and Reliability Demand Response programs specifies:
A15: Max of 48 hours of DR per 6-month period (96 per year)
A16: Participants must be able to maintain demand reduction for at least 4 hours per DR event
A18: Hours of Shift DR per Year
A19: 96
A21: Hours of DR per Event
A22: 4

Sheet Scaling Factors
A1: Mexico-U.S. Ratios | B1: Year | C1: 2014 | D1: 2015 | E1: 2016 | F1: 2017 | G1: 2018 | H1: 2019 | I1: 2020 | J1: 2021 | K1: 2022 | L1: 2023 | M1: 2024 | N1: 2025 | O1: 2026 | P1: 2027 | Q1: 2028 | R1: 2029 | S1: 2030 | T1: 2031 | U1: 2032 | V1: 2033 | W1: 2034 | X1: 2035 | Y1: 2036 | Z1: 2037 | AA1: 2038 | AB1: 2039 | AC1: 2040 | AD1: 2041 | AE1: 2042 | AF1: 2043 | AG1: 2044 | AH1: 2045 | AI1: 2046 | AJ1: 2047 | AK1: 2048 | AL1: 2049 | AM1: 2050
B2: GDP | C2: 0.098636645 | D2: 0.10032528 | E2: 0.10104496 | F2: 0.10152703 | G2: 0.10197979 | H2: 0.1024564 | I2: 0.10296756 | J2: 0.10340803 | K2: 0.10388755 | L2: 0.10440603 | M2: 0.10496009 | N2: 0.10556555 | O2: 0.1060087 | P2: 0.10652913 | Q2: 0.1071382 | R2: 0.10784324 | S2: 0.10864824 | T2: 0.10949499 | U2: 0.11043742 | V2: 0.11146884 | W2: 0.11257987 | X2: 0.11375854 | Y2: 0.115007 | Z2: 0.11629346 | AA2: 0.1176021 | AB2: 0.11891741 | AC2: 0.12022482 | AD2: 0.12173359 | AE2: 0.12321473 | AF2: 0.12465772 | AG2: 0.12605356 | AH2: 0.1273943 | AI2: 0.12879656 | AJ2: 0.13011577 | AK2: 0.13135143 | AL2: 0.1325037 | AM2: 0.1335732
B3: implementation curve | C3: 0 | D3: 0 | E3: 0 | F3: 0 | G3: 0 | H3: 0 | I3: 0 | J3: 0 | K3: 0 | L3: 0 | M3: 0 | N3: =(($X3-$M3)/($X1-$M1))*(N1-$M1)+$M3 -> 0.090909091 | O3: =(($X3-$M3)/($X1-$M1))*(O1-$M1)+$M3 -> 0.18181818 | P3: =(($X3-$M3)/($X1-$M1))*(P1-$M1)+$M3 -> 0.27272727 | Q3: =(($X3-$M3)/($X1-$M1))*(Q1-$M1)+$M3 -> 0.36363636 | R3: =(($X3-$M3)/($X1-$M1))*(R1-$M1)+$M3 -> 0.45454545 | S3: =(($X3-$M3)/($X1-$M1))*(S1-$M1)+$M3 -> 0.54545455 | T3: =(($X3-$M3)/($X1-$M1))*(T1-$M1)+$M3 -> 0.63636364 | U3: =(($X3-$M3)/($X1-$M1))*(U1-$M1)+$M3 -> 0.72727273 | ... W3: =(($X3-$M3)/($X1-$M1))*(W1-$M1)+$M3 -> 0.90909091 | X3: 1 | Y3: 1 | Z3: 1 | AA3: 1 | AB3: 1 | AC3: 1 | AD3: 1 | AE3: 1 | AF3: 1 | AG3: 1 | AH3: 1 | AI3: 1 | AJ3: 1 | AK3: 1 | AL3: 1 | AM3: 1
A4: For source information and calculations, | B4: factor | C4: =C2*C3 -> 0 | D4: =D2*D3 -> 0 | E4: =E2*E3 -> 0 | F4: =F2*F3 -> 0 | G4: =G2*G3 -> 0 | H4: =H2*H3 -> 0 | I4: =I2*I3 -> 0 | J4: =J2*J3 -> 0 | ... AM4: =AM2*AM3 -> 0.1335732
A5: see "Mexico US Scaling Factors.xlsx"
A6: in the InputData folder.

Sheet DRC-BDRC
A1: Year | B1: 2018 | C1: 2019 | D1: 2020 | E1: 2021 | F1: 2022 | G1: 2023 | H1: 2024 | I1: 2025 | J1: 2026 | K1: 2027 | L1: 2028 | M1: 2029 | N1: 2030 | O1: 2031 | P1: 2032 | Q1: 2033 | R1: 2034 | S1: 2035 | T1: 2036 | U1: 2037 | V1: 2038 | W1: 2039 | X1: 2040 | Y1: 2041 | Z1: 2042 | AA1: 2043 | AB1: 2044 | AC1: 2045 | AD1: 2046 | AE1: 2047 | AF1: 2048 | AG1: 2049 | AH1: 2050 | AI1: 2051 | AJ1: 2052 | AK1: 2053 | AL1: 2054 | AM1: 2055 | AN1: 2056 | AO1: 2057 | AP1: 2058 | AQ1: 2059 | AR1: 2060 | AS1: 2061 | AT1: 2062 | AU1: 2063 | AV1: 2064 | AW1: 2065 | AX1: 2066 | AY1: 2067 | AZ1: 2068 | BA1: 2069 | BB1: 2070
A2: DR Capacity (MW) | B2: =C2 -> 0 | C2: ='Data and Calculations'!A3*'Scaling Factors'!H4 -> 0 | D2: =('Data and Calculations'!$A3)*('Data and Calculations'!C7/'Data and Calculations'!$B$7)*'Scaling Factors'!I4 -> 0 | E2: =('Data and Calculations'!$A3)*('Data and Calculations'!D7/'Data and Calculations'!$B$7)*'Scaling Factors'!J4 -> 0 | F2: =('Data and Calculations'!$A3)*('Data and Calculations'!E7/'Data and Calculations'!$B$7)*'Scaling Factors'!K4 -> 0 | G2: =('Data and Calculations'!$A3)*('Data and Calculations'!F7/'Data and Calculations'!$B$7)*'Scaling Factors'!L4 -> 0 | H2: =('Data and Calculations'!$A3)*('Data and Calculations'!G7/'Data and Calculations'!$B$7)*'Scaling Factors'!M4 -> 0 | I2: =('Data and Calculations'!$A3)*('Data and Calculations'!H7/'Data and Calculations'!$B$7)*'Scaling Factors'!N4 -> 581.5417 | J2: =('Data and Calculations'!$A3)*('Data and Calculations'!I7/'Data and Calculations'!$B$7)*'Scaling Factors'!O4 -> 1174.3825 | K2: =('Data and Calculations'!$A3)*('Data and Calculations'!J7/'Data and Calculations'!$B$7)*'Scaling Factors'!P4 -> 1776.8766 | ... AH2: =('Data and Calculations'!$A3)*('Data and Calculations'!AG7/'Data and Calculations'!$B$7)*'Scaling Factors'!AM4 -> 9665.2501 | AI2: =AH2 -> 9665.2501 | AJ2: =AI2 -> 9665.2501 | AK2: =AJ2 -> 9665.2501 | AL2: =AK2 -> 9665.2501 | AM2: =AL2 -> 9665.2501 | AN2: =AM2 -> 9665.2501 | AO2: =AN2 -> 9665.2501 | AP2: =AO2 -> 9665.2501 | ... BB2: =BA2 -> 9665.2501

Sheet DRC-PADRC
A1: Year | B1: 2018 | C1: 2019 | D1: 2020 | E1: 2021 | F1: 2022 | G1: 2023 | H1: 2024 | I1: 2025 | J1: 2026 | K1: 2027 | L1: 2028 | M1: 2029 | N1: 2030 | O1: 2031 | P1: 2032 | Q1: 2033 | R1: 2034 | S1: 2035 | T1: 2036 | U1: 2037 | V1: 2038 | W1: 2039 | X1: 2040 | Y1: 2041 | Z1: 2042 | AA1: 2043 | AB1: 2044 | AC1: 2045 | AD1: 2046 | AE1: 2047 | AF1: 2048 | AG1: 2049 | AH1: 2050 | AI1: 2051 | AJ1: 2052 | AK1: 2053 | AL1: 2054 | AM1: 2055 | AN1: 2056 | AO1: 2057 | AP1: 2058 | AQ1: 2059 | AR1: 2060 | AS1: 2061 | AT1: 2062 | AU1: 2063 | AV1: 2064 | AW1: 2065 | AX1: 2066 | AY1: 2067 | AZ1: 2068 | BA1: 2069 | BB1: 2070
A2: Potential Additional DR Capacity (MW) | B2: =C2*'Scaling Factors'!G2 -> 410.56326 | C2: ='Data and Calculations'!A3*'Scaling Factors'!H2-'DRC-BDRC'!C1 -> 4025.9276 | D2: =TREND('Data and Calculations'!$A$3:$B$3,'Data and Calculations'!$A$2:$B$2,'DRC-PADRC'!D1)*'Scaling Factors'!I2-'DRC-BDRC'!D2 -> 7376.2218 | E2: =TREND('Data and Calculations'!$A$3:$B$3,'Data and Calculations'!$A$2:$B$2,'DRC-PADRC'!E1)*'Scaling Factors'!J2-'DRC-BDRC'!E2 -> 8714.4769 | F2: =TREND('Data and Calculations'!$A$3:$B$3,'Data and Calculations'!$A$2:$B$2,'DRC-PADRC'!F1)*'Scaling Factors'!K2-'DRC-BDRC'!F2 -> 10067.648 | G2: =TREND('Data and Calculations'!$A$3:$B$3,'Data and Calculations'!$A$2:$B$2,'DRC-PADRC'!G1)*'Scaling Factors'!L2-'DRC-BDRC'!G2 -> 11437.206 | H2: =TREND('Data and Calculations'!$A$3:$B$3,'Data and Calculations'!$A$2:$B$2,'DRC-PADRC'!H1)*'Scaling Factors'!M2-'DRC-BDRC'!H2 -> 12824.215 | I2: =TREND('Data and Calculations'!$A$3:$B$3,'Data and Calculations'!$A$2:$B$2,'DRC-PADRC'!I1)*'Scaling Factors'!N2-'DRC-BDRC'!I2 -> 13650.614 | J2: =TREND('Data and Calculations'!$A$3:$B$3,'Data and Calculations'!$A$2:$B$2,'DRC-PADRC'!J1)*'Scaling Factors'!O2-'DRC-BDRC'!J2 -> 14457.083 | K2: =TREND('Data and Calculations'!$A$3:$B$3,'Data and Calculations'!$A$2:$B$2,'DRC-PADRC'!K1)*'Scaling Factors'!P2-'DRC-BDRC'!K2 -> 15277.468 | ... AH2: =TREND('Data and Calculations'!$A$3:$B$3,'Data and Calculations'!$A$2:$B$2,'DRC-PADRC'!AH1)*'Scaling Factors'!AM2-'DRC-BDRC'!AH2 -> 50539.835 | AI2: =AH2 -> 50539.835 | AJ2: =AI2 -> 50539.835 | AK2: =AJ2 -> 50539.835 | AL2: =AK2 -> 50539.835 | AM2: =AL2 -> 50539.835 | AN2: =AM2 -> 50539.835 | AO2: =AN2 -> 50539.835 | AP2: =AO2 -> 50539.835 | ... BB2: =BA2 -> 50539.835

Sheet DRC-ADRHpDRE
A1: Unit: hours | B1: Hours per Event
A2: DR Hours per DR Event | B2: =ROUND('Data and Calculations'!A22,0) -> 4
