Workbook

Sheet About
A1: SCoC Social Cost of Carbon
A3: Source: | B3: United Nations
B4: 2019
B6: https://www.cepal.org/es/publicaciones/44423-costo-social-carbono-vision-agregada-america-latina
A9: Notes:
B10: A summary of the literature was constructed, using some methods derived from meta-analysis, which allow an orderly synthesis of the available information to be presented. The results obtained indicate a mean SCC of $25.83 per ton of CO2 with a deviation of 0.84. It should be noted, however, that this value is sensitive to the discount rate used; for example, the value of the SCC, with discount rates close to zero, is 100 dollars per ton of carbon, whereas, with a discount rate of over 3%, a SCC of 6 dollars per ton of carbon is obtained. It should also be noted that these estimates normally exclude the potential effects of extreme catastrophic events."

Sheet SourceData New
A1: 2019 Dollar
A2: Social Cost of Carbon (USD/tCO2e) | B2: 2019
B3: 25.83
A5: Converting $1 from 2019 USD to 2012 USD results in approximately $0.90 | B5: 0.9
A7: 1tCO₂e=1×1,000,000=1,000,000gCO₂e | B7: 1000000
A9: 2012 Dollar | B9: 2019
A10: Social Cost of Carbon (USD/tCO2e) | B10: =B3*B5 -> 23.247
A11: Social Cost of Carbon (USD/gCO2e) | B11: =B10/B7 -> 2.3247e-05
A16: Discount rate | B16: 0.03
A17: Year | B17: Social Cost of Carbon (USD/gCO2e)
A18: 2019 | B18: =B11 -> 2.3247e-05
A19: 2020 | B19: =B18*(1+0.03) -> 2.394441e-05
A20: 2021 | B20: =B19*(1+0.03) -> 2.4662742e-05
A21: 2022 | B21: =B20*(1+0.03) -> 2.5402625e-05
A22: 2023 | B22: =B21*(1+0.03) -> 2.6164703e-05
A23: 2024 | B23: =B22*(1+0.03) -> 2.6949644e-05
A24: 2025 | B24: =B23*(1+0.03) -> 2.7758134e-05
A25: 2026 | B25: =B24*(1+0.03) -> 2.8590878e-05
A26: 2027 | B26: =B25*(1+0.03) -> 2.9448604e-05
A27: 2028 | B27: =B26*(1+0.03) -> 3.0332062e-05
A28: 2029 | B28: =B27*(1+0.03) -> 3.1242024e-05
A29: 2030 | B29: =B28*(1+0.03) -> 3.2179285e-05
A30: 2031 | B30: =B29*(1+0.03) -> 3.3144663e-05
... A69: 2070 | B69: =B68*(1+0.03) -> 0.00010497004

Sheet SCoC
A1: Year | B1: Social Cost of Carbon ($/g CO2e)
A2: 2019 | B2: ='SourceData New'!B18 -> 2.3247e-05
A3: 2020 | B3: ='SourceData New'!B19 -> 2.394441e-05
A4: 2021 | B4: ='SourceData New'!B20 -> 2.4662742e-05
A5: 2022 | B5: ='SourceData New'!B21 -> 2.5402625e-05
A6: 2023 | B6: ='SourceData New'!B22 -> 2.6164703e-05
A7: 2024 | B7: ='SourceData New'!B23 -> 2.6949644e-05
A8: 2025 | B8: ='SourceData New'!B24 -> 2.7758134e-05
A9: 2026 | B9: ='SourceData New'!B25 -> 2.8590878e-05
A10: 2027 | B10: ='SourceData New'!B26 -> 2.9448604e-05
A11: 2028 | B11: ='SourceData New'!B27 -> 3.0332062e-05
A12: 2029 | B12: ='SourceData New'!B28 -> 3.1242024e-05
A13: 2030 | B13: ='SourceData New'!B29 -> 3.2179285e-05
... A53: 2070 | B53: ='SourceData New'!B69 -> 0.00010497004
