Workbook

Sheet About
A1: VoSTR VAT or Sales Tax Rate
A3: Sources: | B3: Mexico VAT
B4: PWC Worldwide Tax Summaries
B5: https://taxsummaries.pwc.com/mexico/corporate/other-taxes
A8: Notes:
A9: In the US, this variable represents the sales tax.
A11: In other regions, it will likely represent the Value Added Tax Rate. The model
A12: code can handle either of these tax structures.
A14: For the US, we compute an average sales tax rate for all ISIC codes except
A15: education and government services by dividing sales tax revenue by the
A16: sum of output for all considered ISIC codes.

Sheet Average Tax Rate
A1: Average Sales Tax | B1: 0.16

Sheet VoSTR
A1: Unit: dimensionless | B1: ISIC 01T03 | C1: ISIC 05 | D1: ISIC 06 | E1: ISIC 07T08 | F1: ISIC 09 | G1: ISIC 10T12 | H1: ISIC 13T15 | I1: ISIC 16 | J1: ISIC 17T18 | K1: ISIC 19 | L1: ISIC 20 | M1: ISIC 21 | N1: ISIC 22 | O1: ISIC 231 | P1: ISIC 239 | Q1: ISIC 241 | R1: ISIC 242 | S1: ISIC 25 | T1: ISIC 26 | U1: ISIC 27 | V1: ISIC 28 | W1: ISIC 29 | X1: ISIC 30 | Y1: ISIC 31T33 | Z1: ISIC 351 | AA1: ISIC 352T353 | AB1: ISIC 36T39 | AC1: ISIC 41T43 | AD1: ISIC 45T47 | AE1: ISIC 49T53 | AF1: ISIC 55T56 | AG1: ISIC 58T60 | AH1: ISIC 61 | AI1: ISIC 62T63 | AJ1: ISIC 64T66 | AK1: ISIC 68 | AL1: ISIC 69T82 | AM1: ISIC 84 | AN1: ISIC 85 | AO1: ISIC 86T88 | AP1: ISIC 90T96 | AQ1: ISIC 97T98
A2: Tax Rate | B2: ='Average Tax Rate'!$B$1 -> 0.16 | C2: ='Average Tax Rate'!$B$1 -> 0.16 | D2: ='Average Tax Rate'!$B$1 -> 0.16 | E2: ='Average Tax Rate'!$B$1 -> 0.16 | F2: ='Average Tax Rate'!$B$1 -> 0.16 | G2: ='Average Tax Rate'!$B$1 -> 0.16 | H2: ='Average Tax Rate'!$B$1 -> 0.16 | I2: ='Average Tax Rate'!$B$1 -> 0.16 | ... AQ2: ='Average Tax Rate'!$B$1 -> 0.16
