Workbook
Name Aircraftshare: About!#REF!
Name DaysPerWeek: About!$B$70
Name FallWeekdays: 'Category Mapping'!$E$45
Name FallWeekendDays: 'Category Mapping'!$D$45
Name HDVshare: About!#REF!
Name Hour: 'Source Data'!$F$2:$AC$2
Name LDVshare: About!#REF!
Name Load: 'Source Data'!$F$3:$AC$290
Name LoadFactorHours: 'Summarized Source Data'!$C$600:$C$743
Name LoadFactorSeasons: 'Summarized Source Data'!$A$600:$A$743
Name Motorbikesshare: About!#REF!
Name Railshare: About!#REF!
Name Season: 'Source Data'!$AD$3:$AD$290
Name Sector: 'Source Data'!$AF$3:$AF$290
Name Shipshare: About!#REF!
Name SpringWeekdays: 'Category Mapping'!$E$43
Name SpringWeekendDays: 'Category Mapping'!$D$43
Name Subsector: 'Source Data'!$AG$3:$AG$290
Name SummerWeekdays: 'Category Mapping'!$E$44
Name SummerWeekendDays: 'Category Mapping'!$D$44
Name TimeOfWeek: 'Source Data'!$AE$3:$AE$290
Name Weekdays: About!$B$69
Name WeekendDays: About!$B$68
Name WinterWeekdays: 'Category Mapping'!$E$42
Name WinterWeekendDays: 'Category Mapping'!$D$42

Sheet About
A1: SHELF Seasonal Hourly Equipment Load Factors
A3: Source: | B3: Hourly Load Data | H3: Meixco SHELF Seasonal Hourly Equipment Load Factors
B4: NREL
B5: 2018 | H5: Source: | I5: National Energy Control Center (Cenace)
B6: Electrification Futures Study Load Profiles | I6: Accessed 2024
B7: https://data.nrel.gov/submissions/126 | I7: Public area of ​​the market information system
B8: EFSLoadProfile_Medium_Moderate | I8: https://www.cenace.gob.mx/Paginas/SIM/PronosticosHorasCriticas.aspx
I9: Horas criticas de 2022
B10: Monthly natural gas and electricity consumption
B11: EIA | I11: National Energy Control Center (Cenace)
B12: 2023 | I12: Accessed 2024
B13: Monthly Energy Review | I13: Public area of ​​the market information system
B14: https://www.eia.gov/totalenergy/data/monthly/ | I14: https://www.cenace.gob.mx/APSIM.aspx
B15: Tables and 4.3 and 7.6 | I15: Obtained through the Energy Transition Observatory in Mexico (Obtrenmx.org)
I16: https://obtrenmx.org/
B17: Hourly Load Data
B18: Zapata, Victhalia (2022)
B19: “Data for: Future global electricity demand load curves”
B20: https://data.mendeley.com/datasets/pmd2dchk44/1
A23: About
A24: This file specifies the ratio of the electricity consumed in each hour of the year to the
A25: total amount of electricity consumed during the year, disaggregated by sector.
A27: For the US, we use data from NREL's Electrification Futures Study. We choose to use
A28: the Medium Electrification scenario with Moderate technology advancement, which
A29: is more in line with deployment of technologies like electric vehicles in the EPS
A30: BAU case when compared to NREL's Reference scenario. We choose data from the
A31: year 2018 to ensure we're using historical data.
A32: Due to file size limitations, the raw NREL data is already consolidated using Excel's
A33: Power Query feature.
A35: If you are adapting the EPS to a new geography and don't have hourly load data broken out
A36: by sector, you can use total economywide data in all of the blue output tabs.
... A64: by certain sectors, you can use total economy-wide or sector-wide data.
B67: Number of days per week
A68: Weekend | B68: 2
A69: Weekday | B69: 5
A70: Total | B70: =SUM(B68:B69) -> 7
A72: heating | B72: cooling
A73: 0.19 | B73: 0.81
A74: 0.19 | B74: 0.81

Sheet Sheet1
A1: Source.Name | B1: (Multiple Items)
A3: Row Labels | B3: Sum of h9
A4: 1 | B4: 3644419482
A5: 2 | B5: 3344886095
A6: 3 | B6: 2802555286
A7: 4 | B7: 2341700000
A8: 5 | B8: 3131751653
A9: 6 | B9: 4128820248
A10: 7 | B10: 5206847849
A11: 8 | B11: 5034742693
A12: 9 | B12: 3488297097
A13: 10 | B13: 2458800000
A14: 11 | B14: 2822700000
A15: 12 | B15: 3439303342
A16: Grand Total | B16: 41844823745

Sheet Source Data
A1: Source Data | AD1: Category Mapping
A2: Source.Name | B2: Year | C2: Region | D2: Regions_code.Region Name | E2: Month | F2: h1 | G2: h2 | H2: h3 | I2: h4 | J2: h5 | K2: h6 | L2: h7 | M2: h8 | N2: h9 | O2: h10 | P2: h11 | Q2: h12 | R2: h13 | S2: h14 | T2: h15 | U2: h16 | V2: h17 | W2: h18 | X2: h19 | Y2: h20 | Z2: h21 | AA2: h22 | AB2: h23 | AC2: h24 | AD2: season | AE2: time of week | AF2: sector | AG2: subsector
A3: Residential_cooling_weekday.csv | B3: 2019 | C3: 3 | D3: Mexico | E3: 1 | F3: 297235 | G3: 215977 | H3: 192095 | I3: 216924 | J3: 292622 | K3: 411259 | L3: 521714 | M3: 640741 | N3: 817725 | O3: 1081544 | P3: 1544113 | Q3: 2373507 | R3: 3274609 | S3: 3857826 | T3: 4201111 | U3: 4399980 | V3: 4206632 | W3: 3627806 | X3: 2930211 | Y3: 2234029 | Z3: 1580521 | AA3: 1064353 | AB3: 677984 | AC3: 448604 | AD3: =IF(AND(E3>=3,E3<=5),"Spring",IF(AND(E3>=6,E3<=8),"Summer",IF(AND(E3>=9,E3<=10),"Fall","Winter"))) -> Winter | AE3: =INDEX('Category Mapping'!$B$2:$B$25,MATCH('Source Data'!A3,'Category Mapping'!$A$2:$A$25,0)) -> Weekday | AF3: =INDEX('Category Mapping'!$C$2:$C$25,MATCH('Source Data'!A3,'Category Mapping'!$A$2:$A$25,0)) -> Residential | AG3: =INDEX('Category Mapping'!$D$2:$D$25,MATCH('Source Data'!A3,'Category Mapping'!$A$2:$A$25,0)) -> Cooling
A4: Residential_cooling_weekday.csv | B4: 2019 | C4: 3 | D4: Mexico | E4: 2 | F4: 445010 | G4: 346547 | H4: 317629 | I4: 348067 | J4: 438103 | K4: 584946 | L4: 733644 | M4: 841912 | N4: 1058560 | O4: 1395286 | P4: 1996647 | Q4: 2978823 | R4: 3873366 | S4: 4412848 | T4: 4756987 | U4: 5033001 | V4: 4975810 | W4: 4553007 | X4: 3788969 | Y4: 2882090 | Z4: 2046015 | AA4: 1398524 | AB4: 953393 | AC4: 638063 | AD4: =IF(AND(E4>=3,E4<=5),"Spring",IF(AND(E4>=6,E4<=8),"Summer",IF(AND(E4>=9,E4<=10),"Fall","Winter"))) -> Winter | AE4: =INDEX('Category Mapping'!$B$2:$B$25,MATCH('Source Data'!A4,'Category Mapping'!$A$2:$A$25,0)) -> Weekday | AF4: =INDEX('Category Mapping'!$C$2:$C$25,MATCH('Source Data'!A4,'Category Mapping'!$A$2:$A$25,0)) -> Residential | AG4: =INDEX('Category Mapping'!$D$2:$D$25,MATCH('Source Data'!A4,'Category Mapping'!$A$2:$A$25,0)) -> Cooling
A5: Residential_cooling_weekday.csv | B5: 2019 | C5: 3 | D5: Mexico | E5: 3 | F5: 973628 | G5: 774974 | H5: 720664 | I5: 778374 | J5: 958517 | K5: 1220127 | L5: 1429568 | M5: 1659914 | N5: 2088819 | O5: 2686019 | P5: 3704179 | Q5: 5219125 | R5: 6565219 | S5: 7357147 | T5: 7890942 | U5: 8391072 | V5: 8433820 | W5: 7977214 | X5: 7029294 | Y5: 5548218 | Z5: 4037329 | AA5: 2757331 | AB5: 1857769 | AC5: 1330923 | AD5: =IF(AND(E5>=3,E5<=5),"Spring",IF(AND(E5>=6,E5<=8),"Summer",IF(AND(E5>=9,E5<=10),"Fall","Winter"))) -> Spring | AE5: =INDEX('Category Mapping'!$B$2:$B$25,MATCH('Source Data'!A5,'Category Mapping'!$A$2:$A$25,0)) -> Weekday | AF5: =INDEX('Category Mapping'!$C$2:$C$25,MATCH('Source Data'!A5,'Category Mapping'!$A$2:$A$25,0)) -> Residential | AG5: =INDEX('Category Mapping'!$D$2:$D$25,MATCH('Source Data'!A5,'Category Mapping'!$A$2:$A$25,0)) -> Cooling
A6: Residential_cooling_weekday.csv | B6: 2019 | C6: 3 | D6: Mexico | E6: 4 | F6: 2127434 | G6: 1731629 | H6: 1624547 | I6: 1739224 | J6: 2094415 | K6: 2568006 | L6: 2981361 | M6: 3324563 | N6: 3935264 | O6: 4846495 | P6: 6380863 | Q6: 8675352 | R6: 10700000 | S6: 11900000 | T6: 12700000 | U6: 13500000 | V6: 13700000 | W6: 13300000 | X6: 12100000 | Y6: 10000000 | Z6: 7606189 | AA6: 5522527 | AB6: 3874374 | AC6: 2801197 | AD6: =IF(AND(E6>=3,E6<=5),"Spring",IF(AND(E6>=6,E6<=8),"Summer",IF(AND(E6>=9,E6<=10),"Fall","Winter"))) -> Spring | AE6: =INDEX('Category Mapping'!$B$2:$B$25,MATCH('Source Data'!A6,'Category Mapping'!$A$2:$A$25,0)) -> Weekday | AF6: =INDEX('Category Mapping'!$C$2:$C$25,MATCH('Source Data'!A6,'Category Mapping'!$A$2:$A$25,0)) -> Residential | AG6: =INDEX('Category Mapping'!$D$2:$D$25,MATCH('Source Data'!A6,'Category Mapping'!$A$2:$A$25,0)) -> Cooling
A7: Residential_cooling_weekday.csv | B7: 2019 | C7: 3 | D7: Mexico | E7: 5 | F7: 3539755 | G7: 3061268 | H7: 2925658 | I7: 3074695 | J7: 3484815 | K7: 4077843 | L7: 4534234 | M7: 4695486 | N7: 5151005 | O7: 5856330 | P7: 7239026 | Q7: 9491340 | R7: 11500000 | S7: 12600000 | T7: 13400000 | U7: 14300000 | V7: 14700000 | W7: 14500000 | X7: 13700000 | Y7: 12100000 | Z7: 9956007 | AA7: 7799806 | AB7: 5892380 | AC7: 4448138 | AD7: =IF(AND(E7>=3,E7<=5),"Spring",IF(AND(E7>=6,E7<=8),"Summer",IF(AND(E7>=9,E7<=10),"Fall","Winter"))) -> Spring | AE7: =INDEX('Category Mapping'!$B$2:$B$25,MATCH('Source Data'!A7,'Category Mapping'!$A$2:$A$25,0)) -> Weekday | AF7: =INDEX('Category Mapping'!$C$2:$C$25,MATCH('Source Data'!A7,'Category Mapping'!$A$2:$A$25,0)) -> Residential | AG7: =INDEX('Category Mapping'!$D$2:$D$25,MATCH('Source Data'!A7,'Category Mapping'!$A$2:$A$25,0)) -> Cooling
A8: Residential_cooling_weekday.csv | B8: 2019 | C8: 3 | D8: Mexico | E8: 6 | F8: 4392643 | G8: 3868408 | H8: 3701412 | I8: 3885375 | J8: 4324465 | K8: 4849092 | L8: 5068487 | M8: 4962979 | N8: 5190879 | O8: 5670306 | P8: 6822479 | Q8: 8802688 | R8: 10500000 | S8: 11500000 | T8: 12200000 | U8: 13100000 | V8: 13500000 | W8: 13500000 | X8: 12900000 | Y8: 11700000 | Z8: 10000000 | AA8: 8244146 | AB8: 6586658 | AC8: 5289422 | AD8: =IF(AND(E8>=3,E8<=5),"Spring",IF(AND(E8>=6,E8<=8),"Summer",IF(AND(E8>=9,E8<=10),"Fall","Winter"))) -> Summer | AE8: =INDEX('Category Mapping'!$B$2:$B$25,MATCH('Source Data'!A8,'Category Mapping'!$A$2:$A$25,0)) -> Weekday | AF8: =INDEX('Category Mapping'!$C$2:$C$25,MATCH('Source Data'!A8,'Category Mapping'!$A$2:$A$25,0)) -> Residential | AG8: =INDEX('Category Mapping'!$D$2:$D$25,MATCH('Source Data'!A8,'Category Mapping'!$A$2:$A$25,0)) -> Cooling
A9: Residential_cooling_weekday.csv | B9: 2019 | C9: 3 | D9: Mexico | E9: 7 | F9: 4774775 | G9: 4276473 | H9: 4116400 | I9: 4295230 | J9: 4700666 | K9: 5161769 | L9: 5294096 | M9: 5054550 | N9: 5155255 | O9: 5523447 | P9: 6609618 | Q9: 8519837 | R9: 10200000 | S9: 11100000 | T9: 11800000 | U9: 12700000 | V9: 13100000 | W9: 13000000 | X9: 12500000 | Y9: 11400000 | Z9: 9964223 | AA9: 8396257 | AB9: 6879846 | AC9: 5630492 | AD9: =IF(AND(E9>=3,E9<=5),"Spring",IF(AND(E9>=6,E9<=8),"Summer",IF(AND(E9>=9,E9<=10),"Fall","Winter"))) -> Summer | AE9: =INDEX('Category Mapping'!$B$2:$B$25,MATCH('Source Data'!A9,'Category Mapping'!$A$2:$A$25,0)) -> Weekday | AF9: =INDEX('Category Mapping'!$C$2:$C$25,MATCH('Source Data'!A9,'Category Mapping'!$A$2:$A$25,0)) -> Residential | AG9: =INDEX('Category Mapping'!$D$2:$D$25,MATCH('Source Data'!A9,'Category Mapping'!$A$2:$A$25,0)) -> Cooling
A10: Residential_cooling_weekday.csv | B10: 2019 | C10: 3 | D10: Mexico | E10: 8 | F10: 4413787 | G10: 3934235 | H10: 3782551 | I10: 3951491 | J10: 4345281 | K10: 4821944 | L10: 4995566 | M10: 4857231 | N10: 5047920 | O10: 5490485 | P10: 6649056 | Q10: 8632058 | R10: 10400000 | S10: 11300000 | T10: 12100000 | U10: 12900000 | V10: 13300000 | W10: 13200000 | X10: 12600000 | Y10: 11300000 | Z10: 9756763 | AA10: 8068485 | AB10: 6491894 | AC10: 5259808 | AD10: =IF(AND(E10>=3,E10<=5),"Spring",IF(AND(E10>=6,E10<=8),"Summer",IF(AND(E10>=9,E10<=10),"Fall","Winter"))) -> Summer | AE10: =INDEX('Category Mapping'!$B$2:$B$25,MATCH('Source Data'!A10,'Category Mapping'!$A$2:$A$25,0)) -> Weekday | AF10: =INDEX('Category Mapping'!$C$2:$C$25,MATCH('Source Data'!A10,'Category Mapping'!$A$2:$A$25,0)) -> Residential | AG10: =INDEX('Category Mapping'!$D$2:$D$25,MATCH('Source Data'!A10,'Category Mapping'!$A$2:$A$25,0)) -> Cooling
A11: Residential_cooling_weekday.csv | B11: 2019 | C11: 3 | D11: Mexico | E11: 9 | F11: 3581765 | G11: 3195126 | H11: 3071571 | I11: 3209140 | J11: 3526173 | K11: 3923516 | L11: 4056470 | M11: 3948261 | N11: 4119243 | O11: 4527900 | P11: 5529613 | Q11: 7234027 | R11: 8727007 | S11: 9568934 | T11: 10200000 | U11: 10900000 | V11: 11200000 | W11: 11100000 | X11: 10500000 | Y11: 9352791 | Z11: 7961789 | AA11: 6558570 | AB11: 5271510 | AC11: 4279797 | AD11: =IF(AND(E11>=3,E11<=5),"Spring",IF(AND(E11>=6,E11<=8),"Summer",IF(AND(E11>=9,E11<=10),"Fall","Winter"))) -> Fall | AE11: =INDEX('Category Mapping'!$B$2:$B$25,MATCH('Source Data'!A11,'Category Mapping'!$A$2:$A$25,0)) -> Weekday | AF11: =INDEX('Category Mapping'!$C$2:$C$25,MATCH('Source Data'!A11,'Category Mapping'!$A$2:$A$25,0)) -> Residential | AG11: =INDEX('Category Mapping'!$D$2:$D$25,MATCH('Source Data'!A11,'Category Mapping'!$A$2:$A$25,0)) -> Cooling
A12: Residential_cooling_weekday.csv | B12: 2019 | C12: 3 | D12: Mexico | E12: 10 | F12: 2140364 | G12: 1825491 | H12: 1733188 | I12: 1833498 | J12: 2107143 | K12: 2445803 | L12: 2636924 | M12: 2681117 | N12: 2936138 | O12: 3377885 | P12: 4330062 | Q12: 5881621 | R12: 7250151 | S12: 8039681 | T12: 8594724 | U12: 9169525 | V12: 9313698 | W12: 8989812 | X12: 8217012 | Y12: 6977331 | Z12: 5675049 | AA12: 4453681 | AB12: 3426765 | AC12: 2667898 | AD12: =IF(AND(E12>=3,E12<=5),"Spring",IF(AND(E12>=6,E12<=8),"Summer",IF(AND(E12>=9,E12<=10),"Fall","Winter"))) -> Fall | AE12: =INDEX('Category Mapping'!$B$2:$B$25,MATCH('Source Data'!A12,'Category Mapping'!$A$2:$A$25,0)) -> Weekday | AF12: =INDEX('Category Mapping'!$C$2:$C$25,MATCH('Source Data'!A12,'Category Mapping'!$A$2:$A$25,0)) -> Residential | AG12: =INDEX('Category Mapping'!$D$2:$D$25,MATCH('Source Data'!A12,'Category Mapping'!$A$2:$A$25,0)) -> Cooling
A13: Residential_cooling_weekday.csv | B13: 2019 | C13: 3 | D13: Mexico | E13: 11 | F13: 839224 | G13: 700923 | H13: 658545 | I13: 703997 | J13: 826199 | K13: 1008084 | L13: 1171396 | M13: 1275839 | N13: 1493450 | O13: 1857810 | P13: 2545438 | Q13: 3777382 | R13: 4912516 | S13: 5594227 | T13: 6028992 | U13: 6380403 | V13: 6310723 | W13: 5773570 | X13: 4830390 | Y13: 3837476 | Z13: 2886582 | AA13: 2119332 | AB13: 1522267 | AC13: 1099625 | AD13: =IF(AND(E13>=3,E13<=5),"Spring",IF(AND(E13>=6,E13<=8),"Summer",IF(AND(E13>=9,E13<=10),"Fall","Winter"))) -> Winter | AE13: =INDEX('Category Mapping'!$B$2:$B$25,MATCH('Source Data'!A13,'Category Mapping'!$A$2:$A$25,0)) -> Weekday | AF13: =INDEX('Category Mapping'!$C$2:$C$25,MATCH('Source Data'!A13,'Category Mapping'!$A$2:$A$25,0)) -> Residential | AG13: =INDEX('Category Mapping'!$D$2:$D$25,MATCH('Source Data'!A13,'Category Mapping'!$A$2:$A$25,0)) -> Cooling
A14: Residential_cooling_weekday.csv | B14: 2019 | C14: 3 | D14: Mexico | E14: 12 | F14: 456666 | G14: 358304 | H14: 328026 | I14: 359876 | J14: 449578 | K14: 574277 | L14: 687779 | M14: 791918 | N14: 966917 | O14: 1239267 | P14: 1741929 | Q14: 2683936 | R14: 3660106 | S14: 4269033 | T14: 4635586 | U14: 4868975 | V14: 4701851 | W14: 4102284 | X14: 3305600 | Y14: 2559820 | Z14: 1868884 | AA14: 1315477 | AB14: 893791 | AC14: 626425 | AD14: =IF(AND(E14>=3,E14<=5),"Spring",IF(AND(E14>=6,E14<=8),"Summer",IF(AND(E14>=9,E14<=10),"Fall","Winter"))) -> Winter | AE14: =INDEX('Category Mapping'!$B$2:$B$25,MATCH('Source Data'!A14,'Category Mapping'!$A$2:$A$25,0)) -> Weekday | AF14: =INDEX('Category Mapping'!$C$2:$C$25,MATCH('Source Data'!A14,'Category Mapping'!$A$2:$A$25,0)) -> Residential | AG14: =INDEX('Category Mapping'!$D$2:$D$25,MATCH('Source Data'!A14,'Category Mapping'!$A$2:$A$25,0)) -> Cooling
... A290: Transport_total_weekend.csv | B290: 2019 | C290: 3 | D290: Mexico | E290: 12 | F290: 939000 | G290: 933000 | H290: 931000 | I290: 931000 | J290: 930000 | K290: 931000 | L290: 1140000 | M290: 1470000 | N290: 1690000 | O290: 1840000 | P290: 1910000 | Q290: 1920000 | R290: 1850000 | S290: 1720000 | T290: 1720000 | U290: 1710000 | V290: 2040000 | W290: 2040000 | X290: 2040000 | Y290: 2030000 | Z290: 2020000 | AA290: 2010000 | AB290: 2010000 | AC290: 1350000 | AD290: =IF(AND(E290>=3,E290<=5),"Spring",IF(AND(E290>=6,E290<=8),"Summer",IF(AND(E290>=9,E290<=10),"Fall","Winter"))) -> Winter | AE290: =INDEX('Category Mapping'!$B$2:$B$25,MATCH('Source Data'!A290,'Category Mapping'!$A$2:$A$25,0)) -> Weekend | AF290: =INDEX('Category Mapping'!$C$2:$C$25,MATCH('Source Data'!A290,'Category Mapping'!$A$2:$A$25,0)) -> Transportation | AG290: =INDEX('Category Mapping'!$D$2:$D$25,MATCH('Source Data'!A290,'Category Mapping'!$A$2:$A$25,0)) -> Transportation

Sheet Summarized Source Data
A1: Total Season Demand Per Specified Hour, Time of Week, and End Use (kW/month)
E2: Residential | F2: Residential | G2: Residential | H2: Residential | I2: Residential | J2: Residential | K2: Commercial | L2: Commercial | M2: Commercial | N2: Commercial | O2: Commercial | P2: Commercial | Q2: Transportation | R2: Transportation | S2: Transportation | T2: Transportation | U2: Transportation | V2: Transportation | W2: Industry | X2: Industry | Y2: Industry
A3: Season | B3: Hour | D3: Time of Week | E3: Heating | F3: Cooling | G3: Envelope | H3: Lighting | I3: Appliances | J3: Other | K3: Heating | L3: Cooling | M3: Envelope | N3: Lighting | O3: Appliances | P3: Other | Q3: LDVs | R3: HDVs | S3: Aircraft | T3: Rail | U3: Ships | V3: Motorbikes | W3: Industry | X3: District Heat and Hydrogen | Y3: Geoengineering
A4: Winter | B4: h1 | C4: Hour0 | D4: Weekday | E4: =SUMIFS(INDEX(Load,,MATCH('Summarized Source Data'!$B4,Hour,0)),Season,'Summarized Source Data'!$A4,Sector,'Summarized Source Data'!E$2,Subsector,'Summarized Source Data'!E$3,TimeOfWeek,$D4) -> 0 | F4: =SUMIFS(INDEX(Load,,MATCH('Summarized Source Data'!$B4,Hour,0)),Season,'Summarized Source Data'!$A4,Sector,'Summarized Source Data'!F$2,Subsector,'Summarized Source Data'!F$3,TimeOfWeek,$D4) -> 2038135 | G4: =SUMIFS(INDEX(Load,,MATCH('Summarized Source Data'!$B4,Hour,0)),Season,'Summarized Source Data'!$A4,Sector,'Summarized Source Data'!G$2,Subsector,'Summarized Source Data'!G$3,TimeOfWeek,$D4) -> 0 | H4: =SUMIFS(INDEX(Load,,MATCH('Summarized Source Data'!$B4,Hour,0)),Season,'Summarized Source Data'!$A4,Sector,'Summarized Source Data'!H$2,Subsector,'Summarized Source Data'!H$3,TimeOfWeek,$D4) -> 72100000 | I4: =H4 -> 72100000 | J4: =H4 -> 72100000 | K4: =SUMIFS(INDEX(Load,,MATCH('Summarized Source Data'!$B4,Hour,0)),Season,'Summarized Source Data'!$A4,Sector,'Summarized Source Data'!K$2,Subsector,'Summarized Source Data'!K$3,TimeOfWeek,$D4) -> 15281527 | L4: =SUMIFS(INDEX(Load,,MATCH('Summarized Source Data'!$B4,Hour,0)),Season,'Summarized Source Data'!$A4,Sector,'Summarized Source Data'!L$2,Subsector,'Summarized Source Data'!L$3,TimeOfWeek,$D4) -> 14985535 | M4: =SUMIFS(INDEX(Load,,MATCH('Summarized Source Data'!$B4,Hour,0)),Season,'Summarized Source Data'!$A4,Sector,'Summarized Source Data'!M$2,Subsector,'Summarized Source Data'!M$3,TimeOfWeek,$D4) -> 0 | N4: =H4 -> 72100000 | O4: =N4 -> 72100000 | P4: =N4 -> 72100000 | Q4: =SUMIFS(INDEX(Load,,MATCH('Summarized Source Data'!$B4,Hour,0)),Season,'Summarized Source Data'!$A4,Sector,'Summarized Source Data'!Q$2,TimeOfWeek,$D4) -> 7120000 | R4: =SUMIFS(INDEX(Load,,MATCH('Summarized Source Data'!$B4,Hour,0)),Season,'Summarized Source Data'!$A4,Sector,'Summarized Source Data'!R$2,TimeOfWeek,$D4) -> 7120000 | S4: =SUMIFS(INDEX(Load,,MATCH('Summarized Source Data'!$B4,Hour,0)),Season,'Summarized Source Data'!$A4,Sector,'Summarized Source Data'!S$2,TimeOfWeek,$D4) -> 7120000 | T4: =SUMIFS(INDEX(Load,,MATCH('Summarized Source Data'!$B4,Hour,0)),Season,'Summarized Source Data'!$A4,Sector,'Summarized Source Data'!T$2,TimeOfWeek,$D4) -> 7120000 | U4: =SUMIFS(INDEX(Load,,MATCH('Summarized Source Data'!$B4,Hour,0)),Season,'Summarized Source Data'!$A4,Sector,'Summarized Source Data'!U$2,TimeOfWeek,$D4) -> 7120000 | V4: =SUMIFS(INDEX(Load,,MATCH('Summarized Source Data'!$B4,Hour,0)),Season,'Summarized Source Data'!$A4,Sector,'Summarized Source Data'!V$2,TimeOfWeek,$D4) -> 7120000 | W4: =SUMIFS(INDEX(Load,,MATCH('Summarized Source Data'!$B4,Hour,0)),Season,'Summarized Source Data'!$A4,Sector,'Summarized Source Data'!W$2,Subsector,'Summarized Source Data'!W$3,TimeOfWeek,$D4) -> 1305000000 | X4: =$W4 -> 1305000000 | Y4: =$W4 -> 1305000000
A5: Winter | B5: h2 | C5: Hour1 | D5: Weekday | E5: =SUMIFS(INDEX(Load,,MATCH('Summarized Source Data'!$B5,Hour,0)),Season,'Summarized Source Data'!$A5,Sector,'Summarized Source Data'!E$2,Subsector,'Summarized Source Data'!E$3,TimeOfWeek,$D5) -> 0 | F5: =SUMIFS(INDEX(Load,,MATCH('Summarized Source Data'!$B5,Hour,0)),Season,'Summarized Source Data'!$A5,Sector,'Summarized Source Data'!F$2,Subsector,'Summarized Source Data'!F$3,TimeOfWeek,$D5) -> 1621751 | G5: =SUMIFS(INDEX(Load,,MATCH('Summarized Source Data'!$B5,Hour,0)),Season,'Summarized Source Data'!$A5,Sector,'Summarized Source Data'!G$2,Subsector,'Summarized Source Data'!G$3,TimeOfWeek,$D5) -> 0 | H5: =SUMIFS(INDEX(Load,,MATCH('Summarized Source Data'!$B5,Hour,0)),Season,'Summarized Source Data'!$A5,Sector,'Summarized Source Data'!H$2,Subsector,'Summarized Source Data'!H$3,TimeOfWeek,$D5) -> 66500000 | I5: =H5 -> 66500000 | J5: =H5 -> 66500000 | K5: =SUMIFS(INDEX(Load,,MATCH('Summarized Source Data'!$B5,Hour,0)),Season,'Summarized Source Data'!$A5,Sector,'Summarized Source Data'!K$2,Subsector,'Summarized Source Data'!K$3,TimeOfWeek,$D5) -> 13958713 | L5: =SUMIFS(INDEX(Load,,MATCH('Summarized Source Data'!$B5,Hour,0)),Season,'Summarized Source Data'!$A5,Sector,'Summarized Source Data'!L$2,Subsector,'Summarized Source Data'!L$3,TimeOfWeek,$D5) -> 14015817 | M5: =SUMIFS(INDEX(Load,,MATCH('Summarized Source Data'!$B5,Hour,0)),Season,'Summarized Source Data'!$A5,Sector,'Summarized Source Data'!M$2,Subsector,'Summarized Source Data'!M$3,TimeOfWeek,$D5) -> 0 | N5: =H5 -> 66500000 | O5: =N5 -> 66500000 | P5: =N5 -> 66500000 | Q5: =SUMIFS(INDEX(Load,,MATCH('Summarized Source Data'!$B5,Hour,0)),Season,'Summarized Source Data'!$A5,Sector,'Summarized Source Data'!Q$2,TimeOfWeek,$D5) -> 7100000 | R5: =SUMIFS(INDEX(Load,,MATCH('Summarized Source Data'!$B5,Hour,0)),Season,'Summarized Source Data'!$A5,Sector,'Summarized Source Data'!R$2,TimeOfWeek,$D5) -> 7100000 | S5: =SUMIFS(INDEX(Load,,MATCH('Summarized Source Data'!$B5,Hour,0)),Season,'Summarized Source Data'!$A5,Sector,'Summarized Source Data'!S$2,TimeOfWeek,$D5) -> 7100000 | T5: =SUMIFS(INDEX(Load,,MATCH('Summarized Source Data'!$B5,Hour,0)),Season,'Summarized Source Data'!$A5,Sector,'Summarized Source Data'!T$2,TimeOfWeek,$D5) -> 7100000 | U5: =SUMIFS(INDEX(Load,,MATCH('Summarized Source Data'!$B5,Hour,0)),Season,'Summarized Source Data'!$A5,Sector,'Summarized Source Data'!U$2,TimeOfWeek,$D5) -> 7100000 | V5: =SUMIFS(INDEX(Load,,MATCH('Summarized Source Data'!$B5,Hour,0)),Season,'Summarized Source Data'!$A5,Sector,'Summarized Source Data'!V$2,TimeOfWeek,$D5) -> 7100000 | W5: =SUMIFS(INDEX(Load,,MATCH('Summarized Source Data'!$B5,Hour,0)),Season,'Summarized Source Data'!$A5,Sector,'Summarized Source Data'!W$2,Subsector,'Summarized Source Data'!W$3,TimeOfWeek,$D5) -> 1303000000 | X5: =$W5 -> 1303000000 | Y5: =$W5 -> 1303000000
A6: Winter | B6: h3 | C6: Hour2 | D6: Weekday | E6: =SUMIFS(INDEX(Load,,MATCH('Summarized Source Data'!$B6,Hour,0)),Season,'Summarized Source Data'!$A6,Sector,'Summarized Source Data'!E$2,Subsector,'Summarized Source Data'!E$3,TimeOfWeek,$D6) -> 0 | F6: =SUMIFS(INDEX(Load,,MATCH('Summarized Source Data'!$B6,Hour,0)),Season,'Summarized Source Data'!$A6,Sector,'Summarized Source Data'!F$2,Subsector,'Summarized Source Data'!F$3,TimeOfWeek,$D6) -> 1496295 | G6: =SUMIFS(INDEX(Load,,MATCH('Summarized Source Data'!$B6,Hour,0)),Season,'Summarized Source Data'!$A6,Sector,'Summarized Source Data'!G$2,Subsector,'Summarized Source Data'!G$3,TimeOfWeek,$D6) -> 0 | H6: =SUMIFS(INDEX(Load,,MATCH('Summarized Source Data'!$B6,Hour,0)),Season,'Summarized Source Data'!$A6,Sector,'Summarized Source Data'!H$2,Subsector,'Summarized Source Data'!H$3,TimeOfWeek,$D6) -> 65800000 | I6: =H6 -> 65800000 | J6: =H6 -> 65800000 | K6: =SUMIFS(INDEX(Load,,MATCH('Summarized Source Data'!$B6,Hour,0)),Season,'Summarized Source Data'!$A6,Sector,'Summarized Source Data'!K$2,Subsector,'Summarized Source Data'!K$3,TimeOfWeek,$D6) -> 12516633 | L6: =SUMIFS(INDEX(Load,,MATCH('Summarized Source Data'!$B6,Hour,0)),Season,'Summarized Source Data'!$A6,Sector,'Summarized Source Data'!L$2,Subsector,'Summarized Source Data'!L$3,TimeOfWeek,$D6) -> 13628712 | M6: =SUMIFS(INDEX(Load,,MATCH('Summarized Source Data'!$B6,Hour,0)),Season,'Summarized Source Data'!$A6,Sector,'Summarized Source Data'!M$2,Subsector,'Summarized Source Data'!M$3,TimeOfWeek,$D6) -> 0 | N6: =H6 -> 65800000 | O6: =N6 -> 65800000 | P6: =N6 -> 65800000 | Q6: =SUMIFS(INDEX(Load,,MATCH('Summarized Source Data'!$B6,Hour,0)),Season,'Summarized Source Data'!$A6,Sector,'Summarized Source Data'!Q$2,TimeOfWeek,$D6) -> 7100000 | R6: =SUMIFS(INDEX(Load,,MATCH('Summarized Source Data'!$B6,Hour,0)),Season,'Summarized Source Data'!$A6,Sector,'Summarized Source Data'!R$2,TimeOfWeek,$D6) -> 7100000 | S6: =SUMIFS(INDEX(Load,,MATCH('Summarized Source Data'!$B6,Hour,0)),Season,'Summarized Source Data'!$A6,Sector,'Summarized Source Data'!S$2,TimeOfWeek,$D6) -> 7100000 | T6: =SUMIFS(INDEX(Load,,MATCH('Summarized Source Data'!$B6,Hour,0)),Season,'Summarized Source Data'!$A6,Sector,'Summarized Source Data'!T$2,TimeOfWeek,$D6) -> 7100000 | U6: =SUMIFS(INDEX(Load,,MATCH('Summarized Source Data'!$B6,Hour,0)),Season,'Summarized Source Data'!$A6,Sector,'Summarized Source Data'!U$2,TimeOfWeek,$D6) -> 7100000 | V6: =SUMIFS(INDEX(Load,,MATCH('Summarized Source Data'!$B6,Hour,0)),Season,'Summarized Source Data'!$A6,Sector,'Summarized Source Data'!V$2,TimeOfWeek,$D6) -> 7100000 | W6: =SUMIFS(INDEX(Load,,MATCH('Summarized Source Data'!$B6,Hour,0)),Season,'Summarized Source Data'!$A6,Sector,'Summarized Source Data'!W$2,Subsector,'Summarized Source Data'!W$3,TimeOfWeek,$D6) -> 1303000000 | X6: =$W6 -> 1303000000 | Y6: =$W6 -> 1303000000
A7: Winter | B7: h4 | C7: Hour3 | D7: Weekday | E7: =SUMIFS(INDEX(Load,,MATCH('Summarized Source Data'!$B7,Hour,0)),Season,'Summarized Source Data'!$A7,Sector,'Summarized Source Data'!E$2,Subsector,'Summarized Source Data'!E$3,TimeOfWeek,$D7) -> 0 | F7: =SUMIFS(INDEX(Load,,MATCH('Summarized Source Data'!$B7,Hour,0)),Season,'Summarized Source Data'!$A7,Sector,'Summarized Source Data'!F$2,Subsector,'Summarized Source Data'!F$3,TimeOfWeek,$D7) -> 1628864 | G7: =SUMIFS(INDEX(Load,,MATCH('Summarized Source Data'!$B7,Hour,0)),Season,'Summarized Source Data'!$A7,Sector,'Summarized Source Data'!G$2,Subsector,'Summarized Source Data'!G$3,TimeOfWeek,$D7) -> 0 | H7: =SUMIFS(INDEX(Load,,MATCH('Summarized Source Data'!$B7,Hour,0)),Season,'Summarized Source Data'!$A7,Sector,'Summarized Source Data'!H$2,Subsector,'Summarized Source Data'!H$3,TimeOfWeek,$D7) -> 67300000 | I7: =H7 -> 67300000 | J7: =H7 -> 67300000 | K7: =SUMIFS(INDEX(Load,,MATCH('Summarized Source Data'!$B7,Hour,0)),Season,'Summarized Source Data'!$A7,Sector,'Summarized Source Data'!K$2,Subsector,'Summarized Source Data'!K$3,TimeOfWeek,$D7) -> 12915332 | L7: =SUMIFS(INDEX(Load,,MATCH('Summarized Source Data'!$B7,Hour,0)),Season,'Summarized Source Data'!$A7,Sector,'Summarized Source Data'!L$2,Subsector,'Summarized Source Data'!L$3,TimeOfWeek,$D7) -> 13486616 | M7: =SUMIFS(INDEX(Load,,MATCH('Summarized Source Data'!$B7,Hour,0)),Season,'Summarized Source Data'!$A7,Sector,'Summarized Source Data'!M$2,Subsector,'Summarized Source Data'!M$3,TimeOfWeek,$D7) -> 0 | N7: =H7 -> 67300000 | O7: =N7 -> 67300000 | P7: =N7 -> 67300000 | Q7: =SUMIFS(INDEX(Load,,MATCH('Summarized Source Data'!$B7,Hour,0)),Season,'Summarized Source Data'!$A7,Sector,'Summarized Source Data'!Q$2,TimeOfWeek,$D7) -> 7100000 | R7: =SUMIFS(INDEX(Load,,MATCH('Summarized Source Data'!$B7,Hour,0)),Season,'Summarized Source Data'!$A7,Sector,'Summarized Source Data'!R$2,TimeOfWeek,$D7) -> 7100000 | S7: =SUMIFS(INDEX(Load,,MATCH('Summarized Source Data'!$B7,Hour,0)),Season,'Summarized Source Data'!$A7,Sector,'Summarized Source Data'!S$2,TimeOfWeek,$D7) -> 7100000 | T7: =SUMIFS(INDEX(Load,,MATCH('Summarized Source Data'!$B7,Hour,0)),Season,'Summarized Source Data'!$A7,Sector,'Summarized Source Data'!T$2,TimeOfWeek,$D7) -> 7100000 | U7: =SUMIFS(INDEX(Load,,MATCH('Summarized Source Data'!$B7,Hour,0)),Season,'Summarized Source Data'!$A7,Sector,'Summarized Source Data'!U$2,TimeOfWeek,$D7) -> 7100000 | V7: =SUMIFS(INDEX(Load,,MATCH('Summarized Source Data'!$B7,Hour,0)),Season,'Summarized Source Data'!$A7,Sector,'Summarized Source Data'!V$2,TimeOfWeek,$D7) -> 7100000 | W7: =SUMIFS(INDEX(Load,,MATCH('Summarized Source Data'!$B7,Hour,0)),Season,'Summarized Source Data'!$A7,Sector,'Summarized Source Data'!W$2,Subsector,'Summarized Source Data'!W$3,TimeOfWeek,$D7) -> 1303000000 | X7: =$W7 -> 1303000000 | Y7: =$W7 -> 1303000000
A8: Winter | B8: h5 | C8: Hour4 | D8: Weekday | E8: =SUMIFS(INDEX(Load,,MATCH('Summarized Source Data'!$B8,Hour,0)),Season,'Summarized Source Data'!$A8,Sector,'Summarized Source Data'!E$2,Subsector,'Summarized Source Data'!E$3,TimeOfWeek,$D8) -> 0 | F8: =SUMIFS(INDEX(Load,,MATCH('Summarized Source Data'!$B8,Hour,0)),Season,'Summarized Source Data'!$A8,Sector,'Summarized Source Data'!F$2,Subsector,'Summarized Source Data'!F$3,TimeOfWeek,$D8) -> 2006502 | G8: =SUMIFS(INDEX(Load,,MATCH('Summarized Source Data'!$B8,Hour,0)),Season,'Summarized Source Data'!$A8,Sector,'Summarized Source Data'!G$2,Subsector,'Summarized Source Data'!G$3,TimeOfWeek,$D8) -> 0 | H8: =SUMIFS(INDEX(Load,,MATCH('Summarized Source Data'!$B8,Hour,0)),Season,'Summarized Source Data'!$A8,Sector,'Summarized Source Data'!H$2,Subsector,'Summarized Source Data'!H$3,TimeOfWeek,$D8) -> 86500000 | I8: =H8 -> 86500000 | J8: =H8 -> 86500000 | K8: =SUMIFS(INDEX(Load,,MATCH('Summarized Source Data'!$B8,Hour,0)),Season,'Summarized Source Data'!$A8,Sector,'Summarized Source Data'!K$2,Subsector,'Summarized Source Data'!K$3,TimeOfWeek,$D8) -> 13541989 | L8: =SUMIFS(INDEX(Load,,MATCH('Summarized Source Data'!$B8,Hour,0)),Season,'Summarized Source Data'!$A8,Sector,'Summarized Source Data'!L$2,Subsector,'Summarized Source Data'!L$3,TimeOfWeek,$D8) -> 13604391 | M8: =SUMIFS(INDEX(Load,,MATCH('Summarized Source Data'!$B8,Hour,0)),Season,'Summarized Source Data'!$A8,Sector,'Summarized Source Data'!M$2,Subsector,'Summarized Source Data'!M$3,TimeOfWeek,$D8) -> 0 | N8: =H8 -> 86500000 | O8: =N8 -> 86500000 | P8: =N8 -> 86500000 | Q8: =SUMIFS(INDEX(Load,,MATCH('Summarized Source Data'!$B8,Hour,0)),Season,'Summarized Source Data'!$A8,Sector,'Summarized Source Data'!Q$2,TimeOfWeek,$D8) -> 7100000 | R8: =SUMIFS(INDEX(Load,,MATCH('Summarized Source Data'!$B8,Hour,0)),Season,'Summarized Source Data'!$A8,Sector,'Summarized Source Data'!R$2,TimeOfWeek,$D8) -> 7100000 | S8: =SUMIFS(INDEX(Load,,MATCH('Summarized Source Data'!$B8,Hour,0)),Season,'Summarized Source Data'!$A8,Sector,'Summarized Source Data'!S$2,TimeOfWeek,$D8) -> 7100000 | T8: =SUMIFS(INDEX(Load,,MATCH('Summarized Source Data'!$B8,Hour,0)),Season,'Summarized Source Data'!$A8,Sector,'Summarized Source Data'!T$2,TimeOfWeek,$D8) -> 7100000 | U8: =SUMIFS(INDEX(Load,,MATCH('Summarized Source Data'!$B8,Hour,0)),Season,'Summarized Source Data'!$A8,Sector,'Summarized Source Data'!U$2,TimeOfWeek,$D8) -> 7100000 | V8: =SUMIFS(INDEX(Load,,MATCH('Summarized Source Data'!$B8,Hour,0)),Season,'Summarized Source Data'!$A8,Sector,'Summarized Source Data'!V$2,TimeOfWeek,$D8) -> 7100000 | W8: =SUMIFS(INDEX(Load,,MATCH('Summarized Source Data'!$B8,Hour,0)),Season,'Summarized Source Data'!$A8,Sector,'Summarized Source Data'!W$2,Subsector,'Summarized Source Data'!W$3,TimeOfWeek,$D8) -> 1305000000 | X8: =$W8 -> 1305000000 | Y8: =$W8 -> 1305000000
A9: Winter | B9: h6 | C9: Hour5 | D9: Weekday | E9: =SUMIFS(INDEX(Load,,MATCH('Summarized Source Data'!$B9,Hour,0)),Season,'Summarized Source Data'!$A9,Sector,'Summarized Source Data'!E$2,Subsector,'Summarized Source Data'!E$3,TimeOfWeek,$D9) -> 0 | F9: =SUMIFS(INDEX(Load,,MATCH('Summarized Source Data'!$B9,Hour,0)),Season,'Summarized Source Data'!$A9,Sector,'Summarized Source Data'!F$2,Subsector,'Summarized Source Data'!F$3,TimeOfWeek,$D9) -> 2578566 | G9: =SUMIFS(INDEX(Load,,MATCH('Summarized Source Data'!$B9,Hour,0)),Season,'Summarized Source Data'!$A9,Sector,'Summarized Source Data'!G$2,Subsector,'Summarized Source Data'!G$3,TimeOfWeek,$D9) -> 0 | H9: =SUMIFS(INDEX(Load,,MATCH('Summarized Source Data'!$B9,Hour,0)),Season,'Summarized Source Data'!$A9,Sector,'Summarized Source Data'!H$2,Subsector,'Summarized Source Data'!H$3,TimeOfWeek,$D9) -> 148800000 | I9: =H9 -> 148800000 | J9: =H9 -> 148800000 | K9: =SUMIFS(INDEX(Load,,MATCH('Summarized Source Data'!$B9,Hour,0)),Season,'Summarized Source Data'!$A9,Sector,'Summarized Source Data'!K$2,Subsector,'Summarized Source Data'!K$3,TimeOfWeek,$D9) -> 13820387 | L9: =SUMIFS(INDEX(Load,,MATCH('Summarized Source Data'!$B9,Hour,0)),Season,'Summarized Source Data'!$A9,Sector,'Summarized Source Data'!L$2,Subsector,'Summarized Source Data'!L$3,TimeOfWeek,$D9) -> 14309159 | M9: =SUMIFS(INDEX(Load,,MATCH('Summarized Source Data'!$B9,Hour,0)),Season,'Summarized Source Data'!$A9,Sector,'Summarized Source Data'!M$2,Subsector,'Summarized Source Data'!M$3,TimeOfWeek,$D9) -> 0 | N9: =H9 -> 148800000 | O9: =N9 -> 148800000 | P9: =N9 -> 148800000 | Q9: =SUMIFS(INDEX(Load,,MATCH('Summarized Source Data'!$B9,Hour,0)),Season,'Summarized Source Data'!$A9,Sector,'Summarized Source Data'!Q$2,TimeOfWeek,$D9) -> 7120000 | R9: =SUMIFS(INDEX(Load,,MATCH('Summarized Source Data'!$B9,Hour,0)),Season,'Summarized Source Data'!$A9,Sector,'Summarized Source Data'!R$2,TimeOfWeek,$D9) -> 7120000 | S9: =SUMIFS(INDEX(Load,,MATCH('Summarized Source Data'!$B9,Hour,0)),Season,'Summarized Source Data'!$A9,Sector,'Summarized Source Data'!S$2,TimeOfWeek,$D9) -> 7120000 | T9: =SUMIFS(INDEX(Load,,MATCH('Summarized Source Data'!$B9,Hour,0)),Season,'Summarized Source Data'!$A9,Sector,'Summarized Source Data'!T$2,TimeOfWeek,$D9) -> 7120000 | U9: =SUMIFS(INDEX(Load,,MATCH('Summarized Source Data'!$B9,Hour,0)),Season,'Summarized Source Data'!$A9,Sector,'Summarized Source Data'!U$2,TimeOfWeek,$D9) -> 7120000 | V9: =SUMIFS(INDEX(Load,,MATCH('Summarized Source Data'!$B9,Hour,0)),Season,'Summarized Source Data'!$A9,Sector,'Summarized Source Data'!V$2,TimeOfWeek,$D9) -> 7120000 | W9: =SUMIFS(INDEX(Load,,MATCH('Summarized Source Data'!$B9,Hour,0)),Season,'Summarized Source Data'!$A9,Sector,'Summarized Source Data'!W$2,Subsector,'Summarized Source Data'!W$3,TimeOfWeek,$D9) -> 1311000000 | X9: =$W9 -> 1311000000 | Y9: =$W9 -> 1311000000
A10: Winter | B10: h7 | C10: Hour6 | D10: Weekday | E10: =SUMIFS(INDEX(Load,,MATCH('Summarized Source Data'!$B10,Hour,0)),Season,'Summarized Source Data'!$A10,Sector,'Summarized Source Data'!E$2,Subsector,'Summarized Source Data'!E$3,TimeOfWeek,$D10) -> 0 | F10: =SUMIFS(INDEX(Load,,MATCH('Summarized Source Data'!$B10,Hour,0)),Season,'Summarized Source Data'!$A10,Sector,'Summarized Source Data'!F$2,Subsector,'Summarized Source Data'!F$3,TimeOfWeek,$D10) -> 3114533 | G10: =SUMIFS(INDEX(Load,,MATCH('Summarized Source Data'!$B10,Hour,0)),Season,'Summarized Source Data'!$A10,Sector,'Summarized Source Data'!G$2,Subsector,'Summarized Source Data'!G$3,TimeOfWeek,$D10) -> 0 | H10: =SUMIFS(INDEX(Load,,MATCH('Summarized Source Data'!$B10,Hour,0)),Season,'Summarized Source Data'!$A10,Sector,'Summarized Source Data'!H$2,Subsector,'Summarized Source Data'!H$3,TimeOfWeek,$D10) -> 217400000 | I10: =H10 -> 217400000 | J10: =H10 -> 217400000 | K10: =SUMIFS(INDEX(Load,,MATCH('Summarized Source Data'!$B10,Hour,0)),Season,'Summarized Source Data'!$A10,Sector,'Summarized Source Data'!K$2,Subsector,'Summarized Source Data'!K$3,TimeOfWeek,$D10) -> 17799212 | L10: =SUMIFS(INDEX(Load,,MATCH('Summarized Source Data'!$B10,Hour,0)),Season,'Summarized Source Data'!$A10,Sector,'Summarized Source Data'!L$2,Subsector,'Summarized Source Data'!L$3,TimeOfWeek,$D10) -> 16256157 | M10: =SUMIFS(INDEX(Load,,MATCH('Summarized Source Data'!$B10,Hour,0)),Season,'Summarized Source Data'!$A10,Sector,'Summarized Source Data'!M$2,Subsector,'Summarized Source Data'!M$3,TimeOfWeek,$D10) -> 0 | N10: =H10 -> 217400000 | O10: =N10 -> 217400000 | P10: =N10 -> 217400000 | Q10: =SUMIFS(INDEX(Load,,MATCH('Summarized Source Data'!$B10,Hour,0)),Season,'Summarized Source Data'!$A10,Sector,'Summarized Source Data'!Q$2,TimeOfWeek,$D10) -> 10310000 | R10: =SUMIFS(INDEX(Load,,MATCH('Summarized Source Data'!$B10,Hour,0)),Season,'Summarized Source Data'!$A10,Sector,'Summarized Source Data'!R$2,TimeOfWeek,$D10) -> 10310000 | S10: =SUMIFS(INDEX(Load,,MATCH('Summarized Source Data'!$B10,Hour,0)),Season,'Summarized Source Data'!$A10,Sector,'Summarized Source Data'!S$2,TimeOfWeek,$D10) -> 10310000 | T10: =SUMIFS(INDEX(Load,,MATCH('Summarized Source Data'!$B10,Hour,0)),Season,'Summarized Source Data'!$A10,Sector,'Summarized Source Data'!T$2,TimeOfWeek,$D10) -> 10310000 | U10: =SUMIFS(INDEX(Load,,MATCH('Summarized Source Data'!$B10,Hour,0)),Season,'Summarized Source Data'!$A10,Sector,'Summarized Source Data'!U$2,TimeOfWeek,$D10) -> 10310000 | V10: =SUMIFS(INDEX(Load,,MATCH('Summarized Source Data'!$B10,Hour,0)),Season,'Summarized Source Data'!$A10,Sector,'Summarized Source Data'!V$2,TimeOfWeek,$D10) -> 10310000 | W10: =SUMIFS(INDEX(Load,,MATCH('Summarized Source Data'!$B10,Hour,0)),Season,'Summarized Source Data'!$A10,Sector,'Summarized Source Data'!W$2,Subsector,'Summarized Source Data'!W$3,TimeOfWeek,$D10) -> 1319000000 | X10: =$W10 -> 1319000000 | Y10: =$W10 -> 1319000000
A11: Winter | B11: h8 | C11: Hour7 | D11: Weekday | E11: =SUMIFS(INDEX(Load,,MATCH('Summarized Source Data'!$B11,Hour,0)),Season,'Summarized Source Data'!$A11,Sector,'Summarized Source Data'!E$2,Subsector,'Summarized Source Data'!E$3,TimeOfWeek,$D11) -> 0 | F11: =SUMIFS(INDEX(Load,,MATCH('Summarized Source Data'!$B11,Hour,0)),Season,'Summarized Source Data'!$A11,Sector,'Summarized Source Data'!F$2,Subsector,'Summarized Source Data'!F$3,TimeOfWeek,$D11) -> 3550410 | G11: =SUMIFS(INDEX(Load,,MATCH('Summarized Source Data'!$B11,Hour,0)),Season,'Summarized Source Data'!$A11,Sector,'Summarized Source Data'!G$2,Subsector,'Summarized Source Data'!G$3,TimeOfWeek,$D11) -> 0 | H11: =SUMIFS(INDEX(Load,,MATCH('Summarized Source Data'!$B11,Hour,0)),Season,'Summarized Source Data'!$A11,Sector,'Summarized Source Data'!H$2,Subsector,'Summarized Source Data'!H$3,TimeOfWeek,$D11) -> 92000000 | I11: =H11 -> 92000000 | J11: =H11 -> 92000000 | K11: =SUMIFS(INDEX(Load,,MATCH('Summarized Source Data'!$B11,Hour,0)),Season,'Summarized Source Data'!$A11,Sector,'Summarized Source Data'!K$2,Subsector,'Summarized Source Data'!K$3,TimeOfWeek,$D11) -> 44467501 | L11: =SUMIFS(INDEX(Load,,MATCH('Summarized Source Data'!$B11,Hour,0)),Season,'Summarized Source Data'!$A11,Sector,'Summarized Source Data'!L$2,Subsector,'Summarized Source Data'!L$3,TimeOfWeek,$D11) -> 19900585 | M11: =SUMIFS(INDEX(Load,,MATCH('Summarized Source Data'!$B11,Hour,0)),Season,'Summarized Source Data'!$A11,Sector,'Summarized Source Data'!M$2,Subsector,'Summarized Source Data'!M$3,TimeOfWeek,$D11) -> 0 | N11: =H11 -> 92000000 | O11: =N11 -> 92000000 | P11: =N11 -> 92000000 | Q11: =SUMIFS(INDEX(Load,,MATCH('Summarized Source Data'!$B11,Hour,0)),Season,'Summarized Source Data'!$A11,Sector,'Summarized Source Data'!Q$2,TimeOfWeek,$D11) -> 20680000 | R11: =SUMIFS(INDEX(Load,,MATCH('Summarized Source Data'!$B11,Hour,0)),Season,'Summarized Source Data'!$A11,Sector,'Summarized Source Data'!R$2,TimeOfWeek,$D11) -> 20680000 | S11: =SUMIFS(INDEX(Load,,MATCH('Summarized Source Data'!$B11,Hour,0)),Season,'Summarized Source Data'!$A11,Sector,'Summarized Source Data'!S$2,TimeOfWeek,$D11) -> 20680000 | T11: =SUMIFS(INDEX(Load,,MATCH('Summarized Source Data'!$B11,Hour,0)),Season,'Summarized Source Data'!$A11,Sector,'Summarized Source Data'!T$2,TimeOfWeek,$D11) -> 20680000 | U11: =SUMIFS(INDEX(Load,,MATCH('Summarized Source Data'!$B11,Hour,0)),Season,'Summarized Source Data'!$A11,Sector,'Summarized Source Data'!U$2,TimeOfWeek,$D11) -> 20680000 | V11: =SUMIFS(INDEX(Load,,MATCH('Summarized Source Data'!$B11,Hour,0)),Season,'Summarized Source Data'!$A11,Sector,'Summarized Source Data'!V$2,TimeOfWeek,$D11) -> 20680000 | W11: =SUMIFS(INDEX(Load,,MATCH('Summarized Source Data'!$B11,Hour,0)),Season,'Summarized Source Data'!$A11,Sector,'Summarized Source Data'!W$2,Subsector,'Summarized Source Data'!W$3,TimeOfWeek,$D11) -> 1326000000 | X11: =$W11 -> 1326000000 | Y11: =$W11 -> 1326000000
A12: Winter | B12: h9 | C12: Hour8 | D12: Weekday | E12: =SUMIFS(INDEX(Load,,MATCH('Summarized Source Data'!$B12,Hour,0)),Season,'Summarized Source Data'!$A12,Sector,'Summarized Source Data'!E$2,Subsector,'Summarized Source Data'!E$3,TimeOfWeek,$D12) -> 0 | F12: =SUMIFS(INDEX(Load,,MATCH('Summarized Source Data'!$B12,Hour,0)),Season,'Summarized Source Data'!$A12,Sector,'Summarized Source Data'!F$2,Subsector,'Summarized Source Data'!F$3,TimeOfWeek,$D12) -> 4336652 | G12: =SUMIFS(INDEX(Load,,MATCH('Summarized Source Data'!$B12,Hour,0)),Season,'Summarized Source Data'!$A12,Sector,'Summarized Source Data'!G$2,Subsector,'Summarized Source Data'!G$3,TimeOfWeek,$D12) -> 0 | H12: =SUMIFS(INDEX(Load,,MATCH('Summarized Source Data'!$B12,Hour,0)),Season,'Summarized Source Data'!$A12,Sector,'Summarized Source Data'!H$2,Subsector,'Summarized Source Data'!H$3,TimeOfWeek,$D12) -> 66100000 | I12: =H12 -> 66100000 | J12: =H12 -> 66100000 | K12: =SUMIFS(INDEX(Load,,MATCH('Summarized Source Data'!$B12,Hour,0)),Season,'Summarized Source Data'!$A12,Sector,'Summarized Source Data'!K$2,Subsector,'Summarized Source Data'!K$3,TimeOfWeek,$D12) -> 44830553 | L12: =SUMIFS(INDEX(Load,,MATCH('Summarized Source Data'!$B12,Hour,0)),Season,'Summarized Source Data'!$A12,Sector,'Summarized Source Data'!L$2,Subsector,'Summarized Source Data'!L$3,TimeOfWeek,$D12) -> 25280880 | M12: =SUMIFS(INDEX(Load,,MATCH('Summarized Source Data'!$B12,Hour,0)),Season,'Summarized Source Data'!$A12,Sector,'Summarized Source Data'!M$2,Subsector,'Summarized Source Data'!M$3,TimeOfWeek,$D12) -> 0 | N12: =H12 -> 66100000 | O12: =N12 -> 66100000 | P12: =N12 -> 66100000 | Q12: =SUMIFS(INDEX(Load,,MATCH('Summarized Source Data'!$B12,Hour,0)),Season,'Summarized Source Data'!$A12,Sector,'Summarized Source Data'!Q$2,TimeOfWeek,$D12) -> 20940000 | R12: =SUMIFS(INDEX(Load,,MATCH('Summarized Source Data'!$B12,Hour,0)),Season,'Summarized Source Data'!$A12,Sector,'Summarized Source Data'!R$2,TimeOfWeek,$D12) -> 20940000 | S12: =SUMIFS(INDEX(Load,,MATCH('Summarized Source Data'!$B12,Hour,0)),Season,'Summarized Source Data'!$A12,Sector,'Summarized Source Data'!S$2,TimeOfWeek,$D12) -> 20940000 | T12: =SUMIFS(INDEX(Load,,MATCH('Summarized Source Data'!$B12,Hour,0)),Season,'Summarized Source Data'!$A12,Sector,'Summarized Source Data'!T$2,TimeOfWeek,$D12) -> 20940000 | U12: =SUMIFS(INDEX(Load,,MATCH('Summarized Source Data'!$B12,Hour,0)),Season,'Summarized Source Data'!$A12,Sector,'Summarized Source Data'!U$2,TimeOfWeek,$D12) -> 20940000 | V12: =SUMIFS(INDEX(Load,,MATCH('Summarized Source Data'!$B12,Hour,0)),Season,'Summarized Source Data'!$A12,Sector,'Summarized Source Data'!V$2,TimeOfWeek,$D12) -> 20940000 | W12: =SUMIFS(INDEX(Load,,MATCH('Summarized Source Data'!$B12,Hour,0)),Season,'Summarized Source Data'!$A12,Sector,'Summarized Source Data'!W$2,Subsector,'Summarized Source Data'!W$3,TimeOfWeek,$D12) -> 1328000000 | X12: =$W12 -> 1328000000 | Y12: =$W12 -> 1328000000
A13: Winter | B13: h10 | C13: Hour9 | D13: Weekday | E13: =SUMIFS(INDEX(Load,,MATCH('Summarized Source Data'!$B13,Hour,0)),Season,'Summarized Source Data'!$A13,Sector,'Summarized Source Data'!E$2,Subsector,'Summarized Source Data'!E$3,TimeOfWeek,$D13) -> 0 | F13: =SUMIFS(INDEX(Load,,MATCH('Summarized Source Data'!$B13,Hour,0)),Season,'Summarized Source Data'!$A13,Sector,'Summarized Source Data'!F$2,Subsector,'Summarized Source Data'!F$3,TimeOfWeek,$D13) -> 5573907 | G13: =SUMIFS(INDEX(Load,,MATCH('Summarized Source Data'!$B13,Hour,0)),Season,'Summarized Source Data'!$A13,Sector,'Summarized Source Data'!G$2,Subsector,'Summarized Source Data'!G$3,TimeOfWeek,$D13) -> 0 | H13: =SUMIFS(INDEX(Load,,MATCH('Summarized Source Data'!$B13,Hour,0)),Season,'Summarized Source Data'!$A13,Sector,'Summarized Source Data'!H$2,Subsector,'Summarized Source Data'!H$3,TimeOfWeek,$D13) -> 63500000 | I13: =H13 -> 63500000 | J13: =H13 -> 63500000 | K13: =SUMIFS(INDEX(Load,,MATCH('Summarized Source Data'!$B13,Hour,0)),Season,'Summarized Source Data'!$A13,Sector,'Summarized Source Data'!K$2,Subsector,'Summarized Source Data'!K$3,TimeOfWeek,$D13) -> 31972869 | L13: =SUMIFS(INDEX(Load,,MATCH('Summarized Source Data'!$B13,Hour,0)),Season,'Summarized Source Data'!$A13,Sector,'Summarized Source Data'!L$2,Subsector,'Summarized Source Data'!L$3,TimeOfWeek,$D13) -> 29693132 | M13: =SUMIFS(INDEX(Load,,MATCH('Summarized Source Data'!$B13,Hour,0)),Season,'Summarized Source Data'!$A13,Sector,'Summarized Source Data'!M$2,Subsector,'Summarized Source Data'!M$3,TimeOfWeek,$D13) -> 0 | N13: =H13 -> 63500000 | O13: =N13 -> 63500000 | P13: =N13 -> 63500000 | Q13: =SUMIFS(INDEX(Load,,MATCH('Summarized Source Data'!$B13,Hour,0)),Season,'Summarized Source Data'!$A13,Sector,'Summarized Source Data'!Q$2,TimeOfWeek,$D13) -> 18850000 | R13: =SUMIFS(INDEX(Load,,MATCH('Summarized Source Data'!$B13,Hour,0)),Season,'Summarized Source Data'!$A13,Sector,'Summarized Source Data'!R$2,TimeOfWeek,$D13) -> 18850000 | S13: =SUMIFS(INDEX(Load,,MATCH('Summarized Source Data'!$B13,Hour,0)),Season,'Summarized Source Data'!$A13,Sector,'Summarized Source Data'!S$2,TimeOfWeek,$D13) -> 18850000 | T13: =SUMIFS(INDEX(Load,,MATCH('Summarized Source Data'!$B13,Hour,0)),Season,'Summarized Source Data'!$A13,Sector,'Summarized Source Data'!T$2,TimeOfWeek,$D13) -> 18850000 | U13: =SUMIFS(INDEX(Load,,MATCH('Summarized Source Data'!$B13,Hour,0)),Season,'Summarized Source Data'!$A13,Sector,'Summarized Source Data'!U$2,TimeOfWeek,$D13) -> 18850000 | V13: =SUMIFS(INDEX(Load,,MATCH('Summarized Source Data'!$B13,Hour,0)),Season,'Summarized Source Data'!$A13,Sector,'Summarized Source Data'!V$2,TimeOfWeek,$D13) -> 18850000 | W13: =SUMIFS(INDEX(Load,,MATCH('Summarized Source Data'!$B13,Hour,0)),Season,'Summarized Source Data'!$A13,Sector,'Summarized Source Data'!W$2,Subsector,'Summarized Source Data'!W$3,TimeOfWeek,$D13) -> 1326000000 | X13: =$W13 -> 1326000000 | Y13: =$W13 -> 1326000000
A14: Winter | B14: h11 | C14: Hour10 | D14: Weekday | E14: =SUMIFS(INDEX(Load,,MATCH('Summarized Source Data'!$B14,Hour,0)),Season,'Summarized Source Data'!$A14,Sector,'Summarized Source Data'!E$2,Subsector,'Summarized Source Data'!E$3,TimeOfWeek,$D14) -> 0 | F14: =SUMIFS(INDEX(Load,,MATCH('Summarized Source Data'!$B14,Hour,0)),Season,'Summarized Source Data'!$A14,Sector,'Summarized Source Data'!F$2,Subsector,'Summarized Source Data'!F$3,TimeOfWeek,$D14) -> 7828127 | G14: =SUMIFS(INDEX(Load,,MATCH('Summarized Source Data'!$B14,Hour,0)),Season,'Summarized Source Data'!$A14,Sector,'Summarized Source Data'!G$2,Subsector,'Summarized Source Data'!G$3,TimeOfWeek,$D14) -> 0 | H14: =SUMIFS(INDEX(Load,,MATCH('Summarized Source Data'!$B14,Hour,0)),Season,'Summarized Source Data'!$A14,Sector,'Summarized Source Data'!H$2,Subsector,'Summarized Source Data'!H$3,TimeOfWeek,$D14) -> 64500000 | I14: =H14 -> 64500000 | J14: =H14 -> 64500000 | K14: =SUMIFS(INDEX(Load,,MATCH('Summarized Source Data'!$B14,Hour,0)),Season,'Summarized Source Data'!$A14,Sector,'Summarized Source Data'!K$2,Subsector,'Summarized Source Data'!K$3,TimeOfWeek,$D14) -> 26328397 | L14: =SUMIFS(INDEX(Load,,MATCH('Summarized Source Data'!$B14,Hour,0)),Season,'Summarized Source Data'!$A14,Sector,'Summarized Source Data'!L$2,Subsector,'Summarized Source Data'!L$3,TimeOfWeek,$D14) -> 33366063 | M14: =SUMIFS(INDEX(Load,,MATCH('Summarized Source Data'!$B14,Hour,0)),Season,'Summarized Source Data'!$A14,Sector,'Summarized Source Data'!M$2,Subsector,'Summarized Source Data'!M$3,TimeOfWeek,$D14) -> 0 | N14: =H14 -> 64500000 | O14: =N14 -> 64500000 | P14: =N14 -> 64500000 | Q14: =SUMIFS(INDEX(Load,,MATCH('Summarized Source Data'!$B14,Hour,0)),Season,'Summarized Source Data'!$A14,Sector,'Summarized Source Data'!Q$2,TimeOfWeek,$D14) -> 15570000 | R14: =SUMIFS(INDEX(Load,,MATCH('Summarized Source Data'!$B14,Hour,0)),Season,'Summarized Source Data'!$A14,Sector,'Summarized Source Data'!R$2,TimeOfWeek,$D14) -> 15570000 | S14: =SUMIFS(INDEX(Load,,MATCH('Summarized Source Data'!$B14,Hour,0)),Season,'Summarized Source Data'!$A14,Sector,'Summarized Source Data'!S$2,TimeOfWeek,$D14) -> 15570000 | T14: =SUMIFS(INDEX(Load,,MATCH('Summarized Source Data'!$B14,Hour,0)),Season,'Summarized Source Data'!$A14,Sector,'Summarized Source Data'!T$2,TimeOfWeek,$D14) -> 15570000 | U14: =SUMIFS(INDEX(Load,,MATCH('Summarized Source Data'!$B14,Hour,0)),Season,'Summarized Source Data'!$A14,Sector,'Summarized Source Data'!U$2,TimeOfWeek,$D14) -> 15570000 | V14: =SUMIFS(INDEX(Load,,MATCH('Summarized Source Data'!$B14,Hour,0)),Season,'Summarized Source Data'!$A14,Sector,'Summarized Source Data'!V$2,TimeOfWeek,$D14) -> 15570000 | W14: =SUMIFS(INDEX(Load,,MATCH('Summarized Source Data'!$B14,Hour,0)),Season,'Summarized Source Data'!$A14,Sector,'Summarized Source Data'!W$2,Subsector,'Summarized Source Data'!W$3,TimeOfWeek,$D14) -> 1324000000 | X14: =$W14 -> 1324000000 | Y14: =$W14 -> 1324000000
A15: Winter | B15: h12 | C15: Hour11 | D15: Weekday | E15: =SUMIFS(INDEX(Load,,MATCH('Summarized Source Data'!$B15,Hour,0)),Season,'Summarized Source Data'!$A15,Sector,'Summarized Source Data'!E$2,Subsector,'Summarized Source Data'!E$3,TimeOfWeek,$D15) -> 0 | F15: =SUMIFS(INDEX(Load,,MATCH('Summarized Source Data'!$B15,Hour,0)),Season,'Summarized Source Data'!$A15,Sector,'Summarized Source Data'!F$2,Subsector,'Summarized Source Data'!F$3,TimeOfWeek,$D15) -> 11813648 | G15: =SUMIFS(INDEX(Load,,MATCH('Summarized Source Data'!$B15,Hour,0)),Season,'Summarized Source Data'!$A15,Sector,'Summarized Source Data'!G$2,Subsector,'Summarized Source Data'!G$3,TimeOfWeek,$D15) -> 0 | H15: =SUMIFS(INDEX(Load,,MATCH('Summarized Source Data'!$B15,Hour,0)),Season,'Summarized Source Data'!$A15,Sector,'Summarized Source Data'!H$2,Subsector,'Summarized Source Data'!H$3,TimeOfWeek,$D15) -> 70800000 | I15: =H15 -> 70800000 | J15: =H15 -> 70800000 | K15: =SUMIFS(INDEX(Load,,MATCH('Summarized Source Data'!$B15,Hour,0)),Season,'Summarized Source Data'!$A15,Sector,'Summarized Source Data'!K$2,Subsector,'Summarized Source Data'!K$3,TimeOfWeek,$D15) -> 22933364 | L15: =SUMIFS(INDEX(Load,,MATCH('Summarized Source Data'!$B15,Hour,0)),Season,'Summarized Source Data'!$A15,Sector,'Summarized Source Data'!L$2,Subsector,'Summarized Source Data'!L$3,TimeOfWeek,$D15) -> 36322526 | M15: =SUMIFS(INDEX(Load,,MATCH('Summarized Source Data'!$B15,Hour,0)),Season,'Summarized Source Data'!$A15,Sector,'Summarized Source Data'!M$2,Subsector,'Summarized Source Data'!M$3,TimeOfWeek,$D15) -> 0 | N15: =H15 -> 70800000 | O15: =N15 -> 70800000 | P15: =N15 -> 70800000 | Q15: =SUMIFS(INDEX(Load,,MATCH('Summarized Source Data'!$B15,Hour,0)),Season,'Summarized Source Data'!$A15,Sector,'Summarized Source Data'!Q$2,TimeOfWeek,$D15) -> 15580000 | R15: =SUMIFS(INDEX(Load,,MATCH('Summarized Source Data'!$B15,Hour,0)),Season,'Summarized Source Data'!$A15,Sector,'Summarized Source Data'!R$2,TimeOfWeek,$D15) -> 15580000 | S15: =SUMIFS(INDEX(Load,,MATCH('Summarized Source Data'!$B15,Hour,0)),Season,'Summarized Source Data'!$A15,Sector,'Summarized Source Data'!S$2,TimeOfWeek,$D15) -> 15580000 | T15: =SUMIFS(INDEX(Load,,MATCH('Summarized Source Data'!$B15,Hour,0)),Season,'Summarized Source Data'!$A15,Sector,'Summarized Source Data'!T$2,TimeOfWeek,$D15) -> 15580000 | U15: =SUMIFS(INDEX(Load,,MATCH('Summarized Source Data'!$B15,Hour,0)),Season,'Summarized Source Data'!$A15,Sector,'Summarized Source Data'!U$2,TimeOfWeek,$D15) -> 15580000 | V15: =SUMIFS(INDEX(Load,,MATCH('Summarized Source Data'!$B15,Hour,0)),Season,'Summarized Source Data'!$A15,Sector,'Summarized Source Data'!V$2,TimeOfWeek,$D15) -> 15580000 | W15: =SUMIFS(INDEX(Load,,MATCH('Summarized Source Data'!$B15,Hour,0)),Season,'Summarized Source Data'!$A15,Sector,'Summarized Source Data'!W$2,Subsector,'Summarized Source Data'!W$3,TimeOfWeek,$D15) -> 1320000000 | X15: =$W15 -> 1320000000 | Y15: =$W15 -> 1320000000
... A195: Fall | B195: h24 | C195: Hour23 | D195: Weekend | E195: =SUMIFS(INDEX(Load,,MATCH('Summarized Source Data'!$B195,Hour,0)),Season,'Summarized Source Data'!$A195,Sector,'Summarized Source Data'!E$2,Subsector,'Summarized Source Data'!E$3,TimeOfWeek,$D195) -> 0 | F195: =SUMIFS(INDEX(Load,,MATCH('Summarized Source Data'!$B195,Hour,0)),Season,'Summarized Source Data'!$A195,Sector,'Summarized Source Data'!F$2,Subsector,'Summarized Source Data'!F$3,TimeOfWeek,$D195) -> 3060919 | G195: =SUMIFS(INDEX(Load,,MATCH('Summarized Source Data'!$B195,Hour,0)),Season,'Summarized Source Data'!$A195,Sector,'Summarized Source Data'!G$2,Subsector,'Summarized Source Data'!G$3,TimeOfWeek,$D195) -> 0 | H195: =SUMIFS(INDEX(Load,,MATCH('Summarized Source Data'!$B195,Hour,0)),Season,'Summarized Source Data'!$A195,Sector,'Summarized Source Data'!H$2,Subsector,'Summarized Source Data'!H$3,TimeOfWeek,$D195) -> 30400000 | I195: =H195 -> 30400000 | J195: =H195 -> 30400000 | K195: =SUMIFS(INDEX(Load,,MATCH('Summarized Source Data'!$B195,Hour,0)),Season,'Summarized Source Data'!$A195,Sector,'Summarized Source Data'!K$2,Subsector,'Summarized Source Data'!K$3,TimeOfWeek,$D195) -> 1151991 | L195: =SUMIFS(INDEX(Load,,MATCH('Summarized Source Data'!$B195,Hour,0)),Season,'Summarized Source Data'!$A195,Sector,'Summarized Source Data'!L$2,Subsector,'Summarized Source Data'!L$3,TimeOfWeek,$D195) -> 10391793 | M195: =SUMIFS(INDEX(Load,,MATCH('Summarized Source Data'!$B195,Hour,0)),Season,'Summarized Source Data'!$A195,Sector,'Summarized Source Data'!M$2,Subsector,'Summarized Source Data'!M$3,TimeOfWeek,$D195) -> 0 | N195: =H195 -> 30400000 | O195: =N195 -> 30400000 | P195: =N195 -> 30400000 | Q195: =SUMIFS(INDEX(Load,,MATCH('Summarized Source Data'!$B195,Hour,0)),Season,'Summarized Source Data'!$A195,Sector,'Summarized Source Data'!Q$2,TimeOfWeek,$D195) -> 2550000 | R195: =SUMIFS(INDEX(Load,,MATCH('Summarized Source Data'!$B195,Hour,0)),Season,'Summarized Source Data'!$A195,Sector,'Summarized Source Data'!R$2,TimeOfWeek,$D195) -> 2550000 | S195: =SUMIFS(INDEX(Load,,MATCH('Summarized Source Data'!$B195,Hour,0)),Season,'Summarized Source Data'!$A195,Sector,'Summarized Source Data'!S$2,TimeOfWeek,$D195) -> 2550000 | T195: =SUMIFS(INDEX(Load,,MATCH('Summarized Source Data'!$B195,Hour,0)),Season,'Summarized Source Data'!$A195,Sector,'Summarized Source Data'!T$2,TimeOfWeek,$D195) -> 2550000 | U195: =SUMIFS(INDEX(Load,,MATCH('Summarized Source Data'!$B195,Hour,0)),Season,'Summarized Source Data'!$A195,Sector,'Summarized Source Data'!U$2,TimeOfWeek,$D195) -> 2550000 | V195: =SUMIFS(INDEX(Load,,MATCH('Summarized Source Data'!$B195,Hour,0)),Season,'Summarized Source Data'!$A195,Sector,'Summarized Source Data'!V$2,TimeOfWeek,$D195) -> 2550000 | W195: =SUMIFS(INDEX(Load,,MATCH('Summarized Source Data'!$B195,Hour,0)),Season,'Summarized Source Data'!$A195,Sector,'Summarized Source Data'!W$2,Subsector,'Summarized Source Data'!W$3,TimeOfWeek,$D195) -> 341000000 | X195: =$W195 -> 341000000 | Y195: =$W195 -> 341000000
A198: Hourly Demand by Time of Week and End Use (kW/day)
E199: Residential | F199: Residential | G199: Residential | H199: Residential | I199: Residential | J199: Residential | K199: Commercial | L199: Commercial | M199: Commercial | N199: Commercial | O199: Commercial | P199: Commercial | Q199: Transportation | R199: Transportation | S199: Transportation | T199: Transportation | U199: Transportation | V199: Transportation | W199: Industry | X199: Industry | Y199: Industry
A200: Season | B200: Hour | D200: Time of Week | E200: Heating | F200: Cooling | G200: Envelope | H200: Lighting | I200: Appliances | J200: Other | K200: Heating | L200: Cooling | M200: Envelope | N200: Lighting | O200: Appliances | P200: Other | Q200: LDVs | R200: HDVs | S200: Aircraft | T200: Rail | U200: Ships | V200: Motorbikes | W200: Industry | X200: District Heat and Hydrogen | Y200: Geoengineering
A201: Winter | B201: h1 | C201: Hour0 | D201: Weekday | E201: =E4/WinterWeekdays -> 0 | F201: =F4/WinterWeekdays -> 31704.322 | G201: =G4/WinterWeekdays -> 0 | H201: =H4/WinterWeekdays -> 1121555.6 | I201: =I4/WinterWeekdays -> 1121555.6 | J201: =J4/WinterWeekdays -> 1121555.6 | K201: =K4/WinterWeekdays -> 237712.64 | L201: =L4/WinterWeekdays -> 233108.32 | ... Y201: =Y4/WinterWeekdays -> 20300000
A202: Winter | B202: h2 | C202: Hour1 | D202: Weekday | E202: =E5/WinterWeekdays -> 0 | F202: =F5/WinterWeekdays -> 25227.238 | G202: =G5/WinterWeekdays -> 0 | H202: =H5/WinterWeekdays -> 1034444.4 | I202: =I5/WinterWeekdays -> 1034444.4 | J202: =J5/WinterWeekdays -> 1034444.4 | K202: =K5/WinterWeekdays -> 217135.54 | L202: =L5/WinterWeekdays -> 218023.82 | ... Y202: =Y5/WinterWeekdays -> 20268889
A203: Winter | B203: h3 | C203: Hour2 | D203: Weekday | E203: =E6/WinterWeekdays -> 0 | F203: =F6/WinterWeekdays -> 23275.7 | G203: =G6/WinterWeekdays -> 0 | H203: =H6/WinterWeekdays -> 1023555.6 | I203: =I6/WinterWeekdays -> 1023555.6 | J203: =J6/WinterWeekdays -> 1023555.6 | K203: =K6/WinterWeekdays -> 194703.18 | L203: =L6/WinterWeekdays -> 212002.19 | ... Y203: =Y6/WinterWeekdays -> 20268889
A204: Winter | B204: h4 | C204: Hour3 | D204: Weekday | E204: =E7/WinterWeekdays -> 0 | F204: =F7/WinterWeekdays -> 25337.884 | G204: =G7/WinterWeekdays -> 0 | H204: =H7/WinterWeekdays -> 1046888.9 | I204: =I7/WinterWeekdays -> 1046888.9 | J204: =J7/WinterWeekdays -> 1046888.9 | K204: =K7/WinterWeekdays -> 200905.16 | L204: =L7/WinterWeekdays -> 209791.8 | ... Y204: =Y7/WinterWeekdays -> 20268889
A205: Winter | B205: h5 | C205: Hour4 | D205: Weekday | E205: =E8/WinterWeekdays -> 0 | F205: =F8/WinterWeekdays -> 31212.253 | G205: =G8/WinterWeekdays -> 0 | H205: =H8/WinterWeekdays -> 1345555.6 | I205: =I8/WinterWeekdays -> 1345555.6 | J205: =J8/WinterWeekdays -> 1345555.6 | K205: =K8/WinterWeekdays -> 210653.16 | L205: =L8/WinterWeekdays -> 211623.86 | ... Y205: =Y8/WinterWeekdays -> 20300000
A206: Winter | B206: h6 | C206: Hour5 | D206: Weekday | E206: =E9/WinterWeekdays -> 0 | F206: =F9/WinterWeekdays -> 40111.027 | G206: =G9/WinterWeekdays -> 0 | H206: =H9/WinterWeekdays -> 2314666.7 | I206: =I9/WinterWeekdays -> 2314666.7 | J206: =J9/WinterWeekdays -> 2314666.7 | K206: =K9/WinterWeekdays -> 214983.8 | L206: =L9/WinterWeekdays -> 222586.92 | ... Y206: =Y9/WinterWeekdays -> 20393333
A207: Winter | B207: h7 | C207: Hour6 | D207: Weekday | E207: =E10/WinterWeekdays -> 0 | F207: =F10/WinterWeekdays -> 48448.291 | G207: =G10/WinterWeekdays -> 0 | H207: =H10/WinterWeekdays -> 3381777.8 | I207: =I10/WinterWeekdays -> 3381777.8 | J207: =J10/WinterWeekdays -> 3381777.8 | K207: =K10/WinterWeekdays -> 276876.63 | L207: =L10/WinterWeekdays -> 252873.55 | ... Y207: =Y10/WinterWeekdays -> 20517778
A208: Winter | B208: h8 | C208: Hour7 | D208: Weekday | E208: =E11/WinterWeekdays -> 0 | F208: =F11/WinterWeekdays -> 55228.6 | G208: =G11/WinterWeekdays -> 0 | H208: =H11/WinterWeekdays -> 1431111.1 | I208: =I11/WinterWeekdays -> 1431111.1 | J208: =J11/WinterWeekdays -> 1431111.1 | K208: =K11/WinterWeekdays -> 691716.68 | L208: =L11/WinterWeekdays -> 309564.66 | ... Y208: =Y11/WinterWeekdays -> 20626667
A209: Winter | B209: h9 | C209: Hour8 | D209: Weekday | E209: =E12/WinterWeekdays -> 0 | F209: =F12/WinterWeekdays -> 67459.031 | G209: =G12/WinterWeekdays -> 0 | H209: =H12/WinterWeekdays -> 1028222.2 | I209: =I12/WinterWeekdays -> 1028222.2 | J209: =J12/WinterWeekdays -> 1028222.2 | K209: =K12/WinterWeekdays -> 697364.16 | L209: =L12/WinterWeekdays -> 393258.13 | ... Y209: =Y12/WinterWeekdays -> 20657778
A210: Winter | B210: h10 | C210: Hour9 | D210: Weekday | E210: =E13/WinterWeekdays -> 0 | F210: =F13/WinterWeekdays -> 86705.22 | G210: =G13/WinterWeekdays -> 0 | H210: =H13/WinterWeekdays -> 987777.78 | I210: =I13/WinterWeekdays -> 987777.78 | J210: =J13/WinterWeekdays -> 987777.78 | K210: =K13/WinterWeekdays -> 497355.74 | L210: =L13/WinterWeekdays -> 461893.16 | ... Y210: =Y13/WinterWeekdays -> 20626667
A211: Winter | B211: h11 | C211: Hour10 | D211: Weekday | E211: =E14/WinterWeekdays -> 0 | F211: =F14/WinterWeekdays -> 121770.86 | G211: =G14/WinterWeekdays -> 0 | H211: =H14/WinterWeekdays -> 1003333.3 | I211: =I14/WinterWeekdays -> 1003333.3 | J211: =J14/WinterWeekdays -> 1003333.3 | K211: =K14/WinterWeekdays -> 409552.84 | L211: =L14/WinterWeekdays -> 519027.65 | ... Y211: =Y14/WinterWeekdays -> 20595556
A212: Winter | B212: h12 | C212: Hour11 | D212: Weekday | E212: =E15/WinterWeekdays -> 0 | F212: =F15/WinterWeekdays -> 183767.86 | G212: =G15/WinterWeekdays -> 0 | H212: =H15/WinterWeekdays -> 1101333.3 | I212: =I15/WinterWeekdays -> 1101333.3 | J212: =J15/WinterWeekdays -> 1101333.3 | K212: =K15/WinterWeekdays -> 356741.22 | L212: =L15/WinterWeekdays -> 565017.07 | ... Y212: =Y15/WinterWeekdays -> 20533333
... A224: Winter | B224: h24 | C224: Hour23 | D224: Weekday | E224: =E27/WinterWeekdays -> 0 | F224: =F27/WinterWeekdays -> 43753.376 | G224: =G27/WinterWeekdays -> 0 | H224: =H27/WinterWeekdays -> 1583555.6 | I224: =I27/WinterWeekdays -> 1583555.6 | J224: =J27/WinterWeekdays -> 1583555.6 | K224: =K27/WinterWeekdays -> 205419.25 | L224: =L27/WinterWeekdays -> 264027.56 | ... Y224: =Y27/WinterWeekdays -> 20300000
A225: Spring | B225: h1 | C225: Hour0 | D225: Weekday | E225: =E28/SpringWeekdays -> 0 | F225: =F28/SpringWeekdays -> 101055.91 | G225: =G28/SpringWeekdays -> 0 | H225: =H28/SpringWeekdays -> 780652.17 | I225: =I28/SpringWeekdays -> 780652.17 | J225: =J28/SpringWeekdays -> 780652.17 | K225: =K28/SpringWeekdays -> 49993.209 | L225: =L28/SpringWeekdays -> 447624.02 | ... Y225: =Y28/SpringWeekdays -> 14852174
A226: Spring | B226: h2 | C226: Hour1 | D226: Weekday | E226: =E29/SpringWeekdays -> 0 | F226: =F29/SpringWeekdays -> 84728.472 | G226: =G29/SpringWeekdays -> 0 | H226: =H29/SpringWeekdays -> 719782.61 | I226: =I29/SpringWeekdays -> 719782.61 | J226: =J29/SpringWeekdays -> 719782.61 | K226: =K29/SpringWeekdays -> 45036.95 | L226: =L29/SpringWeekdays -> 414630.18 | ... Y226: =Y29/SpringWeekdays -> 14836957
A227: Spring | B227: h3 | C227: Hour2 | D227: Weekday | E227: =E30/SpringWeekdays -> 0 | F227: =F30/SpringWeekdays -> 80208.876 | G227: =G30/SpringWeekdays -> 0 | H227: =H30/SpringWeekdays -> 712173.91 | I227: =I30/SpringWeekdays -> 712173.91 | J227: =J30/SpringWeekdays -> 712173.91 | K227: =K30/SpringWeekdays -> 44425.424 | L227: =L30/SpringWeekdays -> 403236.25 | ... Y227: =Y30/SpringWeekdays -> 14836957
A228: Spring | B228: h4 | C228: Hour3 | D228: Weekday | E228: =E31/SpringWeekdays -> 0 | F228: =F31/SpringWeekdays -> 85100.111 | G228: =G31/SpringWeekdays -> 0 | H228: =H31/SpringWeekdays -> 728913.04 | I228: =I31/SpringWeekdays -> 728913.04 | J228: =J31/SpringWeekdays -> 728913.04 | K228: =K31/SpringWeekdays -> 45495.998 | L228: =L31/SpringWeekdays -> 400186.83 | ... Y228: =Y31/SpringWeekdays -> 14836957
A229: Spring | B229: h5 | C229: Hour4 | D229: Weekday | E229: =E32/SpringWeekdays -> 0 | F229: =F32/SpringWeekdays -> 99487.454 | G229: =G32/SpringWeekdays -> 0 | H229: =H32/SpringWeekdays -> 937391.3 | I229: =I32/SpringWeekdays -> 937391.3 | J229: =J32/SpringWeekdays -> 937391.3 | K229: =K32/SpringWeekdays -> 45290.152 | L229: =L32/SpringWeekdays -> 409442.58 | ... Y229: =Y32/SpringWeekdays -> 14867391
A230: Spring | B230: h6 | C230: Hour5 | D230: Weekday | E230: =E33/SpringWeekdays -> 0 | F230: =F33/SpringWeekdays -> 119699.63 | G230: =G33/SpringWeekdays -> 0 | H230: =H33/SpringWeekdays -> 1611521.7 | I230: =I33/SpringWeekdays -> 1611521.7 | J230: =J33/SpringWeekdays -> 1611521.7 | K230: =K33/SpringWeekdays -> 67984.076 | L230: =L33/SpringWeekdays -> 440094.2 | ... Y230: =Y33/SpringWeekdays -> 14928261
A231: Spring | B231: h7 | C231: Hour6 | D231: Weekday | E231: =E34/SpringWeekdays -> 0 | F231: =F34/SpringWeekdays -> 136122.05 | G231: =G34/SpringWeekdays -> 0 | H231: =H34/SpringWeekdays -> 1561304.3 | I231: =I34/SpringWeekdays -> 1561304.3 | J231: =J34/SpringWeekdays -> 1561304.3 | K231: =K34/SpringWeekdays -> 131854.25 | L231: =L34/SpringWeekdays -> 512645.55 | ... Y231: =Y34/SpringWeekdays -> 15004348
A232: Spring | B232: h8 | C232: Hour7 | D232: Weekday | E232: =E35/SpringWeekdays -> 0 | F232: =F35/SpringWeekdays -> 147303.78 | G232: =G35/SpringWeekdays -> 0 | H232: =H35/SpringWeekdays -> 739565.22 | I232: =I35/SpringWeekdays -> 739565.22 | J232: =J35/SpringWeekdays -> 739565.22 | K232: =K35/SpringWeekdays -> 143207.87 | L232: =L35/SpringWeekdays -> 638371.6 | ... Y232: =Y35/SpringWeekdays -> 15095652
A233: Spring | B233: h9 | C233: Hour8 | D233: Weekday | E233: =E36/SpringWeekdays -> 0 | F233: =F36/SpringWeekdays -> 170055.69 | G233: =G36/SpringWeekdays -> 0 | H233: =H36/SpringWeekdays -> 715217.39 | I233: =I36/SpringWeekdays -> 715217.39 | J233: =J36/SpringWeekdays -> 715217.39 | K233: =K36/SpringWeekdays -> 109210.32 | L233: =L36/SpringWeekdays -> 821739.13 | ... Y233: =Y36/SpringWeekdays -> 15126087
A234: Spring | B234: h10 | C234: Hour9 | D234: Weekday | E234: =E37/SpringWeekdays -> 0 | F234: =F37/SpringWeekdays -> 203743.28 | G234: =G37/SpringWeekdays -> 0 | H234: =H37/SpringWeekdays -> 687826.09 | I234: =I37/SpringWeekdays -> 687826.09 | J234: =J37/SpringWeekdays -> 687826.09 | K234: =K37/SpringWeekdays -> 82575.667 | L234: =L37/SpringWeekdays -> 983043.48 | ... Y234: =Y37/SpringWeekdays -> 15095652
A235: Spring | B235: h11 | C235: Hour10 | D235: Weekday | E235: =E38/SpringWeekdays -> 0 | F235: =F38/SpringWeekdays -> 263627.12 | G235: =G38/SpringWeekdays -> 0 | H235: =H38/SpringWeekdays -> 698478.26 | I235: =I38/SpringWeekdays -> 698478.26 | J235: =J38/SpringWeekdays -> 698478.26 | K235: =K38/SpringWeekdays -> 68376.639 | L235: =L38/SpringWeekdays -> 1118478.3 | ... Y235: =Y38/SpringWeekdays -> 15065217
A236: Spring | B236: h12 | C236: Hour11 | D236: Weekday | E236: =E39/SpringWeekdays -> 0 | F236: =F39/SpringWeekdays -> 355871.13 | G236: =G39/SpringWeekdays -> 0 | H236: =H39/SpringWeekdays -> 766956.52 | I236: =I39/SpringWeekdays -> 766956.52 | J236: =J39/SpringWeekdays -> 766956.52 | K236: =K39/SpringWeekdays -> 57576.461 | L236: =L39/SpringWeekdays -> 1212826.1 | ... Y236: =Y39/SpringWeekdays -> 15050000
... A248: Spring | B248: h24 | C248: Hour23 | D248: Weekday | E248: =E51/SpringWeekdays -> 0 | F248: =F51/SpringWeekdays -> 130569.14 | G248: =G51/SpringWeekdays -> 0 | H248: =H51/SpringWeekdays -> 1103260.9 | I248: =I51/SpringWeekdays -> 1103260.9 | J248: =J51/SpringWeekdays -> 1103260.9 | K248: =K51/SpringWeekdays -> 45132.043 | L248: =L51/SpringWeekdays -> 512416.4 | ... Y248: =Y51/SpringWeekdays -> 14867391
A249: Summer | B249: h1 | C249: Hour0 | D249: Weekday | E249: =E52/SummerWeekdays -> 0 | F249: =F52/SummerWeekdays -> 206670.51 | G249: =G52/SummerWeekdays -> 0 | H249: =H52/SummerWeekdays -> 766956.52 | I249: =I52/SummerWeekdays -> 766956.52 | J249: =J52/SummerWeekdays -> 766956.52 | K249: =K52/SummerWeekdays -> 55470.085 | L249: =L52/SummerWeekdays -> 619347.83 | ... Y249: =Y52/SummerWeekdays -> 14760870
A250: Summer | B250: h2 | C250: Hour1 | D250: Weekday | E250: =E53/SummerWeekdays -> 0 | F250: =F53/SummerWeekdays -> 183812.63 | G250: =G53/SummerWeekdays -> 0 | H250: =H53/SummerWeekdays -> 707608.7 | I250: =I53/SummerWeekdays -> 707608.7 | J250: =J53/SummerWeekdays -> 707608.7 | K250: =K53/SummerWeekdays -> 56520.617 | L250: =L53/SummerWeekdays -> 575217.39 | ... Y250: =Y53/SummerWeekdays -> 14745652
A251: Summer | B251: h3 | C251: Hour2 | D251: Weekday | E251: =E54/SummerWeekdays -> 0 | F251: =F54/SummerWeekdays -> 176527.26 | G251: =G54/SummerWeekdays -> 0 | H251: =H54/SummerWeekdays -> 701521.74 | I251: =I54/SummerWeekdays -> 701521.74 | J251: =J54/SummerWeekdays -> 701521.74 | K251: =K54/SummerWeekdays -> 58475.413 | L251: =L54/SummerWeekdays -> 558478.26 | ... Y251: =Y54/SummerWeekdays -> 14745652
A252: Summer | B252: h4 | C252: Hour3 | D252: Weekday | E252: =E55/SummerWeekdays -> 0 | F252: =F55/SummerWeekdays -> 184618.85 | G252: =G55/SummerWeekdays -> 0 | H252: =H55/SummerWeekdays -> 716739.13 | I252: =I55/SummerWeekdays -> 716739.13 | J252: =J55/SummerWeekdays -> 716739.13 | K252: =K55/SummerWeekdays -> 60285.263 | L252: =L55/SummerWeekdays -> 556956.52 | ... Y252: =Y55/SummerWeekdays -> 14745652
A253: Summer | B253: h5 | C253: Hour4 | D253: Weekday | E253: =E56/SummerWeekdays -> 0 | F253: =F56/SummerWeekdays -> 203462.79 | G253: =G56/SummerWeekdays -> 0 | H253: =H56/SummerWeekdays -> 922173.91 | I253: =I56/SummerWeekdays -> 922173.91 | J253: =J56/SummerWeekdays -> 922173.91 | K253: =K56/SummerWeekdays -> 58460.728 | L253: =L56/SummerWeekdays -> 572173.91 | ... Y253: =Y56/SummerWeekdays -> 14760870
A254: Summer | B254: h6 | C254: Hour5 | D254: Weekday | E254: =E57/SummerWeekdays -> 0 | F254: =F57/SummerWeekdays -> 225716.6 | G254: =G57/SummerWeekdays -> 0 | H254: =H57/SummerWeekdays -> 1585652.2 | I254: =I57/SummerWeekdays -> 1585652.2 | J254: =J57/SummerWeekdays -> 1585652.2 | K254: =K57/SummerWeekdays -> 84230.513 | L254: =L57/SummerWeekdays -> 614782.61 | ... Y254: =Y57/SummerWeekdays -> 14821739
A255: Summer | B255: h7 | C255: Hour6 | D255: Weekday | E255: =E58/SummerWeekdays -> 0 | F255: =F58/SummerWeekdays -> 233710.96 | G255: =G58/SummerWeekdays -> 0 | H255: =H58/SummerWeekdays -> 1081956.5 | I255: =I58/SummerWeekdays -> 1081956.5 | J255: =J58/SummerWeekdays -> 1081956.5 | K255: =K58/SummerWeekdays -> 86240.32 | L255: =L58/SummerWeekdays -> 709130.43 | ... Y255: =Y58/SummerWeekdays -> 14913043
A256: Summer | B256: h8 | C256: Hour7 | D256: Weekday | E256: =E59/SummerWeekdays -> 0 | F256: =F59/SummerWeekdays -> 226355.04 | G256: =G59/SummerWeekdays -> 0 | H256: =H59/SummerWeekdays -> 718260.87 | I256: =I59/SummerWeekdays -> 718260.87 | J256: =J59/SummerWeekdays -> 718260.87 | K256: =K59/SummerWeekdays -> 92364.437 | L256: =L59/SummerWeekdays -> 867391.3 | ... Y256: =Y59/SummerWeekdays -> 15004348
A257: Summer | B257: h9 | C257: Hour8 | D257: Weekday | E257: =E60/SummerWeekdays -> 0 | F257: =F60/SummerWeekdays -> 234257.34 | G257: =G60/SummerWeekdays -> 0 | H257: =H60/SummerWeekdays -> 703043.48 | I257: =I60/SummerWeekdays -> 703043.48 | J257: =J60/SummerWeekdays -> 703043.48 | K257: =K60/SummerWeekdays -> 58349.078 | L257: =L60/SummerWeekdays -> 1085000 | ... Y257: =Y60/SummerWeekdays -> 15034783
A258: Summer | B258: h10 | C258: Hour9 | D258: Weekday | E258: =E61/SummerWeekdays -> 0 | F258: =F61/SummerWeekdays -> 253890.58 | G258: =G61/SummerWeekdays -> 0 | H258: =H61/SummerWeekdays -> 677173.91 | I258: =I61/SummerWeekdays -> 677173.91 | J258: =J61/SummerWeekdays -> 677173.91 | K258: =K61/SummerWeekdays -> 45199.32 | L258: =L61/SummerWeekdays -> 1264565.2 | ... Y258: =Y61/SummerWeekdays -> 15004348
A259: Summer | B259: h11 | C259: Hour10 | D259: Weekday | E259: =E62/SummerWeekdays -> 0 | F259: =F62/SummerWeekdays -> 305582.76 | G259: =G62/SummerWeekdays -> 0 | H259: =H62/SummerWeekdays -> 687826.09 | I259: =I62/SummerWeekdays -> 687826.09 | J259: =J62/SummerWeekdays -> 687826.09 | K259: =K62/SummerWeekdays -> 38343.702 | L259: =L62/SummerWeekdays -> 1407608.7 | ... Y259: =Y62/SummerWeekdays -> 14989130
A260: Summer | B260: h12 | C260: Hour11 | D260: Weekday | E260: =E63/SummerWeekdays -> 0 | F260: =F63/SummerWeekdays -> 394961.05 | G260: =G63/SummerWeekdays -> 0 | H260: =H63/SummerWeekdays -> 753260.87 | I260: =I63/SummerWeekdays -> 753260.87 | J260: =J63/SummerWeekdays -> 753260.87 | K260: =K63/SummerWeekdays -> 33425.943 | L260: =L63/SummerWeekdays -> 1501956.5 | ... Y260: =Y63/SummerWeekdays -> 14958696
... A272: Summer | B272: h24 | C272: Hour23 | D272: Weekday | E272: =E75/SummerWeekdays -> 0 | F272: =F75/SummerWeekdays -> 246213.16 | G272: =G75/SummerWeekdays -> 0 | H272: =H75/SummerWeekdays -> 1086521.7 | I272: =I75/SummerWeekdays -> 1086521.7 | J272: =J75/SummerWeekdays -> 1086521.7 | K272: =K75/SummerWeekdays -> 51795.998 | L272: =L75/SummerWeekdays -> 704565.22 | ... Y272: =Y75/SummerWeekdays -> 14760870
A273: Fall | B273: h1 | C273: Hour0 | D273: Weekday | E273: =E76/FallWeekdays -> 0 | F273: =F76/FallWeekdays -> 88032.754 | G273: =G76/FallWeekdays -> 0 | H273: =H76/FallWeekdays -> 532307.69 | I273: =I76/FallWeekdays -> 532307.69 | J273: =J76/FallWeekdays -> 532307.69 | K273: =K76/FallWeekdays -> 66031.354 | L273: =L76/FallWeekdays -> 299411.03 | ... Y273: =Y76/FallWeekdays -> 10076923
A274: Fall | B274: h2 | C274: Hour1 | D274: Weekday | E274: =E77/FallWeekdays -> 0 | F274: =F77/FallWeekdays -> 77240.262 | G274: =G77/FallWeekdays -> 0 | H274: =H77/FallWeekdays -> 489230.77 | I274: =I77/FallWeekdays -> 489230.77 | J274: =J77/FallWeekdays -> 489230.77 | K274: =K77/FallWeekdays -> 61651.769 | L274: =L77/FallWeekdays -> 278133.94 | ... Y274: =Y77/FallWeekdays -> 10076923
A275: Fall | B275: h3 | C275: Hour2 | D275: Weekday | E275: =E78/FallWeekdays -> 0 | F275: =F78/FallWeekdays -> 73919.369 | G275: =G78/FallWeekdays -> 0 | H275: =H78/FallWeekdays -> 484615.38 | I275: =I78/FallWeekdays -> 484615.38 | J275: =J78/FallWeekdays -> 484615.38 | K275: =K78/FallWeekdays -> 62693.508 | L275: =L78/FallWeekdays -> 270091.25 | ... Y275: =Y78/FallWeekdays -> 10076923
A276: Fall | B276: h4 | C276: Hour3 | D276: Weekday | E276: =E79/FallWeekdays -> 0 | F276: =F79/FallWeekdays -> 77579.046 | G276: =G79/FallWeekdays -> 0 | H276: =H79/FallWeekdays -> 495384.62 | I276: =I79/FallWeekdays -> 495384.62 | J276: =J79/FallWeekdays -> 495384.62 | K276: =K79/FallWeekdays -> 63768.585 | L276: =L79/FallWeekdays -> 269459.4 | ... Y276: =Y79/FallWeekdays -> 10076923
A277: Fall | B277: h5 | C277: Hour4 | D277: Weekday | E277: =E80/FallWeekdays -> 0 | F277: =F80/FallWeekdays -> 86666.4 | G277: =G80/FallWeekdays -> 0 | H277: =H80/FallWeekdays -> 638461.54 | I277: =I80/FallWeekdays -> 638461.54 | J277: =J80/FallWeekdays -> 638461.54 | K277: =K80/FallWeekdays -> 61763.554 | L277: =L80/FallWeekdays -> 274971.05 | ... Y277: =Y80/FallWeekdays -> 10076923
A278: Fall | B278: h6 | C278: Hour5 | D278: Weekday | E278: =E81/FallWeekdays -> 0 | F278: =F81/FallWeekdays -> 97989.523 | G278: =G81/FallWeekdays -> 0 | H278: =H81/FallWeekdays -> 1096923.1 | I278: =I81/FallWeekdays -> 1096923.1 | J278: =J81/FallWeekdays -> 1096923.1 | K278: =K81/FallWeekdays -> 98496.277 | L278: =L81/FallWeekdays -> 295105.17 | ... Y278: =Y81/FallWeekdays -> 10138462
A279: Fall | B279: h7 | C279: Hour6 | D279: Weekday | E279: =E82/FallWeekdays -> 0 | F279: =F82/FallWeekdays -> 102975.29 | G279: =G82/FallWeekdays -> 0 | H279: =H82/FallWeekdays -> 1363076.9 | I279: =I82/FallWeekdays -> 1363076.9 | J279: =J82/FallWeekdays -> 1363076.9 | K279: =K82/FallWeekdays -> 137616.37 | L279: =L82/FallWeekdays -> 338030.66 | ... Y279: =Y82/FallWeekdays -> 10200000
A280: Fall | B280: h8 | C280: Hour7 | D280: Weekday | E280: =E83/FallWeekdays -> 0 | F280: =F83/FallWeekdays -> 101990.43 | G280: =G83/FallWeekdays -> 0 | H280: =H83/FallWeekdays -> 524615.38 | I280: =I83/FallWeekdays -> 524615.38 | J280: =J83/FallWeekdays -> 524615.38 | K280: =K83/FallWeekdays -> 123173.86 | L280: =L83/FallWeekdays -> 413846.15 | ... Y280: =Y83/FallWeekdays -> 10246154
A281: Fall | B281: h9 | C281: Hour8 | D281: Weekday | E281: =E84/FallWeekdays -> 0 | F281: =F84/FallWeekdays -> 108544.32 | G281: =G84/FallWeekdays -> 0 | H281: =H84/FallWeekdays -> 486153.85 | I281: =I84/FallWeekdays -> 486153.85 | J281: =J84/FallWeekdays -> 486153.85 | K281: =K84/FallWeekdays -> 82855.092 | L281: =L84/FallWeekdays -> 520000 | ... Y281: =Y84/FallWeekdays -> 10261538
A282: Fall | B282: h10 | C282: Hour9 | D282: Weekday | E282: =E85/FallWeekdays -> 0 | F282: =F85/FallWeekdays -> 121627.46 | G282: =G85/FallWeekdays -> 0 | H282: =H85/FallWeekdays -> 467692.31 | I282: =I85/FallWeekdays -> 467692.31 | J282: =J85/FallWeekdays -> 467692.31 | K282: =K85/FallWeekdays -> 62606.754 | L282: =L85/FallWeekdays -> 609230.77 | ... Y282: =Y85/FallWeekdays -> 10261538
A283: Fall | B283: h11 | C283: Hour10 | D283: Weekday | E283: =E86/FallWeekdays -> 0 | F283: =F86/FallWeekdays -> 151687.31 | G283: =G86/FallWeekdays -> 0 | H283: =H86/FallWeekdays -> 475384.62 | I283: =I86/FallWeekdays -> 475384.62 | J283: =J86/FallWeekdays -> 475384.62 | K283: =K86/FallWeekdays -> 50213.492 | L283: =L86/FallWeekdays -> 681538.46 | ... Y283: =Y86/FallWeekdays -> 10230769
A284: Fall | B284: h12 | C284: Hour11 | D284: Weekday | E284: =E87/FallWeekdays -> 0 | F284: =F87/FallWeekdays -> 201779.2 | G284: =G87/FallWeekdays -> 0 | H284: =H87/FallWeekdays -> 521538.46 | I284: =I87/FallWeekdays -> 521538.46 | J284: =J87/FallWeekdays -> 521538.46 | K284: =K87/FallWeekdays -> 40831.923 | L284: =L87/FallWeekdays -> 730769.23 | ... Y284: =Y87/FallWeekdays -> 10200000
... A296: Fall | B296: h24 | C296: Hour23 | D296: Weekday | E296: =E99/FallWeekdays -> 0 | F296: =F99/FallWeekdays -> 106887.62 | G296: =G99/FallWeekdays -> 0 | H296: =H99/FallWeekdays -> 750769.23 | I296: =I99/FallWeekdays -> 750769.23 | J296: =J99/FallWeekdays -> 750769.23 | K296: =K99/FallWeekdays -> 49071.462 | L296: =L99/FallWeekdays -> 340154.62 | ... Y296: =Y99/FallWeekdays -> 10076923
A297: Winter | B297: h1 | C297: Hour0 | D297: Weekend | E297: =E100/WinterWeekendDays -> 0 | F297: =F100/WinterWeekendDays -> 34259.944 | G297: =G100/WinterWeekendDays -> 0 | H297: =H100/WinterWeekendDays -> 1668333.3 | I297: =I100/WinterWeekendDays -> 1668333.3 | J297: =J100/WinterWeekendDays -> 1668333.3 | K297: =K100/WinterWeekendDays -> 181691.46 | L297: =L100/WinterWeekendDays -> 294644.78 | ... Y297: =Y100/WinterWeekendDays -> 26288889
A298: Winter | B298: h2 | C298: Hour1 | D298: Weekend | E298: =E101/WinterWeekendDays -> 0 | F298: =F101/WinterWeekendDays -> 27529.406 | G298: =G101/WinterWeekendDays -> 0 | H298: =H101/WinterWeekendDays -> 1441807.9 | I298: =I101/WinterWeekendDays -> 1441807.9 | J298: =J101/WinterWeekendDays -> 1441807.9 | K298: =K101/WinterWeekendDays -> 170528.24 | L298: =L101/WinterWeekendDays -> 285269.37 | ... Y298: =Y101/WinterWeekendDays -> 26288889
A299: Winter | B299: h3 | C299: Hour2 | D299: Weekend | E299: =E102/WinterWeekendDays -> 0 | F299: =F102/WinterWeekendDays -> 25640.533 | G299: =G102/WinterWeekendDays -> 0 | H299: =H102/WinterWeekendDays -> 1392527.2 | I299: =I102/WinterWeekendDays -> 1392527.2 | J299: =J102/WinterWeekendDays -> 1392527.2 | K299: =K102/WinterWeekendDays -> 153336.98 | L299: =L102/WinterWeekendDays -> 281740.04 | ... Y299: =Y102/WinterWeekendDays -> 26288889
A300: Winter | B300: h4 | C300: Hour3 | D300: Weekend | E300: =E103/WinterWeekendDays -> 0 | F300: =F103/WinterWeekendDays -> 27948.006 | G300: =G103/WinterWeekendDays -> 0 | H300: =H103/WinterWeekendDays -> 1391351.7 | I300: =I103/WinterWeekendDays -> 1391351.7 | J300: =J103/WinterWeekendDays -> 1391351.7 | K300: =K103/WinterWeekendDays -> 160354.91 | L300: =L103/WinterWeekendDays -> 281413.42 | ... Y300: =Y103/WinterWeekendDays -> 26405556
A301: Winter | B301: h5 | C301: Hour4 | D301: Weekend | E301: =E104/WinterWeekendDays -> 0 | F301: =F104/WinterWeekendDays -> 35199.889 | G301: =G104/WinterWeekendDays -> 0 | H301: =H104/WinterWeekendDays -> 1464531.2 | I301: =I104/WinterWeekendDays -> 1464531.2 | J301: =J104/WinterWeekendDays -> 1464531.2 | K301: =K104/WinterWeekendDays -> 167191.42 | L301: =L104/WinterWeekendDays -> 284581.15 | ... Y301: =Y104/WinterWeekendDays -> 26444444
A302: Winter | B302: h6 | C302: Hour5 | D302: Weekend | E302: =E105/WinterWeekendDays -> 0 | F302: =F105/WinterWeekendDays -> 48304.356 | G302: =G105/WinterWeekendDays -> 0 | H302: =H105/WinterWeekendDays -> 1897777.8 | I302: =I105/WinterWeekendDays -> 1897777.8 | J302: =J105/WinterWeekendDays -> 1897777.8 | K302: =K105/WinterWeekendDays -> 174461.97 | L302: =L105/WinterWeekendDays -> 294130.43 | ... Y302: =Y105/WinterWeekendDays -> 26600000
A303: Winter | B303: h7 | C303: Hour6 | D303: Weekend | E303: =E106/WinterWeekendDays -> 0 | F303: =F106/WinterWeekendDays -> 68551.544 | G303: =G106/WinterWeekendDays -> 0 | H303: =H106/WinterWeekendDays -> 3274444.4 | I303: =I106/WinterWeekendDays -> 3274444.4 | J303: =J106/WinterWeekendDays -> 3274444.4 | K303: =K106/WinterWeekendDays -> 218574.61 | L303: =L106/WinterWeekendDays -> 315765.06 | ... Y303: =Y106/WinterWeekendDays -> 26677778
A304: Winter | B304: h8 | C304: Hour7 | D304: Weekend | E304: =E107/WinterWeekendDays -> 0 | F304: =F107/WinterWeekendDays -> 96775.583 | G304: =G107/WinterWeekendDays -> 0 | H304: =H107/WinterWeekendDays -> 2068888.9 | I304: =I107/WinterWeekendDays -> 2068888.9 | J304: =J107/WinterWeekendDays -> 2068888.9 | K304: =K107/WinterWeekendDays -> 425121.71 | L304: =L107/WinterWeekendDays -> 354167.14 | ... Y304: =Y107/WinterWeekendDays -> 26755556
A305: Winter | B305: h9 | C305: Hour8 | D305: Weekend | E305: =E108/WinterWeekendDays -> 0 | F305: =F108/WinterWeekendDays -> 130815.57 | G305: =G108/WinterWeekendDays -> 0 | H305: =H108/WinterWeekendDays -> 1847222.2 | I305: =I108/WinterWeekendDays -> 1847222.2 | J305: =J108/WinterWeekendDays -> 1847222.2 | K305: =K108/WinterWeekendDays -> 516572.74 | L305: =L108/WinterWeekendDays -> 411118.59 | ... Y305: =Y108/WinterWeekendDays -> 26677778
A306: Winter | B306: h10 | C306: Hour9 | D306: Weekend | E306: =E109/WinterWeekendDays -> 0 | F306: =F109/WinterWeekendDays -> 169492.94 | G306: =G109/WinterWeekendDays -> 0 | H306: =H109/WinterWeekendDays -> 1917222.2 | I306: =I109/WinterWeekendDays -> 1917222.2 | J306: =J109/WinterWeekendDays -> 1917222.2 | K306: =K109/WinterWeekendDays -> 419447.27 | L306: =L109/WinterWeekendDays -> 468798.01 | ... Y306: =Y109/WinterWeekendDays -> 26600000
A307: Winter | B307: h11 | C307: Hour10 | D307: Weekend | E307: =E110/WinterWeekendDays -> 0 | F307: =F110/WinterWeekendDays -> 224766.89 | G307: =G110/WinterWeekendDays -> 0 | H307: =H110/WinterWeekendDays -> 1925000 | I307: =I110/WinterWeekendDays -> 1925000 | J307: =J110/WinterWeekendDays -> 1925000 | K307: =K110/WinterWeekendDays -> 355898.78 | L307: =L110/WinterWeekendDays -> 528158.01 | ... Y307: =Y110/WinterWeekendDays -> 26600000
A308: Winter | B308: h12 | C308: Hour11 | D308: Weekend | E308: =E111/WinterWeekendDays -> 0 | F308: =F111/WinterWeekendDays -> 313751.28 | G308: =G111/WinterWeekendDays -> 0 | H308: =H111/WinterWeekendDays -> 2049444.4 | I308: =I111/WinterWeekendDays -> 2049444.4 | J308: =J111/WinterWeekendDays -> 2049444.4 | K308: =K111/WinterWeekendDays -> 314857.28 | L308: =L111/WinterWeekendDays -> 588307.26 | ... Y308: =Y111/WinterWeekendDays -> 26600000
... A320: Winter | B320: h24 | C320: Hour23 | D320: Weekend | E320: =E123/WinterWeekendDays -> 0 | F320: =F123/WinterWeekendDays -> 46895.956 | G320: =G123/WinterWeekendDays -> 0 | H320: =H123/WinterWeekendDays -> 2477222.2 | I320: =I123/WinterWeekendDays -> 2477222.2 | J320: =J123/WinterWeekendDays -> 2477222.2 | K320: =K123/WinterWeekendDays -> 210410.71 | L320: =L123/WinterWeekendDays -> 313541.78 | ... Y320: =Y123/WinterWeekendDays -> 26405556
A321: Spring | B321: h1 | C321: Hour0 | D321: Weekend | E321: =E124/SpringWeekendDays -> 0 | F321: =F124/SpringWeekendDays -> 110898.72 | G321: =G124/SpringWeekendDays -> 0 | H321: =H124/SpringWeekendDays -> 1155384.5 | I321: =I124/SpringWeekendDays -> 1155384.5 | J321: =J124/SpringWeekendDays -> 1155384.5 | K321: =K124/SpringWeekendDays -> 39232.337 | L321: =L124/SpringWeekendDays -> 546684.48 | ... Y321: =Y124/SpringWeekendDays -> 19288043
A322: Spring | B322: h2 | C322: Hour1 | D322: Weekend | E322: =E125/SpringWeekendDays -> 0 | F322: =F125/SpringWeekendDays -> 93901.538 | G322: =G125/SpringWeekendDays -> 0 | H322: =H125/SpringWeekendDays -> 998172.65 | I322: =I125/SpringWeekendDays -> 998172.65 | J322: =J125/SpringWeekendDays -> 998172.65 | K322: =K125/SpringWeekendDays -> 35324.054 | L322: =L125/SpringWeekendDays -> 522806.6 | ... Y322: =Y125/SpringWeekendDays -> 19250000
A323: Spring | B323: h3 | C323: Hour2 | D323: Weekend | E323: =E126/SpringWeekendDays -> 0 | F323: =F126/SpringWeekendDays -> 89734.902 | G323: =G126/SpringWeekendDays -> 0 | H323: =H126/SpringWeekendDays -> 964055.29 | I323: =I126/SpringWeekendDays -> 964055.29 | J323: =J126/SpringWeekendDays -> 964055.29 | K323: =K126/SpringWeekendDays -> 34874.723 | L323: =L126/SpringWeekendDays -> 514687.97 | ... Y323: =Y126/SpringWeekendDays -> 19250000
A324: Spring | B324: h4 | C324: Hour3 | D324: Weekend | E324: =E127/SpringWeekendDays -> 0 | F324: =F127/SpringWeekendDays -> 95329.158 | G324: =G127/SpringWeekendDays -> 0 | H324: =H127/SpringWeekendDays -> 963241.51 | I324: =I127/SpringWeekendDays -> 963241.51 | J324: =J127/SpringWeekendDays -> 963241.51 | K324: =K127/SpringWeekendDays -> 35745.462 | L324: =L127/SpringWeekendDays -> 516408.95 | ... Y324: =Y127/SpringWeekendDays -> 19288043
A325: Spring | B325: h5 | C325: Hour4 | D325: Weekend | E325: =E128/SpringWeekendDays -> 0 | F325: =F128/SpringWeekendDays -> 113941.21 | G325: =G128/SpringWeekendDays -> 0 | H325: =H128/SpringWeekendDays -> 1013904.2 | I325: =I128/SpringWeekendDays -> 1013904.2 | J325: =J128/SpringWeekendDays -> 1013904.2 | K325: =K128/SpringWeekendDays -> 36218.38 | L325: =L128/SpringWeekendDays -> 529987.61 | ... Y325: =Y128/SpringWeekendDays -> 19364130
A326: Spring | B326: h6 | C326: Hour5 | D326: Weekend | E326: =E129/SpringWeekendDays -> 0 | F326: =F129/SpringWeekendDays -> 146388.15 | G326: =G129/SpringWeekendDays -> 0 | H326: =H129/SpringWeekendDays -> 1312500 | I326: =I129/SpringWeekendDays -> 1312500 | J326: =J129/SpringWeekendDays -> 1312500 | K326: =K129/SpringWeekendDays -> 41496.571 | L326: =L129/SpringWeekendDays -> 561023.37 | ... Y326: =Y129/SpringWeekendDays -> 19478261
A327: Spring | B327: h7 | C327: Hour6 | D327: Weekend | E327: =E130/SpringWeekendDays -> 0 | F327: =F130/SpringWeekendDays -> 195590.54 | G327: =G130/SpringWeekendDays -> 0 | H327: =H130/SpringWeekendDays -> 1504638.4 | I327: =I130/SpringWeekendDays -> 1504638.4 | J327: =J130/SpringWeekendDays -> 1504638.4 | K327: =K130/SpringWeekendDays -> 71885.092 | L327: =L130/SpringWeekendDays -> 622001.97 | ... Y327: =Y130/SpringWeekendDays -> 19516304
A328: Spring | B328: h8 | C328: Hour7 | D328: Weekend | E328: =E131/SpringWeekendDays -> 0 | F328: =F131/SpringWeekendDays -> 262075.13 | G328: =G131/SpringWeekendDays -> 0 | H328: =H131/SpringWeekendDays -> 1064391 | I328: =I131/SpringWeekendDays -> 1064391 | J328: =J131/SpringWeekendDays -> 1064391 | K328: =K131/SpringWeekendDays -> 92099.114 | L328: =L131/SpringWeekendDays -> 724142.96 | ... Y328: =Y131/SpringWeekendDays -> 19554348
A329: Spring | B329: h9 | C329: Hour8 | D329: Weekend | E329: =E132/SpringWeekendDays -> 0 | F329: =F132/SpringWeekendDays -> 334741.33 | G329: =G132/SpringWeekendDays -> 0 | H329: =H132/SpringWeekendDays -> 1282065.2 | I329: =I132/SpringWeekendDays -> 1282065.2 | J329: =J132/SpringWeekendDays -> 1282065.2 | K329: =K132/SpringWeekendDays -> 86014.554 | L329: =L132/SpringWeekendDays -> 867900.36 | ... Y329: =Y132/SpringWeekendDays -> 19516304
A330: Spring | B330: h10 | C330: Hour9 | D330: Weekend | E330: =E133/SpringWeekendDays -> 0 | F330: =F133/SpringWeekendDays -> 404173 | G330: =G133/SpringWeekendDays -> 0 | H330: =H133/SpringWeekendDays -> 1327717.4 | I330: =I133/SpringWeekendDays -> 1327717.4 | J330: =J133/SpringWeekendDays -> 1327717.4 | K330: =K133/SpringWeekendDays -> 69882.408 | L330: =L133/SpringWeekendDays -> 1022150.5 | ... Y330: =Y133/SpringWeekendDays -> 19478261
A331: Spring | B331: h11 | C331: Hour10 | D331: Weekend | E331: =E134/SpringWeekendDays -> 0 | F331: =F134/SpringWeekendDays -> 493678.08 | G331: =G134/SpringWeekendDays -> 0 | H331: =H134/SpringWeekendDays -> 1335326.1 | I331: =I134/SpringWeekendDays -> 1335326.1 | J331: =J134/SpringWeekendDays -> 1335326.1 | K331: =K134/SpringWeekendDays -> 59352.011 | L331: =L134/SpringWeekendDays -> 1171395.5 | ... Y331: =Y134/SpringWeekendDays -> 19478261
A332: Spring | B332: h12 | C332: Hour11 | D332: Weekend | E332: =E135/SpringWeekendDays -> 0 | F332: =F135/SpringWeekendDays -> 616318.01 | G332: =G135/SpringWeekendDays -> 0 | H332: =H135/SpringWeekendDays -> 1415217.4 | I332: =I135/SpringWeekendDays -> 1415217.4 | J332: =J135/SpringWeekendDays -> 1415217.4 | K332: =K135/SpringWeekendDays -> 52574.908 | L332: =L135/SpringWeekendDays -> 1294261 | ... Y332: =Y135/SpringWeekendDays -> 19440217
... A344: Spring | B344: h24 | C344: Hour23 | D344: Weekend | E344: =E147/SpringWeekendDays -> 0 | F344: =F147/SpringWeekendDays -> 142119.97 | G344: =G147/SpringWeekendDays -> 0 | H344: =H147/SpringWeekendDays -> 1711956.5 | I344: =I147/SpringWeekendDays -> 1711956.5 | J344: =J147/SpringWeekendDays -> 1711956.5 | K344: =K147/SpringWeekendDays -> 41965.837 | L344: =L147/SpringWeekendDays -> 593229.3 | ... Y344: =Y147/SpringWeekendDays -> 19326087
A345: Summer | B345: h1 | C345: Hour0 | D345: Weekend | E345: =E148/SummerWeekendDays -> 0 | F345: =F148/SummerWeekendDays -> 230923.91 | G345: =G148/SummerWeekendDays -> 0 | H345: =H148/SummerWeekendDays -> 1133986.4 | I345: =I148/SummerWeekendDays -> 1133986.4 | J345: =J148/SummerWeekendDays -> 1133986.4 | K345: =K148/SummerWeekendDays -> 42978.326 | L345: =L148/SummerWeekendDays -> 759995.55 | ... Y345: =Y148/SummerWeekendDays -> 19135870
A346: Summer | B346: h2 | C346: Hour1 | D346: Weekend | E346: =E149/SummerWeekendDays -> 0 | F346: =F149/SummerWeekendDays -> 207364.69 | G346: =G149/SummerWeekendDays -> 0 | H346: =H149/SummerWeekendDays -> 978750.23 | I346: =I149/SummerWeekendDays -> 978750.23 | J346: =J149/SummerWeekendDays -> 978750.23 | K346: =K149/SummerWeekendDays -> 43786.636 | L346: =L149/SummerWeekendDays -> 726142.11 | ... Y346: =Y149/SummerWeekendDays -> 19135870
A347: Summer | B347: h3 | C347: Hour2 | D347: Weekend | E347: =E150/SummerWeekendDays -> 0 | F347: =F150/SummerWeekendDays -> 201016.79 | G347: =G150/SummerWeekendDays -> 0 | H347: =H150/SummerWeekendDays -> 945296.82 | I347: =I150/SummerWeekendDays -> 945296.82 | J347: =J150/SummerWeekendDays -> 945296.82 | K347: =K150/SummerWeekendDays -> 45327.245 | L347: =L150/SummerWeekendDays -> 713878.6 | ... Y347: =Y150/SummerWeekendDays -> 19135870
...

Sheet Category Mapping
A1: LBNL Source Name | B1: Time | C1: EPS Sector | D1: EPS End Use | E1: Notes
A2: Industry_total_weekday_SSP2.csv | B2: Weekday | C2: Industry | D2: Industry
A3: Industry_total_weekend_SSP2.csv | B3: Weekend | C3: Industry | D3: Industry
A4: Residential_cooling_weekday.csv | B4: Weekday | C4: Residential | D4: Cooling
A5: Residential_cooling_weekend.csv | B5: Weekend | C5: Residential | D5: Cooling
A6: Residential_heating_weekday.csv | B6: Weekday | C6: Residential | D6: Heating
A7: Residential_heating_weekend.csv | B7: Weekend | C7: Residential | D7: Heating
A8: Residential_lighting_weekday.csv | B8: Weekday | C8: Residential | D8: Lighting
A9: Residential_lighting_weekend.csv | B9: Weekend | C9: Residential | D9: Lighting
A10: Residential_total_weekday_SSP2.csv | B10: Weekday | C10: Residential | D10: Total | E10: In addition to lighting, cooling, heating, and water heating, the residential sector total also includes cooking and appliances/equipment (the latter showing less climate dependence)
A11: Residential_total_weekend_SSP2.csv | B11: Weekend | C11: Residential | D11: Total
A12: Residential_waterheating_weekday.csv | B12: Weekday | C12: Residential | D12: Appliances
A13: Residential_waterheating_weekend.csv | B13: Weekend | C13: Residential | D13: Appliances
A14: Service_cooling_weekday.csv | B14: Weekday | C14: Commercial | D14: Cooling
A15: Service_cooling_weekend.csv | B15: Weekend | C15: Commercial | D15: Cooling
A16: Service_heating_weekday.csv | B16: Weekday | C16: Commercial | D16: Heating
A17: Service_heating_weekend.csv | B17: Weekend | C17: Commercial | D17: Heating
A18: Service_total_weekday_SSP2.csv | B18: Weekday | C18: Commercial | D18: Total | E18: In addition to lighting, cooling, heating, and water heating, the service sector total also includes cooking and appliances/equipment (the latter showing less climate dependence)
A19: Service_total_weekend_SSP2.csv | B19: Weekend | C19: Commercial | D19: Total
A20: Service_waterheating_weekday.csv | B20: Weekday | C20: Commercial | D20: Appliances
A21: Service_waterheating_weekend.csv | B21: Weekend | C21: Commercial | D21: Appliances
A22: Total_regional_weekday_SSP2.csv | B22: Weekday | C22: All Sectors | D22: Total
A23: Total_regional_weekend_SSP2.csv | B23: Weekend | C23: All Sectors | D23: Total
A24: Transport_total_weekday.csv | B24: Weekday | C24: Transportation | D24: Transportation
A25: Transport_total_weekend.csv | B25: Weekend | C25: Transportation | D25: Transportation
A27: Month | B27: Month Name | C27: Month Abbrev. | D27: # of Days | E27: Weekend Days | F27: Weekdays | G27: Season
A28: 1 | B28: January | C28: Jan | D28: 31 | E28: =D28*(2/7) -> 8.8571429 | F28: =D28*(5/7) -> 22.142857 | G28: =IF(AND(A28>=3,A28<=5),"Spring",IF(AND(A28>=6,A28<=8),"Summer",IF(AND(A28>=9,A28<=10),"Fall","Winter"))) -> Winter
A29: 2 | B29: February | C29: Feb | D29: 28 | E29: =D29*(2/7) -> 8 | F29: =D29*(5/7) -> 20 | G29: =IF(AND(A29>=3,A29<=5),"Spring",IF(AND(A29>=6,A29<=8),"Summer",IF(AND(A29>=9,A29<=10),"Fall","Winter"))) -> Winter
A30: 3 | B30: March | C30: Mar | D30: 31 | E30: =D30*(2/7) -> 8.8571429 | F30: =D30*(5/7) -> 22.142857 | G30: =IF(AND(A30>=3,A30<=5),"Spring",IF(AND(A30>=6,A30<=8),"Summer",IF(AND(A30>=9,A30<=10),"Fall","Winter"))) -> Spring
A31: 4 | B31: April | C31: Apr | D31: 30 | E31: =D31*(2/7) -> 8.5714286 | F31: =D31*(5/7) -> 21.428571 | G31: =IF(AND(A31>=3,A31<=5),"Spring",IF(AND(A31>=6,A31<=8),"Summer",IF(AND(A31>=9,A31<=10),"Fall","Winter"))) -> Spring
A32: 5 | B32: May | C32: May | D32: 31 | E32: =D32*(2/7) -> 8.8571429 | F32: =D32*(5/7) -> 22.142857 | G32: =IF(AND(A32>=3,A32<=5),"Spring",IF(AND(A32>=6,A32<=8),"Summer",IF(AND(A32>=9,A32<=10),"Fall","Winter"))) -> Spring
A33: 6 | B33: June | C33: Jun | D33: 30 | E33: =D33*(2/7) -> 8.5714286 | F33: =D33*(5/7) -> 21.428571 | G33: =IF(AND(A33>=3,A33<=5),"Spring",IF(AND(A33>=6,A33<=8),"Summer",IF(AND(A33>=9,A33<=10),"Fall","Winter"))) -> Summer
A34: 7 | B34: July | C34: Jul | D34: 31 | E34: =D34*(2/7) -> 8.8571429 | F34: =D34*(5/7) -> 22.142857 | G34: =IF(AND(A34>=3,A34<=5),"Spring",IF(AND(A34>=6,A34<=8),"Summer",IF(AND(A34>=9,A34<=10),"Fall","Winter"))) -> Summer
A35: 8 | B35: August | C35: Aug | D35: 31 | E35: =D35*(2/7) -> 8.8571429 | F35: =D35*(5/7) -> 22.142857 | G35: =IF(AND(A35>=3,A35<=5),"Spring",IF(AND(A35>=6,A35<=8),"Summer",IF(AND(A35>=9,A35<=10),"Fall","Winter"))) -> Summer
A36: 9 | B36: September | C36: Sep | D36: 30 | E36: =D36*(2/7) -> 8.5714286 | F36: =D36*(5/7) -> 21.428571 | G36: =IF(AND(A36>=3,A36<=5),"Spring",IF(AND(A36>=6,A36<=8),"Summer",IF(AND(A36>=9,A36<=10),"Fall","Winter"))) -> Fall
A37: 10 | B37: October | C37: Oct | D37: 31 | E37: =D37*(2/7) -> 8.8571429 | F37: =D37*(5/7) -> 22.142857 | G37: =IF(AND(A37>=3,A37<=5),"Spring",IF(AND(A37>=6,A37<=8),"Summer",IF(AND(A37>=9,A37<=10),"Fall","Winter"))) -> Fall
A38: 11 | B38: November | C38: Nov | D38: 30 | E38: =D38*(2/7) -> 8.5714286 | F38: =D38*(5/7) -> 21.428571 | G38: Fall
A39: 12 | B39: December | C39: Dec | D39: 31 | E39: =D39*(2/7) -> 8.8571429 | F39: =D39*(5/7) -> 22.142857 | G39: =IF(AND(A39>=3,A39<=5),"Spring",IF(AND(A39>=6,A39<=8),"Summer",IF(AND(A39>=9,A39<=10),"Fall","Winter"))) -> Winter
A41: Season | B41: Days per Season | C41: Hours per Season | D41: Weekend Days | E41: Weekdays
A42: Winter | B42: =SUMIF($G$28:$G$39,A42,$F$28:$F$39)+SUMIF($G$28:$G$39,A42,$E$28:$E$39) -> 90 | C42: =B42*24 -> 2160 | D42: =B42*(2/7) -> 25.714286 | E42: =B42*(5/7) -> 64.285714
A43: Spring | B43: =SUMIF($G$28:$G$39,A43,$F$28:$F$39)+SUMIF($G$28:$G$39,A43,$E$28:$E$39) -> 92 | C43: =B43*24 -> 2208 | D43: =B43*(2/7) -> 26.285714 | E43: =B43*(5/7) -> 65.714286
A44: Summer | B44: =SUMIF($G$28:$G$39,A44,$F$28:$F$39)+SUMIF($G$28:$G$39,A44,$E$28:$E$39) -> 92 | C44: =B44*24 -> 2208 | D44: =B44*(2/7) -> 26.285714 | E44: =B44*(5/7) -> 65.714286
A45: Fall | B45: =SUMIF($G$28:$G$39,A45,$F$28:$F$39)+SUMIF($G$28:$G$39,A45,$E$28:$E$39) -> 91 | C45: =B45*24 -> 2184 | D45: =B45*(2/7) -> 26 | E45: =B45*(5/7) -> 65

Sheet Double Check
B1: Days per Electricity Timeslice | C1: SHELF-residential-heating | D1: SHELF-residential-cooling | E1: SHELF-residential-envelope | F1: SHELF-residential-lighting | G1: SHELF-residential-appliances | H1: SHELF-residential-other | I1: SHELF-commercial-heating | J1: SHELF-commercial-cooling | K1: SHELF-commercial-envelope | L1: SHELF-commercial-lighting | M1: SHELF-commercial-appliances | N1: SHELF-commercial-other | O1: SHELF-LDVs | P1: SHELF-HDVs | Q1: SHELF-aircraft | R1: SHELF-rail | S1: SHELF-ships | T1: SHELF-motorbikes | U1: SHELF-industry | V1: SHELF-district-heat-hydrogen | W1: SHELF-geoeng
A2: Winter | B2: ='SHELF-days-per-timeslice'!B2 -> 90 | C2: =SUM(INDIRECT("'"&C$1&"'!B"&ROW($A2)&":Y"&ROW($A2))) -> 0 | D2: =SUM(INDIRECT("'"&D$1&"'!B"&ROW($A2)&":Y"&ROW($A2))) -> 0.0015460161 | E2: =SUM(INDIRECT("'"&E$1&"'!B"&ROW($A2)&":Y"&ROW($A2))) -> 0 | F2: =SUM(INDIRECT("'"&F$1&"'!B"&ROW($A2)&":Y"&ROW($A2))) -> 0.0040288947 | G2: =SUM(INDIRECT("'"&G$1&"'!B"&ROW($A2)&":Y"&ROW($A2))) -> 0.0040288947 | H2: =SUM(INDIRECT("'"&H$1&"'!B"&ROW($A2)&":Y"&ROW($A2))) -> 0.0040288947 | I2: =SUM(INDIRECT("'"&I$1&"'!B"&ROW($A2)&":Y"&ROW($A2))) -> 0 | J2: =SUM(INDIRECT("'"&J$1&"'!B"&ROW($A2)&":Y"&ROW($A2))) -> 0.0015459176 | ... W2: =SUM(INDIRECT("'"&W$1&"'!B"&ROW($A2)&":Y"&ROW($A2))) -> 0.0037110405
A3: Spring | B3: ='SHELF-days-per-timeslice'!B3 -> 92 | C3: =SUM(INDIRECT("'"&C$1&"'!B"&ROW($A3)&":Y"&ROW($A3))) -> 0 | D3: =SUM(INDIRECT("'"&D$1&"'!B"&ROW($A3)&":Y"&ROW($A3))) -> 0.0032300959 | E3: =SUM(INDIRECT("'"&E$1&"'!B"&ROW($A3)&":Y"&ROW($A3))) -> 0 | F3: =SUM(INDIRECT("'"&F$1&"'!B"&ROW($A3)&":Y"&ROW($A3))) -> 0.0026172358 | G3: =SUM(INDIRECT("'"&G$1&"'!B"&ROW($A3)&":Y"&ROW($A3))) -> 0.0026172358 | H3: =SUM(INDIRECT("'"&H$1&"'!B"&ROW($A3)&":Y"&ROW($A3))) -> 0.0026172358 | I3: =SUM(INDIRECT("'"&I$1&"'!B"&ROW($A3)&":Y"&ROW($A3))) -> 0 | J3: =SUM(INDIRECT("'"&J$1&"'!B"&ROW($A3)&":Y"&ROW($A3))) -> 0.0032304878 | ... W3: =SUM(INDIRECT("'"&W$1&"'!B"&ROW($A3)&":Y"&ROW($A3))) -> 0.0027161258
A4: Summer | B4: ='SHELF-days-per-timeslice'!B4 -> 92 | C4: =SUM(INDIRECT("'"&C$1&"'!B"&ROW($A4)&":Y"&ROW($A4))) -> 0 | D4: =SUM(INDIRECT("'"&D$1&"'!B"&ROW($A4)&":Y"&ROW($A4))) -> 0.0041428793 | E4: =SUM(INDIRECT("'"&E$1&"'!B"&ROW($A4)&":Y"&ROW($A4))) -> 0 | F4: =SUM(INDIRECT("'"&F$1&"'!B"&ROW($A4)&":Y"&ROW($A4))) -> 0.0024912436 | G4: =SUM(INDIRECT("'"&G$1&"'!B"&ROW($A4)&":Y"&ROW($A4))) -> 0.0024912436 | H4: =SUM(INDIRECT("'"&H$1&"'!B"&ROW($A4)&":Y"&ROW($A4))) -> 0.0024912436 | I4: =SUM(INDIRECT("'"&I$1&"'!B"&ROW($A4)&":Y"&ROW($A4))) -> 0 | J4: =SUM(INDIRECT("'"&J$1&"'!B"&ROW($A4)&":Y"&ROW($A4))) -> 0.0041431653 | ... W4: =SUM(INDIRECT("'"&W$1&"'!B"&ROW($A4)&":Y"&ROW($A4))) -> 0.002699278
A5: Fall | B5: ='SHELF-days-per-timeslice'!B5 -> 91 | C5: =SUM(INDIRECT("'"&C$1&"'!B"&ROW($A5)&":Y"&ROW($A5))) -> 0 | D5: =SUM(INDIRECT("'"&D$1&"'!B"&ROW($A5)&":Y"&ROW($A5))) -> 0.0020059872 | E5: =SUM(INDIRECT("'"&E$1&"'!B"&ROW($A5)&":Y"&ROW($A5))) -> 0 | F5: =SUM(INDIRECT("'"&F$1&"'!B"&ROW($A5)&":Y"&ROW($A5))) -> 0.0018397734 | G5: =SUM(INDIRECT("'"&G$1&"'!B"&ROW($A5)&":Y"&ROW($A5))) -> 0.0018397734 | H5: =SUM(INDIRECT("'"&H$1&"'!B"&ROW($A5)&":Y"&ROW($A5))) -> 0.0018397734 | I5: =SUM(INDIRECT("'"&I$1&"'!B"&ROW($A5)&":Y"&ROW($A5))) -> 0 | J5: =SUM(INDIRECT("'"&J$1&"'!B"&ROW($A5)&":Y"&ROW($A5))) -> 0.0020053992 | ... W5: =SUM(INDIRECT("'"&W$1&"'!B"&ROW($A5)&":Y"&ROW($A5))) -> 0.0018438374
A7: Check | C7: =ROUND(SUMPRODUCT($B2:$B5,C2:C5),10) -> 0 | D7: =ROUND(SUMPRODUCT($B2:$B5,D2:D5),10) -> 1 | E7: =ROUND(SUMPRODUCT($B2:$B5,E2:E5),10) -> 0 | F7: =ROUND(SUMPRODUCT($B2:$B5,F2:F5),10) -> 1 | G7: =ROUND(SUMPRODUCT($B2:$B5,G2:G5),10) -> 1 | H7: =ROUND(SUMPRODUCT($B2:$B5,H2:H5),10) -> 1 | I7: =ROUND(SUMPRODUCT($B2:$B5,I2:I5),10) -> 0 | J7: =ROUND(SUMPRODUCT($B2:$B5,J2:J5),10) -> 1 | ... W7: =ROUND(SUMPRODUCT($B2:$B5,W2:W5),10) -> 1

Sheet SHELF-days-per-timeslice
A1: Unit: days | B1: Days per Timeslice
A2: Winter | B2: ='Category Mapping'!B42 -> 90
A3: Spring | B3: ='Category Mapping'!B43 -> 92
A4: Summer | B4: ='Category Mapping'!B44 -> 92
A5: Fall | B5: ='Category Mapping'!B45 -> 91
A6: Summer Peak | B6: 0
A7: Winter Peak | B7: 0

Sheet SHELF-residential-heating
A1: Unit: dimensionless (ratio of electricity demand in this hour to annual demand) | B1: Hour0 | C1: Hour1 | D1: Hour2 | E1: Hour3 | F1: Hour4 | G1: Hour5 | H1: Hour6 | I1: Hour7 | J1: Hour8 | K1: Hour9 | L1: Hour10 | M1: Hour11 | N1: Hour12 | O1: Hour13 | P1: Hour14 | Q1: Hour15 | R1: Hour16 | S1: Hour17 | T1: Hour18 | U1: Hour19 | V1: Hour20 | W1: Hour21 | X1: Hour22 | Y1: Hour23
A2: Winter | B2: 0 | C2: 0 | D2: 0 | E2: 0 | F2: 0 | G2: 0 | H2: 0 | I2: 0 | J2: 0 | K2: 0 | L2: 0 | M2: 0 | N2: 0 | O2: 0 | P2: 0 | Q2: 0 | R2: 0 | S2: 0 | T2: 0 | U2: 0 | V2: 0 | W2: 0 | X2: 0 | Y2: 0
A3: Spring | B3: 0 | C3: 0 | D3: 0 | E3: 0 | F3: 0 | G3: 0 | H3: 0 | I3: 0 | J3: 0 | K3: 0 | L3: 0 | M3: 0 | N3: 0 | O3: 0 | P3: 0 | Q3: 0 | R3: 0 | S3: 0 | T3: 0 | U3: 0 | V3: 0 | W3: 0 | X3: 0 | Y3: 0
A4: Summer | B4: 0 | C4: 0 | D4: 0 | E4: 0 | F4: 0 | G4: 0 | H4: 0 | I4: 0 | J4: 0 | K4: 0 | L4: 0 | M4: 0 | N4: 0 | O4: 0 | P4: 0 | Q4: 0 | R4: 0 | S4: 0 | T4: 0 | U4: 0 | V4: 0 | W4: 0 | X4: 0 | Y4: 0
A5: Fall | B5: 0 | C5: 0 | D5: 0 | E5: 0 | F5: 0 | G5: 0 | H5: 0 | I5: 0 | J5: 0 | K5: 0 | L5: 0 | M5: 0 | N5: 0 | O5: 0 | P5: 0 | Q5: 0 | R5: 0 | S5: 0 | T5: 0 | U5: 0 | V5: 0 | W5: 0 | X5: 0 | Y5: 0
A6: Summer Peak | B6: 0 | C6: 0 | D6: 0 | E6: 0 | F6: 0 | G6: 0 | H6: 0 | I6: 0 | J6: 0 | K6: 0 | L6: 0 | M6: 0 | N6: 0 | O6: 0 | P6: 0 | Q6: 0 | R6: 0 | S6: 0 | T6: 0 | U6: 0 | V6: 0 | W6: 0 | X6: 0 | Y6: 0
A7: Winter Peak | B7: 0 | C7: 0 | D7: 0 | E7: 0 | F7: 0 | G7: 0 | H7: 0 | I7: 0 | J7: 0 | K7: 0 | L7: 0 | M7: 0 | N7: 0 | O7: 0 | P7: 0 | Q7: 0 | R7: 0 | S7: 0 | T7: 0 | U7: 0 | V7: 0 | W7: 0 | X7: 0 | Y7: 0

Sheet SHELF-residential-cooling
A1: Unit: dimensionless (ratio of electricity demand in this hour to annual demand) | B1: Hour0 | C1: Hour1 | D1: Hour2 | E1: Hour3 | F1: Hour4 | G1: Hour5 | H1: Hour6 | I1: Hour7 | J1: Hour8 | K1: Hour9 | L1: Hour10 | M1: Hour11 | N1: Hour12 | O1: Hour13 | P1: Hour14 | Q1: Hour15 | R1: Hour16 | S1: Hour17 | T1: Hour18 | U1: Hour19 | V1: Hour20 | W1: Hour21 | X1: Hour22 | Y1: Hour23
A2: Winter | B2: {=INDEX('Summarized Source Data'!$E$600:$E$743,MATCH(1,($A2=LoadFactorSeasons)*(B$1=LoadFactorHours),0),)} -> 1.3903641e-05 | C2: {=INDEX('Summarized Source Data'!$E$600:$E$743,MATCH(1,($A2=LoadFactorSeasons)*(C$1=LoadFactorHours),0),)} -> 1.1096078e-05 | D2: {=INDEX('Summarized Source Data'!$E$600:$E$743,MATCH(1,($A2=LoadFactorSeasons)*(D$1=LoadFactorHours),0),)} -> 1.0267191e-05 | E2: {=INDEX('Summarized Source Data'!$E$600:$E$743,MATCH(1,($A2=LoadFactorSeasons)*(E$1=LoadFactorHours),0),)} -> 1.1181226e-05 | F2: {=INDEX('Summarized Source Data'!$E$600:$E$743,MATCH(1,($A2=LoadFactorSeasons)*(F$1=LoadFactorHours),0),)} -> 1.3868095e-05 | G2: {=INDEX('Summarized Source Data'!$E$600:$E$743,MATCH(1,($A2=LoadFactorSeasons)*(G$1=LoadFactorHours),0),)} -> 1.8197816e-05 | H2: {=INDEX('Summarized Source Data'!$E$600:$E$743,MATCH(1,($A2=LoadFactorSeasons)*(H$1=LoadFactorHours),0),)} -> 2.3230424e-05 | I2: {=INDEX('Summarized Source Data'!$E$600:$E$743,MATCH(1,($A2=LoadFactorSeasons)*(I$1=LoadFactorHours),0),)} -> 2.8763284e-05 | ... Y2: {=INDEX('Summarized Source Data'!$E$600:$E$743,MATCH(1,($A2=LoadFactorSeasons)*(Y$1=LoadFactorHours),0),)} -> 1.9140577e-05
A3: Spring | B3: {=INDEX('Summarized Source Data'!$E$600:$E$743,MATCH(1,($A3=LoadFactorSeasons)*(B$1=LoadFactorHours),0),)} -> 4.4524977e-05 | C3: {=INDEX('Summarized Source Data'!$E$600:$E$743,MATCH(1,($A3=LoadFactorSeasons)*(C$1=LoadFactorHours),0),)} -> 3.7443894e-05 | D3: {=INDEX('Summarized Source Data'!$E$600:$E$743,MATCH(1,($A3=LoadFactorSeasons)*(D$1=LoadFactorHours),0),)} -> 3.5549716e-05 | E3: {=INDEX('Summarized Source Data'!$E$600:$E$743,MATCH(1,($A3=LoadFactorSeasons)*(E$1=LoadFactorHours),0),)} -> 3.7732537e-05 | F3: {=INDEX('Summarized Source Data'!$E$600:$E$743,MATCH(1,($A3=LoadFactorSeasons)*(F$1=LoadFactorHours),0),)} -> 4.4417362e-05 | G3: {=INDEX('Summarized Source Data'!$E$600:$E$743,MATCH(1,($A3=LoadFactorSeasons)*(G$1=LoadFactorHours),0),)} -> 5.4580155e-05 | H3: {=INDEX('Summarized Source Data'!$E$600:$E$743,MATCH(1,($A3=LoadFactorSeasons)*(H$1=LoadFactorHours),0),)} -> 6.5634704e-05 | I3: {=INDEX('Summarized Source Data'!$E$600:$E$743,MATCH(1,($A3=LoadFactorSeasons)*(I$1=LoadFactorHours),0),)} -> 7.7201269e-05 | ... Y3: {=INDEX('Summarized Source Data'!$E$600:$E$743,MATCH(1,($A3=LoadFactorSeasons)*(Y$1=LoadFactorHours),0),)} -> 5.7385556e-05
A4: Summer | B4: {=INDEX('Summarized Source Data'!$E$600:$E$743,MATCH(1,($A4=LoadFactorSeasons)*(B$1=LoadFactorHours),0),)} -> 9.1563566e-05 | C4: {=INDEX('Summarized Source Data'!$E$600:$E$743,MATCH(1,($A4=LoadFactorSeasons)*(C$1=LoadFactorHours),0),)} -> 8.1679221e-05 | D4: {=INDEX('Summarized Source Data'!$E$600:$E$743,MATCH(1,($A4=LoadFactorSeasons)*(D$1=LoadFactorHours),0),)} -> 7.8671033e-05 | E4: {=INDEX('Summarized Source Data'!$E$600:$E$743,MATCH(1,($A4=LoadFactorSeasons)*(E$1=LoadFactorHours),0),)} -> 8.2312201e-05 | F4: {=INDEX('Summarized Source Data'!$E$600:$E$743,MATCH(1,($A4=LoadFactorSeasons)*(F$1=LoadFactorHours),0),)} -> 9.1357326e-05 | G4: {=INDEX('Summarized Source Data'!$E$600:$E$743,MATCH(1,($A4=LoadFactorSeasons)*(G$1=LoadFactorHours),0),)} -> 0.00010354394 | H4: {=INDEX('Summarized Source Data'!$E$600:$E$743,MATCH(1,($A4=LoadFactorSeasons)*(H$1=LoadFactorHours),0),)} -> 0.00011345396 | I4: {=INDEX('Summarized Source Data'!$E$600:$E$743,MATCH(1,($A4=LoadFactorSeasons)*(I$1=LoadFactorHours),0),)} -> 0.00011956518 | ... Y4: {=INDEX('Summarized Source Data'!$E$600:$E$743,MATCH(1,($A4=LoadFactorSeasons)*(Y$1=LoadFactorHours),0),)} -> 0.0001088159
A5: Fall | B5: {=INDEX('Summarized Source Data'!$E$600:$E$743,MATCH(1,($A5=LoadFactorSeasons)*(B$1=LoadFactorHours),0),)} -> 3.8926165e-05 | C5: {=INDEX('Summarized Source Data'!$E$600:$E$743,MATCH(1,($A5=LoadFactorSeasons)*(C$1=LoadFactorHours),0),)} -> 3.425637e-05 | D5: {=INDEX('Summarized Source Data'!$E$600:$E$743,MATCH(1,($A5=LoadFactorSeasons)*(D$1=LoadFactorHours),0),)} -> 3.2879182e-05 | E5: {=INDEX('Summarized Source Data'!$E$600:$E$743,MATCH(1,($A5=LoadFactorSeasons)*(E$1=LoadFactorHours),0),)} -> 3.4521348e-05 | F5: {=INDEX('Summarized Source Data'!$E$600:$E$743,MATCH(1,($A5=LoadFactorSeasons)*(F$1=LoadFactorHours),0),)} -> 3.8836234e-05 | G5: {=INDEX('Summarized Source Data'!$E$600:$E$743,MATCH(1,($A5=LoadFactorSeasons)*(G$1=LoadFactorHours),0),)} -> 4.4855495e-05 | H5: {=INDEX('Summarized Source Data'!$E$600:$E$743,MATCH(1,($A5=LoadFactorSeasons)*(H$1=LoadFactorHours),0),)} -> 4.9869034e-05 | I5: {=INDEX('Summarized Source Data'!$E$600:$E$743,MATCH(1,($A5=LoadFactorSeasons)*(I$1=LoadFactorHours),0),)} -> 5.3724175e-05 | ... Y5: {=INDEX('Summarized Source Data'!$E$600:$E$743,MATCH(1,($A5=LoadFactorSeasons)*(Y$1=LoadFactorHours),0),)} -> 4.7146981e-05
A6: Summer Peak | B6: {=INDEX('Summarized Source Data'!$E$600:$E$743,MATCH(1,($A6=LoadFactorSeasons)*(B$1=LoadFactorHours),0),)} -> 9.8989755e-05 | C6: {=INDEX('Summarized Source Data'!$E$600:$E$743,MATCH(1,($A6=LoadFactorSeasons)*(C$1=LoadFactorHours),0),)} -> 8.8890664e-05 | D6: {=INDEX('Summarized Source Data'!$E$600:$E$743,MATCH(1,($A6=LoadFactorSeasons)*(D$1=LoadFactorHours),0),)} -> 8.6169522e-05 | E6: {=INDEX('Summarized Source Data'!$E$600:$E$743,MATCH(1,($A6=LoadFactorSeasons)*(E$1=LoadFactorHours),0),)} -> 9.0242094e-05 | F6: {=INDEX('Summarized Source Data'!$E$600:$E$743,MATCH(1,($A6=LoadFactorSeasons)*(F$1=LoadFactorHours),0),)} -> 0.00010170553 | G6: {=INDEX('Summarized Source Data'!$E$600:$E$743,MATCH(1,($A6=LoadFactorSeasons)*(G$1=LoadFactorHours),0),)} -> 0.00012050993 | H6: {=INDEX('Summarized Source Data'!$E$600:$E$743,MATCH(1,($A6=LoadFactorSeasons)*(H$1=LoadFactorHours),0),)} -> 0.00014662767 | I6: {=INDEX('Summarized Source Data'!$E$600:$E$743,MATCH(1,($A6=LoadFactorSeasons)*(I$1=LoadFactorHours),0),)} -> 0.00017590007 | ... Y6: {=INDEX('Summarized Source Data'!$E$600:$E$743,MATCH(1,($A6=LoadFactorSeasons)*(Y$1=LoadFactorHours),0),)} -> 0.00011699624
A7: Winter Peak | B7: {=INDEX('Summarized Source Data'!$E$600:$E$743,MATCH(1,($A7=LoadFactorSeasons)*(B$1=LoadFactorHours),0),)} -> 1.4686151e-05 | C7: {=INDEX('Summarized Source Data'!$E$600:$E$743,MATCH(1,($A7=LoadFactorSeasons)*(C$1=LoadFactorHours),0),)} -> 1.1800983e-05 | D7: {=INDEX('Summarized Source Data'!$E$600:$E$743,MATCH(1,($A7=LoadFactorSeasons)*(D$1=LoadFactorHours),0),)} -> 1.0991283e-05 | E7: {=INDEX('Summarized Source Data'!$E$600:$E$743,MATCH(1,($A7=LoadFactorSeasons)*(E$1=LoadFactorHours),0),)} -> 1.1980423e-05 | F7: {=INDEX('Summarized Source Data'!$E$600:$E$743,MATCH(1,($A7=LoadFactorSeasons)*(F$1=LoadFactorHours),0),)} -> 1.5089076e-05 | G7: {=INDEX('Summarized Source Data'!$E$600:$E$743,MATCH(1,($A7=LoadFactorSeasons)*(G$1=LoadFactorHours),0),)} -> 2.0706545e-05 | H7: {=INDEX('Summarized Source Data'!$E$600:$E$743,MATCH(1,($A7=LoadFactorSeasons)*(H$1=LoadFactorHours),0),)} -> 2.9385872e-05 | I7: {=INDEX('Summarized Source Data'!$E$600:$E$743,MATCH(1,($A7=LoadFactorSeasons)*(I$1=LoadFactorHours),0),)} -> 4.1484622e-05 | ... Y7: {=INDEX('Summarized Source Data'!$E$600:$E$743,MATCH(1,($A7=LoadFactorSeasons)*(Y$1=LoadFactorHours),0),)} -> 2.0102808e-05

Sheet SHELF-residential-envelope
A1: Unit: dimensionless (ratio of electricity demand in this hour to annual demand) | B1: Hour0 | C1: Hour1 | D1: Hour2 | E1: Hour3 | F1: Hour4 | G1: Hour5 | H1: Hour6 | I1: Hour7 | J1: Hour8 | K1: Hour9 | L1: Hour10 | M1: Hour11 | N1: Hour12 | O1: Hour13 | P1: Hour14 | Q1: Hour15 | R1: Hour16 | S1: Hour17 | T1: Hour18 | U1: Hour19 | V1: Hour20 | W1: Hour21 | X1: Hour22 | Y1: Hour23
A2: Winter | B2: 0 | C2: 0 | D2: 0 | E2: 0 | F2: 0 | G2: 0 | H2: 0 | I2: 0 | J2: 0 | K2: 0 | L2: 0 | M2: 0 | N2: 0 | O2: 0 | P2: 0 | Q2: 0 | R2: 0 | S2: 0 | T2: 0 | U2: 0 | V2: 0 | W2: 0 | X2: 0 | Y2: 0
A3: Spring | B3: 0 | C3: 0 | D3: 0 | E3: 0 | F3: 0 | G3: 0 | H3: 0 | I3: 0 | J3: 0 | K3: 0 | L3: 0 | M3: 0 | N3: 0 | O3: 0 | P3: 0 | Q3: 0 | R3: 0 | S3: 0 | T3: 0 | U3: 0 | V3: 0 | W3: 0 | X3: 0 | Y3: 0
A4: Summer | B4: 0 | C4: 0 | D4: 0 | E4: 0 | F4: 0 | G4: 0 | H4: 0 | I4: 0 | J4: 0 | K4: 0 | L4: 0 | M4: 0 | N4: 0 | O4: 0 | P4: 0 | Q4: 0 | R4: 0 | S4: 0 | T4: 0 | U4: 0 | V4: 0 | W4: 0 | X4: 0 | Y4: 0
A5: Fall | B5: 0 | C5: 0 | D5: 0 | E5: 0 | F5: 0 | G5: 0 | H5: 0 | I5: 0 | J5: 0 | K5: 0 | L5: 0 | M5: 0 | N5: 0 | O5: 0 | P5: 0 | Q5: 0 | R5: 0 | S5: 0 | T5: 0 | U5: 0 | V5: 0 | W5: 0 | X5: 0 | Y5: 0
A6: Summer Peak | B6: 0 | C6: 0 | D6: 0 | E6: 0 | F6: 0 | G6: 0 | H6: 0 | I6: 0 | J6: 0 | K6: 0 | L6: 0 | M6: 0 | N6: 0 | O6: 0 | P6: 0 | Q6: 0 | R6: 0 | S6: 0 | T6: 0 | U6: 0 | V6: 0 | W6: 0 | X6: 0 | Y6: 0
A7: Winter Peak | B7: 0 | C7: 0 | D7: 0 | E7: 0 | F7: 0 | G7: 0 | H7: 0 | I7: 0 | J7: 0 | K7: 0 | L7: 0 | M7: 0 | N7: 0 | O7: 0 | P7: 0 | Q7: 0 | R7: 0 | S7: 0 | T7: 0 | U7: 0 | V7: 0 | W7: 0 | X7: 0 | Y7: 0

Sheet SHELF-residential-lighting
A1: Unit: dimensionless (ratio of electricity demand in this hour to annual demand) | B1: Hour0 | C1: Hour1 | D1: Hour2 | E1: Hour3 | F1: Hour4 | G1: Hour5 | H1: Hour6 | I1: Hour7 | J1: Hour8 | K1: Hour9 | L1: Hour10 | M1: Hour11 | N1: Hour12 | O1: Hour13 | P1: Hour14 | Q1: Hour15 | R1: Hour16 | S1: Hour17 | T1: Hour18 | U1: Hour19 | V1: Hour20 | W1: Hour21 | X1: Hour22 | Y1: Hour23
A2: Winter | B2: {=INDEX('Summarized Source Data'!$G$600:$G$743,MATCH(1,($A2=LoadFactorSeasons)*(B$1=LoadFactorHours),0),)} -> 8.1669856e-05 | C2: {=INDEX('Summarized Source Data'!$G$600:$G$743,MATCH(1,($A2=LoadFactorSeasons)*(C$1=LoadFactorHours),0),)} -> 7.3556177e-05 | D2: {=INDEX('Summarized Source Data'!$G$600:$G$743,MATCH(1,($A2=LoadFactorSeasons)*(D$1=LoadFactorHours),0),)} -> 7.2159111e-05 | E2: {=INDEX('Summarized Source Data'!$G$600:$G$743,MATCH(1,($A2=LoadFactorSeasons)*(E$1=LoadFactorHours),0),)} -> 7.3202905e-05 | F2: {=INDEX('Summarized Source Data'!$G$600:$G$743,MATCH(1,($A2=LoadFactorSeasons)*(F$1=LoadFactorHours),0),)} -> 8.8174593e-05 | G2: {=INDEX('Summarized Source Data'!$G$600:$G$743,MATCH(1,($A2=LoadFactorSeasons)*(G$1=LoadFactorHours),0),)} -> 0.00014033012 | H2: {=INDEX('Summarized Source Data'!$G$600:$G$743,MATCH(1,($A2=LoadFactorSeasons)*(H$1=LoadFactorHours),0),)} -> 0.00021418807 | I2: {=INDEX('Summarized Source Data'!$G$600:$G$743,MATCH(1,($A2=LoadFactorSeasons)*(I$1=LoadFactorHours),0),)} -> 0.00010311707 | ... Y2: {=INDEX('Summarized Source Data'!$G$600:$G$743,MATCH(1,($A2=LoadFactorSeasons)*(Y$1=LoadFactorHours),0),)} -> 0.00011753358
A3: Spring | B3: {=INDEX('Summarized Source Data'!$G$600:$G$743,MATCH(1,($A3=LoadFactorSeasons)*(B$1=LoadFactorHours),0),)} -> 5.6739011e-05 | C3: {=INDEX('Summarized Source Data'!$G$600:$G$743,MATCH(1,($A3=LoadFactorSeasons)*(C$1=LoadFactorHours),0),)} -> 5.1089137e-05 | D3: {=INDEX('Summarized Source Data'!$G$600:$G$743,MATCH(1,($A3=LoadFactorSeasons)*(D$1=LoadFactorHours),0),)} -> 5.0118733e-05 | E3: {=INDEX('Summarized Source Data'!$G$600:$G$743,MATCH(1,($A3=LoadFactorSeasons)*(E$1=LoadFactorHours),0),)} -> 5.0868079e-05 | F3: {=INDEX('Summarized Source Data'!$G$600:$G$743,MATCH(1,($A3=LoadFactorSeasons)*(F$1=LoadFactorHours),0),)} -> 6.1311117e-05 | G3: {=INDEX('Summarized Source Data'!$G$600:$G$743,MATCH(1,($A3=LoadFactorSeasons)*(G$1=LoadFactorHours),0),)} -> 9.7540671e-05 | H3: {=INDEX('Summarized Source Data'!$G$600:$G$743,MATCH(1,($A3=LoadFactorSeasons)*(H$1=LoadFactorHours),0),)} -> 9.8756799e-05 | I3: {=INDEX('Summarized Source Data'!$G$600:$G$743,MATCH(1,($A3=LoadFactorSeasons)*(I$1=LoadFactorHours),0),)} -> 5.3201543e-05 | ... Y3: {=INDEX('Summarized Source Data'!$G$600:$G$743,MATCH(1,($A3=LoadFactorSeasons)*(Y$1=LoadFactorHours),0),)} -> 8.163126e-05
A4: Summer | B4: {=INDEX('Summarized Source Data'!$G$600:$G$743,MATCH(1,($A4=LoadFactorSeasons)*(B$1=LoadFactorHours),0),)} -> 5.5722987e-05 | C4: {=INDEX('Summarized Source Data'!$G$600:$G$743,MATCH(1,($A4=LoadFactorSeasons)*(C$1=LoadFactorHours),0),)} -> 5.0178665e-05 | D4: {=INDEX('Summarized Source Data'!$G$600:$G$743,MATCH(1,($A4=LoadFactorSeasons)*(D$1=LoadFactorHours),0),)} -> 4.9289859e-05 | E4: {=INDEX('Summarized Source Data'!$G$600:$G$743,MATCH(1,($A4=LoadFactorSeasons)*(E$1=LoadFactorHours),0),)} -> 4.9970021e-05 | F4: {=INDEX('Summarized Source Data'!$G$600:$G$743,MATCH(1,($A4=LoadFactorSeasons)*(F$1=LoadFactorHours),0),)} -> 6.025611e-05 | G4: {=INDEX('Summarized Source Data'!$G$600:$G$743,MATCH(1,($A4=LoadFactorSeasons)*(G$1=LoadFactorHours),0),)} -> 9.5942783e-05 | H4: {=INDEX('Summarized Source Data'!$G$600:$G$743,MATCH(1,($A4=LoadFactorSeasons)*(H$1=LoadFactorHours),0),)} -> 6.8361539e-05 | I4: {=INDEX('Summarized Source Data'!$G$600:$G$743,MATCH(1,($A4=LoadFactorSeasons)*(I$1=LoadFactorHours),0),)} -> 5.1586302e-05 | ... Y4: {=INDEX('Summarized Source Data'!$G$600:$G$743,MATCH(1,($A4=LoadFactorSeasons)*(Y$1=LoadFactorHours),0),)} -> 8.0241792e-05
A5: Fall | B5: {=INDEX('Summarized Source Data'!$G$600:$G$743,MATCH(1,($A5=LoadFactorSeasons)*(B$1=LoadFactorHours),0),)} -> 3.8700508e-05 | C5: {=INDEX('Summarized Source Data'!$G$600:$G$743,MATCH(1,($A5=LoadFactorSeasons)*(C$1=LoadFactorHours),0),)} -> 3.478822e-05 | D5: {=INDEX('Summarized Source Data'!$G$600:$G$743,MATCH(1,($A5=LoadFactorSeasons)*(D$1=LoadFactorHours),0),)} -> 3.4151871e-05 | E5: {=INDEX('Summarized Source Data'!$G$600:$G$743,MATCH(1,($A5=LoadFactorSeasons)*(E$1=LoadFactorHours),0),)} -> 3.4633377e-05 | F5: {=INDEX('Summarized Source Data'!$G$600:$G$743,MATCH(1,($A5=LoadFactorSeasons)*(F$1=LoadFactorHours),0),)} -> 4.1797455e-05 | G5: {=INDEX('Summarized Source Data'!$G$600:$G$743,MATCH(1,($A5=LoadFactorSeasons)*(G$1=LoadFactorHours),0),)} -> 6.6514303e-05 | H5: {=INDEX('Summarized Source Data'!$G$600:$G$743,MATCH(1,($A5=LoadFactorSeasons)*(H$1=LoadFactorHours),0),)} -> 8.6321097e-05 | I5: {=INDEX('Summarized Source Data'!$G$600:$G$743,MATCH(1,($A5=LoadFactorSeasons)*(I$1=LoadFactorHours),0),)} -> 3.7795937e-05 | ... Y5: {=INDEX('Summarized Source Data'!$G$600:$G$743,MATCH(1,($A5=LoadFactorSeasons)*(Y$1=LoadFactorHours),0),)} -> 5.562759e-05
A6: Summer Peak | B6: {=INDEX('Summarized Source Data'!$G$600:$G$743,MATCH(1,($A6=LoadFactorSeasons)*(B$1=LoadFactorHours),0),)} -> 7.2479354e-05 | C6: {=INDEX('Summarized Source Data'!$G$600:$G$743,MATCH(1,($A6=LoadFactorSeasons)*(C$1=LoadFactorHours),0),)} -> 6.2557349e-05 | D6: {=INDEX('Summarized Source Data'!$G$600:$G$743,MATCH(1,($A6=LoadFactorSeasons)*(D$1=LoadFactorHours),0),)} -> 6.0419156e-05 | E6: {=INDEX('Summarized Source Data'!$G$600:$G$743,MATCH(1,($A6=LoadFactorSeasons)*(E$1=LoadFactorHours),0),)} -> 6.0368154e-05 | F6: {=INDEX('Summarized Source Data'!$G$600:$G$743,MATCH(1,($A6=LoadFactorSeasons)*(F$1=LoadFactorHours),0),)} -> 6.3543278e-05 | G6: {=INDEX('Summarized Source Data'!$G$600:$G$743,MATCH(1,($A6=LoadFactorSeasons)*(G$1=LoadFactorHours),0),)} -> 0.00010134781 | H6: {=INDEX('Summarized Source Data'!$G$600:$G$743,MATCH(1,($A6=LoadFactorSeasons)*(H$1=LoadFactorHours),0),)} -> 6.9153835e-05 | I6: {=INDEX('Summarized Source Data'!$G$600:$G$743,MATCH(1,($A6=LoadFactorSeasons)*(I$1=LoadFactorHours),0),)} -> 6.578198e-05 | ... Y6: {=INDEX('Summarized Source Data'!$G$600:$G$743,MATCH(1,($A6=LoadFactorSeasons)*(Y$1=LoadFactorHours),0),)} -> 0.00010723221
A7: Winter Peak | B7: {=INDEX('Summarized Source Data'!$G$600:$G$743,MATCH(1,($A7=LoadFactorSeasons)*(B$1=LoadFactorHours),0),)} -> 0.00010663243 | C7: {=INDEX('Summarized Source Data'!$G$600:$G$743,MATCH(1,($A7=LoadFactorSeasons)*(C$1=LoadFactorHours),0),)} -> 9.2153932e-05 | D7: {=INDEX('Summarized Source Data'!$G$600:$G$743,MATCH(1,($A7=LoadFactorSeasons)*(D$1=LoadFactorHours),0),)} -> 8.9004124e-05 | E7: {=INDEX('Summarized Source Data'!$G$600:$G$743,MATCH(1,($A7=LoadFactorSeasons)*(E$1=LoadFactorHours),0),)} -> 8.8928997e-05 | F7: {=INDEX('Summarized Source Data'!$G$600:$G$743,MATCH(1,($A7=LoadFactorSeasons)*(F$1=LoadFactorHours),0),)} -> 9.3606303e-05 | G7: {=INDEX('Summarized Source Data'!$G$600:$G$743,MATCH(1,($A7=LoadFactorSeasons)*(G$1=LoadFactorHours),0),)} -> 0.00014794317 | H7: {=INDEX('Summarized Source Data'!$G$600:$G$743,MATCH(1,($A7=LoadFactorSeasons)*(H$1=LoadFactorHours),0),)} -> 0.00021614815 | I7: {=INDEX('Summarized Source Data'!$G$600:$G$743,MATCH(1,($A7=LoadFactorSeasons)*(I$1=LoadFactorHours),0),)} -> 0.00013223415 | ... Y7: {=INDEX('Summarized Source Data'!$G$600:$G$743,MATCH(1,($A7=LoadFactorSeasons)*(Y$1=LoadFactorHours),0),)} -> 0.000158333

Sheet SHELF-residential-appliances
A1: Unit: dimensionless (ratio of electricity demand in this hour to annual demand) | B1: Hour0 | C1: Hour1 | D1: Hour2 | E1: Hour3 | F1: Hour4 | G1: Hour5 | H1: Hour6 | I1: Hour7 | J1: Hour8 | K1: Hour9 | L1: Hour10 | M1: Hour11 | N1: Hour12 | O1: Hour13 | P1: Hour14 | Q1: Hour15 | R1: Hour16 | S1: Hour17 | T1: Hour18 | U1: Hour19 | V1: Hour20 | W1: Hour21 | X1: Hour22 | Y1: Hour23
A2: Winter | B2: {=INDEX('Summarized Source Data'!$H$600:$H$743,MATCH(1,($A2=LoadFactorSeasons)*(B$1=LoadFactorHours),0),)} -> 8.1669856e-05 | C2: {=INDEX('Summarized Source Data'!$H$600:$H$743,MATCH(1,($A2=LoadFactorSeasons)*(C$1=LoadFactorHours),0),)} -> 7.3556177e-05 | D2: {=INDEX('Summarized Source Data'!$H$600:$H$743,MATCH(1,($A2=LoadFactorSeasons)*(D$1=LoadFactorHours),0),)} -> 7.2159111e-05 | E2: {=INDEX('Summarized Source Data'!$H$600:$H$743,MATCH(1,($A2=LoadFactorSeasons)*(E$1=LoadFactorHours),0),)} -> 7.3202905e-05 | F2: {=INDEX('Summarized Source Data'!$H$600:$H$743,MATCH(1,($A2=LoadFactorSeasons)*(F$1=LoadFactorHours),0),)} -> 8.8174593e-05 | G2: {=INDEX('Summarized Source Data'!$H$600:$H$743,MATCH(1,($A2=LoadFactorSeasons)*(G$1=LoadFactorHours),0),)} -> 0.00014033012 | H2: {=INDEX('Summarized Source Data'!$H$600:$H$743,MATCH(1,($A2=LoadFactorSeasons)*(H$1=LoadFactorHours),0),)} -> 0.00021418807 | I2: {=INDEX('Summarized Source Data'!$H$600:$H$743,MATCH(1,($A2=LoadFactorSeasons)*(I$1=LoadFactorHours),0),)} -> 0.00010311707 | ... Y2: {=INDEX('Summarized Source Data'!$H$600:$H$743,MATCH(1,($A2=LoadFactorSeasons)*(Y$1=LoadFactorHours),0),)} -> 0.00011753358
A3: Spring | B3: {=INDEX('Summarized Source Data'!$H$600:$H$743,MATCH(1,($A3=LoadFactorSeasons)*(B$1=LoadFactorHours),0),)} -> 5.6739011e-05 | C3: {=INDEX('Summarized Source Data'!$H$600:$H$743,MATCH(1,($A3=LoadFactorSeasons)*(C$1=LoadFactorHours),0),)} -> 5.1089137e-05 | D3: {=INDEX('Summarized Source Data'!$H$600:$H$743,MATCH(1,($A3=LoadFactorSeasons)*(D$1=LoadFactorHours),0),)} -> 5.0118733e-05 | E3: {=INDEX('Summarized Source Data'!$H$600:$H$743,MATCH(1,($A3=LoadFactorSeasons)*(E$1=LoadFactorHours),0),)} -> 5.0868079e-05 | F3: {=INDEX('Summarized Source Data'!$H$600:$H$743,MATCH(1,($A3=LoadFactorSeasons)*(F$1=LoadFactorHours),0),)} -> 6.1311117e-05 | G3: {=INDEX('Summarized Source Data'!$H$600:$H$743,MATCH(1,($A3=LoadFactorSeasons)*(G$1=LoadFactorHours),0),)} -> 9.7540671e-05 | H3: {=INDEX('Summarized Source Data'!$H$600:$H$743,MATCH(1,($A3=LoadFactorSeasons)*(H$1=LoadFactorHours),0),)} -> 9.8756799e-05 | I3: {=INDEX('Summarized Source Data'!$H$600:$H$743,MATCH(1,($A3=LoadFactorSeasons)*(I$1=LoadFactorHours),0),)} -> 5.3201543e-05 | ... Y3: {=INDEX('Summarized Source Data'!$H$600:$H$743,MATCH(1,($A3=LoadFactorSeasons)*(Y$1=LoadFactorHours),0),)} -> 8.163126e-05
A4: Summer | B4: {=INDEX('Summarized Source Data'!$H$600:$H$743,MATCH(1,($A4=LoadFactorSeasons)*(B$1=LoadFactorHours),0),)} -> 5.5722987e-05 | C4: {=INDEX('Summarized Source Data'!$H$600:$H$743,MATCH(1,($A4=LoadFactorSeasons)*(C$1=LoadFactorHours),0),)} -> 5.0178665e-05 | D4: {=INDEX('Summarized Source Data'!$H$600:$H$743,MATCH(1,($A4=LoadFactorSeasons)*(D$1=LoadFactorHours),0),)} -> 4.9289859e-05 | E4: {=INDEX('Summarized Source Data'!$H$600:$H$743,MATCH(1,($A4=LoadFactorSeasons)*(E$1=LoadFactorHours),0),)} -> 4.9970021e-05 | F4: {=INDEX('Summarized Source Data'!$H$600:$H$743,MATCH(1,($A4=LoadFactorSeasons)*(F$1=LoadFactorHours),0),)} -> 6.025611e-05 | G4: {=INDEX('Summarized Source Data'!$H$600:$H$743,MATCH(1,($A4=LoadFactorSeasons)*(G$1=LoadFactorHours),0),)} -> 9.5942783e-05 | H4: {=INDEX('Summarized Source Data'!$H$600:$H$743,MATCH(1,($A4=LoadFactorSeasons)*(H$1=LoadFactorHours),0),)} -> 6.8361539e-05 | I4: {=INDEX('Summarized Source Data'!$H$600:$H$743,MATCH(1,($A4=LoadFactorSeasons)*(I$1=LoadFactorHours),0),)} -> 5.1586302e-05 | ... Y4: {=INDEX('Summarized Source Data'!$H$600:$H$743,MATCH(1,($A4=LoadFactorSeasons)*(Y$1=LoadFactorHours),0),)} -> 8.0241792e-05
A5: Fall | B5: {=INDEX('Summarized Source Data'!$H$600:$H$743,MATCH(1,($A5=LoadFactorSeasons)*(B$1=LoadFactorHours),0),)} -> 3.8700508e-05 | C5: {=INDEX('Summarized Source Data'!$H$600:$H$743,MATCH(1,($A5=LoadFactorSeasons)*(C$1=LoadFactorHours),0),)} -> 3.478822e-05 | D5: {=INDEX('Summarized Source Data'!$H$600:$H$743,MATCH(1,($A5=LoadFactorSeasons)*(D$1=LoadFactorHours),0),)} -> 3.4151871e-05 | E5: {=INDEX('Summarized Source Data'!$H$600:$H$743,MATCH(1,($A5=LoadFactorSeasons)*(E$1=LoadFactorHours),0),)} -> 3.4633377e-05 | F5: {=INDEX('Summarized Source Data'!$H$600:$H$743,MATCH(1,($A5=LoadFactorSeasons)*(F$1=LoadFactorHours),0),)} -> 4.1797455e-05 | G5: {=INDEX('Summarized Source Data'!$H$600:$H$743,MATCH(1,($A5=LoadFactorSeasons)*(G$1=LoadFactorHours),0),)} -> 6.6514303e-05 | H5: {=INDEX('Summarized Source Data'!$H$600:$H$743,MATCH(1,($A5=LoadFactorSeasons)*(H$1=LoadFactorHours),0),)} -> 8.6321097e-05 | I5: {=INDEX('Summarized Source Data'!$H$600:$H$743,MATCH(1,($A5=LoadFactorSeasons)*(I$1=LoadFactorHours),0),)} -> 3.7795937e-05 | ... Y5: {=INDEX('Summarized Source Data'!$H$600:$H$743,MATCH(1,($A5=LoadFactorSeasons)*(Y$1=LoadFactorHours),0),)} -> 5.562759e-05
A6: Summer Peak | B6: {=INDEX('Summarized Source Data'!$H$600:$H$743,MATCH(1,($A6=LoadFactorSeasons)*(B$1=LoadFactorHours),0),)} -> 7.2479354e-05 | C6: {=INDEX('Summarized Source Data'!$H$600:$H$743,MATCH(1,($A6=LoadFactorSeasons)*(C$1=LoadFactorHours),0),)} -> 6.2557349e-05 | D6: {=INDEX('Summarized Source Data'!$H$600:$H$743,MATCH(1,($A6=LoadFactorSeasons)*(D$1=LoadFactorHours),0),)} -> 6.0419156e-05 | E6: {=INDEX('Summarized Source Data'!$H$600:$H$743,MATCH(1,($A6=LoadFactorSeasons)*(E$1=LoadFactorHours),0),)} -> 6.0368154e-05 | F6: {=INDEX('Summarized Source Data'!$H$600:$H$743,MATCH(1,($A6=LoadFactorSeasons)*(F$1=LoadFactorHours),0),)} -> 6.3543278e-05 | G6: {=INDEX('Summarized Source Data'!$H$600:$H$743,MATCH(1,($A6=LoadFactorSeasons)*(G$1=LoadFactorHours),0),)} -> 0.00010134781 | H6: {=INDEX('Summarized Source Data'!$H$600:$H$743,MATCH(1,($A6=LoadFactorSeasons)*(H$1=LoadFactorHours),0),)} -> 6.9153835e-05 | I6: {=INDEX('Summarized Source Data'!$H$600:$H$743,MATCH(1,($A6=LoadFactorSeasons)*(I$1=LoadFactorHours),0),)} -> 6.578198e-05 | ... Y6: {=INDEX('Summarized Source Data'!$H$600:$H$743,MATCH(1,($A6=LoadFactorSeasons)*(Y$1=LoadFactorHours),0),)} -> 0.00010723221
A7: Winter Peak | B7: {=INDEX('Summarized Source Data'!$H$600:$H$743,MATCH(1,($A7=LoadFactorSeasons)*(B$1=LoadFactorHours),0),)} -> 0.00010663243 | C7: {=INDEX('Summarized Source Data'!$H$600:$H$743,MATCH(1,($A7=LoadFactorSeasons)*(C$1=LoadFactorHours),0),)} -> 9.2153932e-05 | D7: {=INDEX('Summarized Source Data'!$H$600:$H$743,MATCH(1,($A7=LoadFactorSeasons)*(D$1=LoadFactorHours),0),)} -> 8.9004124e-05 | E7: {=INDEX('Summarized Source Data'!$H$600:$H$743,MATCH(1,($A7=LoadFactorSeasons)*(E$1=LoadFactorHours),0),)} -> 8.8928997e-05 | F7: {=INDEX('Summarized Source Data'!$H$600:$H$743,MATCH(1,($A7=LoadFactorSeasons)*(F$1=LoadFactorHours),0),)} -> 9.3606303e-05 | G7: {=INDEX('Summarized Source Data'!$H$600:$H$743,MATCH(1,($A7=LoadFactorSeasons)*(G$1=LoadFactorHours),0),)} -> 0.00014794317 | H7: {=INDEX('Summarized Source Data'!$H$600:$H$743,MATCH(1,($A7=LoadFactorSeasons)*(H$1=LoadFactorHours),0),)} -> 0.00021614815 | I7: {=INDEX('Summarized Source Data'!$H$600:$H$743,MATCH(1,($A7=LoadFactorSeasons)*(I$1=LoadFactorHours),0),)} -> 0.00013223415 | ... Y7: {=INDEX('Summarized Source Data'!$H$600:$H$743,MATCH(1,($A7=LoadFactorSeasons)*(Y$1=LoadFactorHours),0),)} -> 0.000158333

Sheet SHELF-residential-other
A1: Unit: dimensionless (ratio of electricity demand in this hour to annual demand) | B1: Hour0 | C1: Hour1 | D1: Hour2 | E1: Hour3 | F1: Hour4 | G1: Hour5 | H1: Hour6 | I1: Hour7 | J1: Hour8 | K1: Hour9 | L1: Hour10 | M1: Hour11 | N1: Hour12 | O1: Hour13 | P1: Hour14 | Q1: Hour15 | R1: Hour16 | S1: Hour17 | T1: Hour18 | U1: Hour19 | V1: Hour20 | W1: Hour21 | X1: Hour22 | Y1: Hour23
A2: Winter | B2: {=INDEX('Summarized Source Data'!$I$600:$I$743,MATCH(1,($A2=LoadFactorSeasons)*(B$1=LoadFactorHours),0),)} -> 8.1669856e-05 | C2: {=INDEX('Summarized Source Data'!$I$600:$I$743,MATCH(1,($A2=LoadFactorSeasons)*(C$1=LoadFactorHours),0),)} -> 7.3556177e-05 | D2: {=INDEX('Summarized Source Data'!$I$600:$I$743,MATCH(1,($A2=LoadFactorSeasons)*(D$1=LoadFactorHours),0),)} -> 7.2159111e-05 | E2: {=INDEX('Summarized Source Data'!$I$600:$I$743,MATCH(1,($A2=LoadFactorSeasons)*(E$1=LoadFactorHours),0),)} -> 7.3202905e-05 | F2: {=INDEX('Summarized Source Data'!$I$600:$I$743,MATCH(1,($A2=LoadFactorSeasons)*(F$1=LoadFactorHours),0),)} -> 8.8174593e-05 | G2: {=INDEX('Summarized Source Data'!$I$600:$I$743,MATCH(1,($A2=LoadFactorSeasons)*(G$1=LoadFactorHours),0),)} -> 0.00014033012 | H2: {=INDEX('Summarized Source Data'!$I$600:$I$743,MATCH(1,($A2=LoadFactorSeasons)*(H$1=LoadFactorHours),0),)} -> 0.00021418807 | I2: {=INDEX('Summarized Source Data'!$I$600:$I$743,MATCH(1,($A2=LoadFactorSeasons)*(I$1=LoadFactorHours),0),)} -> 0.00010311707 | ... Y2: {=INDEX('Summarized Source Data'!$I$600:$I$743,MATCH(1,($A2=LoadFactorSeasons)*(Y$1=LoadFactorHours),0),)} -> 0.00011753358
A3: Spring | B3: {=INDEX('Summarized Source Data'!$I$600:$I$743,MATCH(1,($A3=LoadFactorSeasons)*(B$1=LoadFactorHours),0),)} -> 5.6739011e-05 | C3: {=INDEX('Summarized Source Data'!$I$600:$I$743,MATCH(1,($A3=LoadFactorSeasons)*(C$1=LoadFactorHours),0),)} -> 5.1089137e-05 | D3: {=INDEX('Summarized Source Data'!$I$600:$I$743,MATCH(1,($A3=LoadFactorSeasons)*(D$1=LoadFactorHours),0),)} -> 5.0118733e-05 | E3: {=INDEX('Summarized Source Data'!$I$600:$I$743,MATCH(1,($A3=LoadFactorSeasons)*(E$1=LoadFactorHours),0),)} -> 5.0868079e-05 | F3: {=INDEX('Summarized Source Data'!$I$600:$I$743,MATCH(1,($A3=LoadFactorSeasons)*(F$1=LoadFactorHours),0),)} -> 6.1311117e-05 | G3: {=INDEX('Summarized Source Data'!$I$600:$I$743,MATCH(1,($A3=LoadFactorSeasons)*(G$1=LoadFactorHours),0),)} -> 9.7540671e-05 | H3: {=INDEX('Summarized Source Data'!$I$600:$I$743,MATCH(1,($A3=LoadFactorSeasons)*(H$1=LoadFactorHours),0),)} -> 9.8756799e-05 | I3: {=INDEX('Summarized Source Data'!$I$600:$I$743,MATCH(1,($A3=LoadFactorSeasons)*(I$1=LoadFactorHours),0),)} -> 5.3201543e-05 | ... Y3: {=INDEX('Summarized Source Data'!$I$600:$I$743,MATCH(1,($A3=LoadFactorSeasons)*(Y$1=LoadFactorHours),0),)} -> 8.163126e-05
A4: Summer | B4: {=INDEX('Summarized Source Data'!$I$600:$I$743,MATCH(1,($A4=LoadFactorSeasons)*(B$1=LoadFactorHours),0),)} -> 5.5722987e-05 | C4: {=INDEX('Summarized Source Data'!$I$600:$I$743,MATCH(1,($A4=LoadFactorSeasons)*(C$1=LoadFactorHours),0),)} -> 5.0178665e-05 | D4: {=INDEX('Summarized Source Data'!$I$600:$I$743,MATCH(1,($A4=LoadFactorSeasons)*(D$1=LoadFactorHours),0),)} -> 4.9289859e-05 | E4: {=INDEX('Summarized Source Data'!$I$600:$I$743,MATCH(1,($A4=LoadFactorSeasons)*(E$1=LoadFactorHours),0),)} -> 4.9970021e-05 | F4: {=INDEX('Summarized Source Data'!$I$600:$I$743,MATCH(1,($A4=LoadFactorSeasons)*(F$1=LoadFactorHours),0),)} -> 6.025611e-05 | G4: {=INDEX('Summarized Source Data'!$I$600:$I$743,MATCH(1,($A4=LoadFactorSeasons)*(G$1=LoadFactorHours),0),)} -> 9.5942783e-05 | H4: {=INDEX('Summarized Source Data'!$I$600:$I$743,MATCH(1,($A4=LoadFactorSeasons)*(H$1=LoadFactorHours),0),)} -> 6.8361539e-05 | I4: {=INDEX('Summarized Source Data'!$I$600:$I$743,MATCH(1,($A4=LoadFactorSeasons)*(I$1=LoadFactorHours),0),)} -> 5.1586302e-05 | ... Y4: {=INDEX('Summarized Source Data'!$I$600:$I$743,MATCH(1,($A4=LoadFactorSeasons)*(Y$1=LoadFactorHours),0),)} -> 8.0241792e-05
A5: Fall | B5: {=INDEX('Summarized Source Data'!$I$600:$I$743,MATCH(1,($A5=LoadFactorSeasons)*(B$1=LoadFactorHours),0),)} -> 3.8700508e-05 | C5: {=INDEX('Summarized Source Data'!$I$600:$I$743,MATCH(1,($A5=LoadFactorSeasons)*(C$1=LoadFactorHours),0),)} -> 3.478822e-05 | D5: {=INDEX('Summarized Source Data'!$I$600:$I$743,MATCH(1,($A5=LoadFactorSeasons)*(D$1=LoadFactorHours),0),)} -> 3.4151871e-05 | E5: {=INDEX('Summarized Source Data'!$I$600:$I$743,MATCH(1,($A5=LoadFactorSeasons)*(E$1=LoadFactorHours),0),)} -> 3.4633377e-05 | F5: {=INDEX('Summarized Source Data'!$I$600:$I$743,MATCH(1,($A5=LoadFactorSeasons)*(F$1=LoadFactorHours),0),)} -> 4.1797455e-05 | G5: {=INDEX('Summarized Source Data'!$I$600:$I$743,MATCH(1,($A5=LoadFactorSeasons)*(G$1=LoadFactorHours),0),)} -> 6.6514303e-05 | H5: {=INDEX('Summarized Source Data'!$I$600:$I$743,MATCH(1,($A5=LoadFactorSeasons)*(H$1=LoadFactorHours),0),)} -> 8.6321097e-05 | I5: {=INDEX('Summarized Source Data'!$I$600:$I$743,MATCH(1,($A5=LoadFactorSeasons)*(I$1=LoadFactorHours),0),)} -> 3.7795937e-05 | ... Y5: {=INDEX('Summarized Source Data'!$I$600:$I$743,MATCH(1,($A5=LoadFactorSeasons)*(Y$1=LoadFactorHours),0),)} -> 5.562759e-05
A6: Summer Peak | B6: {=INDEX('Summarized Source Data'!$I$600:$I$743,MATCH(1,($A6=LoadFactorSeasons)*(B$1=LoadFactorHours),0),)} -> 7.2479354e-05 | C6: {=INDEX('Summarized Source Data'!$I$600:$I$743,MATCH(1,($A6=LoadFactorSeasons)*(C$1=LoadFactorHours),0),)} -> 6.2557349e-05 | D6: {=INDEX('Summarized Source Data'!$I$600:$I$743,MATCH(1,($A6=LoadFactorSeasons)*(D$1=LoadFactorHours),0),)} -> 6.0419156e-05 | E6: {=INDEX('Summarized Source Data'!$I$600:$I$743,MATCH(1,($A6=LoadFactorSeasons)*(E$1=LoadFactorHours),0),)} -> 6.0368154e-05 | F6: {=INDEX('Summarized Source Data'!$I$600:$I$743,MATCH(1,($A6=LoadFactorSeasons)*(F$1=LoadFactorHours),0),)} -> 6.3543278e-05 | G6: {=INDEX('Summarized Source Data'!$I$600:$I$743,MATCH(1,($A6=LoadFactorSeasons)*(G$1=LoadFactorHours),0),)} -> 0.00010134781 | H6: {=INDEX('Summarized Source Data'!$I$600:$I$743,MATCH(1,($A6=LoadFactorSeasons)*(H$1=LoadFactorHours),0),)} -> 6.9153835e-05 | I6: {=INDEX('Summarized Source Data'!$I$600:$I$743,MATCH(1,($A6=LoadFactorSeasons)*(I$1=LoadFactorHours),0),)} -> 6.578198e-05 | ... Y6: {=INDEX('Summarized Source Data'!$I$600:$I$743,MATCH(1,($A6=LoadFactorSeasons)*(Y$1=LoadFactorHours),0),)} -> 0.00010723221
A7: Winter Peak | B7: {=INDEX('Summarized Source Data'!$I$600:$I$743,MATCH(1,($A7=LoadFactorSeasons)*(B$1=LoadFactorHours),0),)} -> 0.00010663243 | C7: {=INDEX('Summarized Source Data'!$I$600:$I$743,MATCH(1,($A7=LoadFactorSeasons)*(C$1=LoadFactorHours),0),)} -> 9.2153932e-05 | D7: {=INDEX('Summarized Source Data'!$I$600:$I$743,MATCH(1,($A7=LoadFactorSeasons)*(D$1=LoadFactorHours),0),)} -> 8.9004124e-05 | E7: {=INDEX('Summarized Source Data'!$I$600:$I$743,MATCH(1,($A7=LoadFactorSeasons)*(E$1=LoadFactorHours),0),)} -> 8.8928997e-05 | F7: {=INDEX('Summarized Source Data'!$I$600:$I$743,MATCH(1,($A7=LoadFactorSeasons)*(F$1=LoadFactorHours),0),)} -> 9.3606303e-05 | G7: {=INDEX('Summarized Source Data'!$I$600:$I$743,MATCH(1,($A7=LoadFactorSeasons)*(G$1=LoadFactorHours),0),)} -> 0.00014794317 | H7: {=INDEX('Summarized Source Data'!$I$600:$I$743,MATCH(1,($A7=LoadFactorSeasons)*(H$1=LoadFactorHours),0),)} -> 0.00021614815 | I7: {=INDEX('Summarized Source Data'!$I$600:$I$743,MATCH(1,($A7=LoadFactorSeasons)*(I$1=LoadFactorHours),0),)} -> 0.00013223415 | ... Y7: {=INDEX('Summarized Source Data'!$I$600:$I$743,MATCH(1,($A7=LoadFactorSeasons)*(Y$1=LoadFactorHours),0),)} -> 0.000158333

Sheet SHELF-commercial-heating
A1: Unit: dimensionless (ratio of electricity demand in this hour to annual demand) | B1: Hour0 | C1: Hour1 | D1: Hour2 | E1: Hour3 | F1: Hour4 | G1: Hour5 | H1: Hour6 | I1: Hour7 | J1: Hour8 | K1: Hour9 | L1: Hour10 | M1: Hour11 | N1: Hour12 | O1: Hour13 | P1: Hour14 | Q1: Hour15 | R1: Hour16 | S1: Hour17 | T1: Hour18 | U1: Hour19 | V1: Hour20 | W1: Hour21 | X1: Hour22 | Y1: Hour23
A2: Winter | B2: 0 | C2: 0 | D2: 0 | E2: 0 | F2: 0 | G2: 0 | H2: 0 | I2: 0 | J2: 0 | K2: 0 | L2: 0 | M2: 0 | N2: 0 | O2: 0 | P2: 0 | Q2: 0 | R2: 0 | S2: 0 | T2: 0 | U2: 0 | V2: 0 | W2: 0 | X2: 0 | Y2: 0
A3: Spring | B3: 0 | C3: 0 | D3: 0 | E3: 0 | F3: 0 | G3: 0 | H3: 0 | I3: 0 | J3: 0 | K3: 0 | L3: 0 | M3: 0 | N3: 0 | O3: 0 | P3: 0 | Q3: 0 | R3: 0 | S3: 0 | T3: 0 | U3: 0 | V3: 0 | W3: 0 | X3: 0 | Y3: 0
A4: Summer | B4: 0 | C4: 0 | D4: 0 | E4: 0 | F4: 0 | G4: 0 | H4: 0 | I4: 0 | J4: 0 | K4: 0 | L4: 0 | M4: 0 | N4: 0 | O4: 0 | P4: 0 | Q4: 0 | R4: 0 | S4: 0 | T4: 0 | U4: 0 | V4: 0 | W4: 0 | X4: 0 | Y4: 0
A5: Fall | B5: 0 | C5: 0 | D5: 0 | E5: 0 | F5: 0 | G5: 0 | H5: 0 | I5: 0 | J5: 0 | K5: 0 | L5: 0 | M5: 0 | N5: 0 | O5: 0 | P5: 0 | Q5: 0 | R5: 0 | S5: 0 | T5: 0 | U5: 0 | V5: 0 | W5: 0 | X5: 0 | Y5: 0
A6: Summer Peak | B6: 0 | C6: 0 | D6: 0 | E6: 0 | F6: 0 | G6: 0 | H6: 0 | I6: 0 | J6: 0 | K6: 0 | L6: 0 | M6: 0 | N6: 0 | O6: 0 | P6: 0 | Q6: 0 | R6: 0 | S6: 0 | T6: 0 | U6: 0 | V6: 0 | W6: 0 | X6: 0 | Y6: 0
A7: Winter Peak | B7: 0 | C7: 0 | D7: 0 | E7: 0 | F7: 0 | G7: 0 | H7: 0 | I7: 0 | J7: 0 | K7: 0 | L7: 0 | M7: 0 | N7: 0 | O7: 0 | P7: 0 | Q7: 0 | R7: 0 | S7: 0 | T7: 0 | U7: 0 | V7: 0 | W7: 0 | X7: 0 | Y7: 0

Sheet SHELF-commercial-cooling
A1: Unit: dimensionless (ratio of electricity demand in this hour to annual demand) | B1: Hour0 | C1: Hour1 | D1: Hour2 | E1: Hour3 | F1: Hour4 | G1: Hour5 | H1: Hour6 | I1: Hour7 | J1: Hour8 | K1: Hour9 | L1: Hour10 | M1: Hour11 | N1: Hour12 | O1: Hour13 | P1: Hour14 | Q1: Hour15 | R1: Hour16 | S1: Hour17 | T1: Hour18 | U1: Hour19 | V1: Hour20 | W1: Hour21 | X1: Hour22 | Y1: Hour23
A2: Winter | B2: {=INDEX('Summarized Source Data'!$K$600:$K$743,MATCH(1,($A2=LoadFactorSeasons)*(B$1=LoadFactorHours),0),)} -> 3.9101393e-05 | C2: {=INDEX('Summarized Source Data'!$K$600:$K$743,MATCH(1,($A2=LoadFactorSeasons)*(C$1=LoadFactorHours),0),)} -> 3.700301e-05 | D2: {=INDEX('Summarized Source Data'!$K$600:$K$743,MATCH(1,($A2=LoadFactorSeasons)*(D$1=LoadFactorHours),0),)} -> 3.6174854e-05 | E2: {=INDEX('Summarized Source Data'!$K$600:$K$743,MATCH(1,($A2=LoadFactorSeasons)*(E$1=LoadFactorHours),0),)} -> 3.5914038e-05 | F2: {=INDEX('Summarized Source Data'!$K$600:$K$743,MATCH(1,($A2=LoadFactorSeasons)*(F$1=LoadFactorHours),0),)} -> 3.6259316e-05 | G2: {=INDEX('Summarized Source Data'!$K$600:$K$743,MATCH(1,($A2=LoadFactorSeasons)*(G$1=LoadFactorHours),0),)} -> 3.7906275e-05 | H2: {=INDEX('Summarized Source Data'!$K$600:$K$743,MATCH(1,($A2=LoadFactorSeasons)*(H$1=LoadFactorHours),0),)} -> 4.2244662e-05 | I2: {=INDEX('Summarized Source Data'!$K$600:$K$743,MATCH(1,($A2=LoadFactorSeasons)*(I$1=LoadFactorHours),0),)} -> 5.0272018e-05 | ... Y2: {=INDEX('Summarized Source Data'!$K$600:$K$743,MATCH(1,($A2=LoadFactorSeasons)*(Y$1=LoadFactorHours),0),)} -> 4.3388258e-05
A3: Spring | B3: {=INDEX('Summarized Source Data'!$K$600:$K$743,MATCH(1,($A3=LoadFactorSeasons)*(B$1=LoadFactorHours),0),)} -> 7.4232705e-05 | C3: {=INDEX('Summarized Source Data'!$K$600:$K$743,MATCH(1,($A3=LoadFactorSeasons)*(C$1=LoadFactorHours),0),)} -> 6.9492737e-05 | D3: {=INDEX('Summarized Source Data'!$K$600:$K$743,MATCH(1,($A3=LoadFactorSeasons)*(D$1=LoadFactorHours),0),)} -> 6.7861531e-05 | E3: {=INDEX('Summarized Source Data'!$K$600:$K$743,MATCH(1,($A3=LoadFactorSeasons)*(E$1=LoadFactorHours),0),)} -> 6.7598487e-05 | F3: {=INDEX('Summarized Source Data'!$K$600:$K$743,MATCH(1,($A3=LoadFactorSeasons)*(F$1=LoadFactorHours),0),)} -> 6.92348e-05 | G3: {=INDEX('Summarized Source Data'!$K$600:$K$743,MATCH(1,($A3=LoadFactorSeasons)*(G$1=LoadFactorHours),0),)} -> 7.4032804e-05 | H3: {=INDEX('Summarized Source Data'!$K$600:$K$743,MATCH(1,($A3=LoadFactorSeasons)*(H$1=LoadFactorHours),0),)} -> 8.4833268e-05 | I3: {=INDEX('Summarized Source Data'!$K$600:$K$743,MATCH(1,($A3=LoadFactorSeasons)*(I$1=LoadFactorHours),0),)} -> 0.00010339234 | ... Y3: {=INDEX('Summarized Source Data'!$K$600:$K$743,MATCH(1,($A3=LoadFactorSeasons)*(Y$1=LoadFactorHours),0),)} -> 8.3525506e-05
A4: Summer | B4: {=INDEX('Summarized Source Data'!$K$600:$K$743,MATCH(1,($A4=LoadFactorSeasons)*(B$1=LoadFactorHours),0),)} -> 0.00010287063 | C4: {=INDEX('Summarized Source Data'!$K$600:$K$743,MATCH(1,($A4=LoadFactorSeasons)*(C$1=LoadFactorHours),0),)} -> 9.6445371e-05 | D4: {=INDEX('Summarized Source Data'!$K$600:$K$743,MATCH(1,($A4=LoadFactorSeasons)*(D$1=LoadFactorHours),0),)} -> 9.4033939e-05 | E4: {=INDEX('Summarized Source Data'!$K$600:$K$743,MATCH(1,($A4=LoadFactorSeasons)*(E$1=LoadFactorHours),0),)} -> 9.4056592e-05 | F4: {=INDEX('Summarized Source Data'!$K$600:$K$743,MATCH(1,($A4=LoadFactorSeasons)*(F$1=LoadFactorHours),0),)} -> 9.669022e-05 | G4: {=INDEX('Summarized Source Data'!$K$600:$K$743,MATCH(1,($A4=LoadFactorSeasons)*(G$1=LoadFactorHours),0),)} -> 0.00010343122 | H4: {=INDEX('Summarized Source Data'!$K$600:$K$743,MATCH(1,($A4=LoadFactorSeasons)*(H$1=LoadFactorHours),0),)} -> 0.00011759864 | I4: {=INDEX('Summarized Source Data'!$K$600:$K$743,MATCH(1,($A4=LoadFactorSeasons)*(I$1=LoadFactorHours),0),)} -> 0.00014083809 | ... Y4: {=INDEX('Summarized Source Data'!$K$600:$K$743,MATCH(1,($A4=LoadFactorSeasons)*(Y$1=LoadFactorHours),0),)} -> 0.00011521765
A5: Fall | B5: {=INDEX('Summarized Source Data'!$K$600:$K$743,MATCH(1,($A5=LoadFactorSeasons)*(B$1=LoadFactorHours),0),)} -> 4.9854764e-05 | C5: {=INDEX('Summarized Source Data'!$K$600:$K$743,MATCH(1,($A5=LoadFactorSeasons)*(C$1=LoadFactorHours),0),)} -> 4.6798738e-05 | D5: {=INDEX('Summarized Source Data'!$K$600:$K$743,MATCH(1,($A5=LoadFactorSeasons)*(D$1=LoadFactorHours),0),)} -> 4.5655736e-05 | E5: {=INDEX('Summarized Source Data'!$K$600:$K$743,MATCH(1,($A5=LoadFactorSeasons)*(E$1=LoadFactorHours),0),)} -> 4.5647455e-05 | F5: {=INDEX('Summarized Source Data'!$K$600:$K$743,MATCH(1,($A5=LoadFactorSeasons)*(F$1=LoadFactorHours),0),)} -> 4.6649473e-05 | G5: {=INDEX('Summarized Source Data'!$K$600:$K$743,MATCH(1,($A5=LoadFactorSeasons)*(G$1=LoadFactorHours),0),)} -> 4.9759e-05 | H5: {=INDEX('Summarized Source Data'!$K$600:$K$743,MATCH(1,($A5=LoadFactorSeasons)*(H$1=LoadFactorHours),0),)} -> 5.6155832e-05 | I5: {=INDEX('Summarized Source Data'!$K$600:$K$743,MATCH(1,($A5=LoadFactorSeasons)*(I$1=LoadFactorHours),0),)} -> 6.7188652e-05 | ... Y5: {=INDEX('Summarized Source Data'!$K$600:$K$743,MATCH(1,($A5=LoadFactorSeasons)*(Y$1=LoadFactorHours),0),)} -> 5.5708508e-05
A6: Summer Peak | B6: {=INDEX('Summarized Source Data'!$K$600:$K$743,MATCH(1,($A6=LoadFactorSeasons)*(B$1=LoadFactorHours),0),)} -> 0.00011854029 | C6: {=INDEX('Summarized Source Data'!$K$600:$K$743,MATCH(1,($A6=LoadFactorSeasons)*(C$1=LoadFactorHours),0),)} -> 0.00011326 | D6: {=INDEX('Summarized Source Data'!$K$600:$K$743,MATCH(1,($A6=LoadFactorSeasons)*(D$1=LoadFactorHours),0),)} -> 0.0001113472 | E6: {=INDEX('Summarized Source Data'!$K$600:$K$743,MATCH(1,($A6=LoadFactorSeasons)*(E$1=LoadFactorHours),0),)} -> 0.00011201987 | F6: {=INDEX('Summarized Source Data'!$K$600:$K$743,MATCH(1,($A6=LoadFactorSeasons)*(F$1=LoadFactorHours),0),)} -> 0.00011530374 | G6: {=INDEX('Summarized Source Data'!$K$600:$K$743,MATCH(1,($A6=LoadFactorSeasons)*(G$1=LoadFactorHours),0),)} -> 0.00012228252 | H6: {=INDEX('Summarized Source Data'!$K$600:$K$743,MATCH(1,($A6=LoadFactorSeasons)*(H$1=LoadFactorHours),0),)} -> 0.00013507874 | I6: {=INDEX('Summarized Source Data'!$K$600:$K$743,MATCH(1,($A6=LoadFactorSeasons)*(I$1=LoadFactorHours),0),)} -> 0.00015470495 | ... Y6: {=INDEX('Summarized Source Data'!$K$600:$K$743,MATCH(1,($A6=LoadFactorSeasons)*(Y$1=LoadFactorHours),0),)} -> 0.00012852541
A7: Winter Peak | B7: {=INDEX('Summarized Source Data'!$K$600:$K$743,MATCH(1,($A7=LoadFactorSeasons)*(B$1=LoadFactorHours),0),)} -> 4.5957213e-05 | C7: {=INDEX('Summarized Source Data'!$K$600:$K$743,MATCH(1,($A7=LoadFactorSeasons)*(C$1=LoadFactorHours),0),)} -> 4.4494883e-05 | D7: {=INDEX('Summarized Source Data'!$K$600:$K$743,MATCH(1,($A7=LoadFactorSeasons)*(D$1=LoadFactorHours),0),)} -> 4.3944397e-05 | E7: {=INDEX('Summarized Source Data'!$K$600:$K$743,MATCH(1,($A7=LoadFactorSeasons)*(E$1=LoadFactorHours),0),)} -> 4.3893451e-05 | F7: {=INDEX('Summarized Source Data'!$K$600:$K$743,MATCH(1,($A7=LoadFactorSeasons)*(F$1=LoadFactorHours),0),)} -> 4.4387539e-05 | G7: {=INDEX('Summarized Source Data'!$K$600:$K$743,MATCH(1,($A7=LoadFactorSeasons)*(G$1=LoadFactorHours),0),)} -> 4.5876988e-05 | H7: {=INDEX('Summarized Source Data'!$K$600:$K$743,MATCH(1,($A7=LoadFactorSeasons)*(H$1=LoadFactorHours),0),)} -> 4.9251448e-05 | I7: {=INDEX('Summarized Source Data'!$K$600:$K$743,MATCH(1,($A7=LoadFactorSeasons)*(I$1=LoadFactorHours),0),)} -> 5.5241212e-05 | ... Y7: {=INDEX('Summarized Source Data'!$K$600:$K$743,MATCH(1,($A7=LoadFactorSeasons)*(Y$1=LoadFactorHours),0),)} -> 4.8904673e-05

Sheet SHELF-commercial-envelope
A1: Unit: dimensionless (ratio of electricity demand in this hour to annual demand) | B1: Hour0 | C1: Hour1 | D1: Hour2 | E1: Hour3 | F1: Hour4 | G1: Hour5 | H1: Hour6 | I1: Hour7 | J1: Hour8 | K1: Hour9 | L1: Hour10 | M1: Hour11 | N1: Hour12 | O1: Hour13 | P1: Hour14 | Q1: Hour15 | R1: Hour16 | S1: Hour17 | T1: Hour18 | U1: Hour19 | V1: Hour20 | W1: Hour21 | X1: Hour22 | Y1: Hour23
A2: Winter | B2: 0 | C2: 0 | D2: 0 | E2: 0 | F2: 0 | G2: 0 | H2: 0 | I2: 0 | J2: 0 | K2: 0 | L2: 0 | M2: 0 | N2: 0 | O2: 0 | P2: 0 | Q2: 0 | R2: 0 | S2: 0 | T2: 0 | U2: 0 | V2: 0 | W2: 0 | X2: 0 | Y2: 0
A3: Spring | B3: 0 | C3: 0 | D3: 0 | E3: 0 | F3: 0 | G3: 0 | H3: 0 | I3: 0 | J3: 0 | K3: 0 | L3: 0 | M3: 0 | N3: 0 | O3: 0 | P3: 0 | Q3: 0 | R3: 0 | S3: 0 | T3: 0 | U3: 0 | V3: 0 | W3: 0 | X3: 0 | Y3: 0
A4: Summer | B4: 0 | C4: 0 | D4: 0 | E4: 0 | F4: 0 | G4: 0 | H4: 0 | I4: 0 | J4: 0 | K4: 0 | L4: 0 | M4: 0 | N4: 0 | O4: 0 | P4: 0 | Q4: 0 | R4: 0 | S4: 0 | T4: 0 | U4: 0 | V4: 0 | W4: 0 | X4: 0 | Y4: 0
A5: Fall | B5: 0 | C5: 0 | D5: 0 | E5: 0 | F5: 0 | G5: 0 | H5: 0 | I5: 0 | J5: 0 | K5: 0 | L5: 0 | M5: 0 | N5: 0 | O5: 0 | P5: 0 | Q5: 0 | R5: 0 | S5: 0 | T5: 0 | U5: 0 | V5: 0 | W5: 0 | X5: 0 | Y5: 0
A6: Summer Peak | B6: 0 | C6: 0 | D6: 0 | E6: 0 | F6: 0 | G6: 0 | H6: 0 | I6: 0 | J6: 0 | K6: 0 | L6: 0 | M6: 0 | N6: 0 | O6: 0 | P6: 0 | Q6: 0 | R6: 0 | S6: 0 | T6: 0 | U6: 0 | V6: 0 | W6: 0 | X6: 0 | Y6: 0
A7: Winter Peak | B7: 0 | C7: 0 | D7: 0 | E7: 0 | F7: 0 | G7: 0 | H7: 0 | I7: 0 | J7: 0 | K7: 0 | L7: 0 | M7: 0 | N7: 0 | O7: 0 | P7: 0 | Q7: 0 | R7: 0 | S7: 0 | T7: 0 | U7: 0 | V7: 0 | W7: 0 | X7: 0 | Y7: 0

Sheet SHELF-commercial-lighting
A1: Unit: dimensionless (ratio of electricity demand in this hour to annual demand) | B1: Hour0 | C1: Hour1 | D1: Hour2 | E1: Hour3 | F1: Hour4 | G1: Hour5 | H1: Hour6 | I1: Hour7 | J1: Hour8 | K1: Hour9 | L1: Hour10 | M1: Hour11 | N1: Hour12 | O1: Hour13 | P1: Hour14 | Q1: Hour15 | R1: Hour16 | S1: Hour17 | T1: Hour18 | U1: Hour19 | V1: Hour20 | W1: Hour21 | X1: Hour22 | Y1: Hour23
A2: Winter | B2: {=INDEX('Summarized Source Data'!$M$600:$M$743,MATCH(1,($A2=LoadFactorSeasons)*(B$1=LoadFactorHours),0),)} -> 8.1669856e-05 | C2: {=INDEX('Summarized Source Data'!$M$600:$M$743,MATCH(1,($A2=LoadFactorSeasons)*(C$1=LoadFactorHours),0),)} -> 7.3556177e-05 | D2: {=INDEX('Summarized Source Data'!$M$600:$M$743,MATCH(1,($A2=LoadFactorSeasons)*(D$1=LoadFactorHours),0),)} -> 7.2159111e-05 | E2: {=INDEX('Summarized Source Data'!$M$600:$M$743,MATCH(1,($A2=LoadFactorSeasons)*(E$1=LoadFactorHours),0),)} -> 7.3202905e-05 | F2: {=INDEX('Summarized Source Data'!$M$600:$M$743,MATCH(1,($A2=LoadFactorSeasons)*(F$1=LoadFactorHours),0),)} -> 8.8174593e-05 | G2: {=INDEX('Summarized Source Data'!$M$600:$M$743,MATCH(1,($A2=LoadFactorSeasons)*(G$1=LoadFactorHours),0),)} -> 0.00014033012 | H2: {=INDEX('Summarized Source Data'!$M$600:$M$743,MATCH(1,($A2=LoadFactorSeasons)*(H$1=LoadFactorHours),0),)} -> 0.00021418807 | I2: {=INDEX('Summarized Source Data'!$M$600:$M$743,MATCH(1,($A2=LoadFactorSeasons)*(I$1=LoadFactorHours),0),)} -> 0.00010311707 | ... Y2: {=INDEX('Summarized Source Data'!$M$600:$M$743,MATCH(1,($A2=LoadFactorSeasons)*(Y$1=LoadFactorHours),0),)} -> 0.00011753358
A3: Spring | B3: {=INDEX('Summarized Source Data'!$M$600:$M$743,MATCH(1,($A3=LoadFactorSeasons)*(B$1=LoadFactorHours),0),)} -> 5.6739011e-05 | C3: {=INDEX('Summarized Source Data'!$M$600:$M$743,MATCH(1,($A3=LoadFactorSeasons)*(C$1=LoadFactorHours),0),)} -> 5.1089137e-05 | D3: {=INDEX('Summarized Source Data'!$M$600:$M$743,MATCH(1,($A3=LoadFactorSeasons)*(D$1=LoadFactorHours),0),)} -> 5.0118733e-05 | E3: {=INDEX('Summarized Source Data'!$M$600:$M$743,MATCH(1,($A3=LoadFactorSeasons)*(E$1=LoadFactorHours),0),)} -> 5.0868079e-05 | F3: {=INDEX('Summarized Source Data'!$M$600:$M$743,MATCH(1,($A3=LoadFactorSeasons)*(F$1=LoadFactorHours),0),)} -> 6.1311117e-05 | G3: {=INDEX('Summarized Source Data'!$M$600:$M$743,MATCH(1,($A3=LoadFactorSeasons)*(G$1=LoadFactorHours),0),)} -> 9.7540671e-05 | H3: {=INDEX('Summarized Source Data'!$M$600:$M$743,MATCH(1,($A3=LoadFactorSeasons)*(H$1=LoadFactorHours),0),)} -> 9.8756799e-05 | I3: {=INDEX('Summarized Source Data'!$M$600:$M$743,MATCH(1,($A3=LoadFactorSeasons)*(I$1=LoadFactorHours),0),)} -> 5.3201543e-05 | ... Y3: {=INDEX('Summarized Source Data'!$M$600:$M$743,MATCH(1,($A3=LoadFactorSeasons)*(Y$1=LoadFactorHours),0),)} -> 8.163126e-05
A4: Summer | B4: {=INDEX('Summarized Source Data'!$M$600:$M$743,MATCH(1,($A4=LoadFactorSeasons)*(B$1=LoadFactorHours),0),)} -> 5.5722987e-05 | C4: {=INDEX('Summarized Source Data'!$M$600:$M$743,MATCH(1,($A4=LoadFactorSeasons)*(C$1=LoadFactorHours),0),)} -> 5.0178665e-05 | D4: {=INDEX('Summarized Source Data'!$M$600:$M$743,MATCH(1,($A4=LoadFactorSeasons)*(D$1=LoadFactorHours),0),)} -> 4.9289859e-05 | E4: {=INDEX('Summarized Source Data'!$M$600:$M$743,MATCH(1,($A4=LoadFactorSeasons)*(E$1=LoadFactorHours),0),)} -> 4.9970021e-05 | F4: {=INDEX('Summarized Source Data'!$M$600:$M$743,MATCH(1,($A4=LoadFactorSeasons)*(F$1=LoadFactorHours),0),)} -> 6.025611e-05 | G4: {=INDEX('Summarized Source Data'!$M$600:$M$743,MATCH(1,($A4=LoadFactorSeasons)*(G$1=LoadFactorHours),0),)} -> 9.5942783e-05 | H4: {=INDEX('Summarized Source Data'!$M$600:$M$743,MATCH(1,($A4=LoadFactorSeasons)*(H$1=LoadFactorHours),0),)} -> 6.8361539e-05 | I4: {=INDEX('Summarized Source Data'!$M$600:$M$743,MATCH(1,($A4=LoadFactorSeasons)*(I$1=LoadFactorHours),0),)} -> 5.1586302e-05 | ... Y4: {=INDEX('Summarized Source Data'!$M$600:$M$743,MATCH(1,($A4=LoadFactorSeasons)*(Y$1=LoadFactorHours),0),)} -> 8.0241792e-05
A5: Fall | B5: {=INDEX('Summarized Source Data'!$M$600:$M$743,MATCH(1,($A5=LoadFactorSeasons)*(B$1=LoadFactorHours),0),)} -> 3.8700508e-05 | C5: {=INDEX('Summarized Source Data'!$M$600:$M$743,MATCH(1,($A5=LoadFactorSeasons)*(C$1=LoadFactorHours),0),)} -> 3.478822e-05 | D5: {=INDEX('Summarized Source Data'!$M$600:$M$743,MATCH(1,($A5=LoadFactorSeasons)*(D$1=LoadFactorHours),0),)} -> 3.4151871e-05 | E5: {=INDEX('Summarized Source Data'!$M$600:$M$743,MATCH(1,($A5=LoadFactorSeasons)*(E$1=LoadFactorHours),0),)} -> 3.4633377e-05 | F5: {=INDEX('Summarized Source Data'!$M$600:$M$743,MATCH(1,($A5=LoadFactorSeasons)*(F$1=LoadFactorHours),0),)} -> 4.1797455e-05 | G5: {=INDEX('Summarized Source Data'!$M$600:$M$743,MATCH(1,($A5=LoadFactorSeasons)*(G$1=LoadFactorHours),0),)} -> 6.6514303e-05 | H5: {=INDEX('Summarized Source Data'!$M$600:$M$743,MATCH(1,($A5=LoadFactorSeasons)*(H$1=LoadFactorHours),0),)} -> 8.6321097e-05 | I5: {=INDEX('Summarized Source Data'!$M$600:$M$743,MATCH(1,($A5=LoadFactorSeasons)*(I$1=LoadFactorHours),0),)} -> 3.7795937e-05 | ... Y5: {=INDEX('Summarized Source Data'!$M$600:$M$743,MATCH(1,($A5=LoadFactorSeasons)*(Y$1=LoadFactorHours),0),)} -> 5.562759e-05
A6: Summer Peak | B6: {=INDEX('Summarized Source Data'!$M$600:$M$743,MATCH(1,($A6=LoadFactorSeasons)*(B$1=LoadFactorHours),0),)} -> 7.2479354e-05 | C6: {=INDEX('Summarized Source Data'!$M$600:$M$743,MATCH(1,($A6=LoadFactorSeasons)*(C$1=LoadFactorHours),0),)} -> 6.2557349e-05 | D6: {=INDEX('Summarized Source Data'!$M$600:$M$743,MATCH(1,($A6=LoadFactorSeasons)*(D$1=LoadFactorHours),0),)} -> 6.0419156e-05 | E6: {=INDEX('Summarized Source Data'!$M$600:$M$743,MATCH(1,($A6=LoadFactorSeasons)*(E$1=LoadFactorHours),0),)} -> 6.0368154e-05 | F6: {=INDEX('Summarized Source Data'!$M$600:$M$743,MATCH(1,($A6=LoadFactorSeasons)*(F$1=LoadFactorHours),0),)} -> 6.3543278e-05 | G6: {=INDEX('Summarized Source Data'!$M$600:$M$743,MATCH(1,($A6=LoadFactorSeasons)*(G$1=LoadFactorHours),0),)} -> 0.00010134781 | H6: {=INDEX('Summarized Source Data'!$M$600:$M$743,MATCH(1,($A6=LoadFactorSeasons)*(H$1=LoadFactorHours),0),)} -> 6.9153835e-05 | I6: {=INDEX('Summarized Source Data'!$M$600:$M$743,MATCH(1,($A6=LoadFactorSeasons)*(I$1=LoadFactorHours),0),)} -> 6.578198e-05 | ... Y6: {=INDEX('Summarized Source Data'!$M$600:$M$743,MATCH(1,($A6=LoadFactorSeasons)*(Y$1=LoadFactorHours),0),)} -> 0.00010723221
A7: Winter Peak | B7: {=INDEX('Summarized Source Data'!$M$600:$M$743,MATCH(1,($A7=LoadFactorSeasons)*(B$1=LoadFactorHours),0),)} -> 0.00010663243 | C7: {=INDEX('Summarized Source Data'!$M$600:$M$743,MATCH(1,($A7=LoadFactorSeasons)*(C$1=LoadFactorHours),0),)} -> 9.2153932e-05 | D7: {=INDEX('Summarized Source Data'!$M$600:$M$743,MATCH(1,($A7=LoadFactorSeasons)*(D$1=LoadFactorHours),0),)} -> 8.9004124e-05 | E7: {=INDEX('Summarized Source Data'!$M$600:$M$743,MATCH(1,($A7=LoadFactorSeasons)*(E$1=LoadFactorHours),0),)} -> 8.8928997e-05 | F7: {=INDEX('Summarized Source Data'!$M$600:$M$743,MATCH(1,($A7=LoadFactorSeasons)*(F$1=LoadFactorHours),0),)} -> 9.3606303e-05 | G7: {=INDEX('Summarized Source Data'!$M$600:$M$743,MATCH(1,($A7=LoadFactorSeasons)*(G$1=LoadFactorHours),0),)} -> 0.00014794317 | H7: {=INDEX('Summarized Source Data'!$M$600:$M$743,MATCH(1,($A7=LoadFactorSeasons)*(H$1=LoadFactorHours),0),)} -> 0.00021614815 | I7: {=INDEX('Summarized Source Data'!$M$600:$M$743,MATCH(1,($A7=LoadFactorSeasons)*(I$1=LoadFactorHours),0),)} -> 0.00013223415 | ... Y7: {=INDEX('Summarized Source Data'!$M$600:$M$743,MATCH(1,($A7=LoadFactorSeasons)*(Y$1=LoadFactorHours),0),)} -> 0.000158333

Sheet SHELF-commercial-appliances
A1: Unit: dimensionless (ratio of electricity demand in this hour to annual demand) | B1: Hour0 | C1: Hour1 | D1: Hour2 | E1: Hour3 | F1: Hour4 | G1: Hour5 | H1: Hour6 | I1: Hour7 | J1: Hour8 | K1: Hour9 | L1: Hour10 | M1: Hour11 | N1: Hour12 | O1: Hour13 | P1: Hour14 | Q1: Hour15 | R1: Hour16 | S1: Hour17 | T1: Hour18 | U1: Hour19 | V1: Hour20 | W1: Hour21 | X1: Hour22 | Y1: Hour23
A2: Winter | B2: {=INDEX('Summarized Source Data'!$N$600:$N$743,MATCH(1,($A2=LoadFactorSeasons)*(B$1=LoadFactorHours),0),)} -> 8.1669856e-05 | C2: {=INDEX('Summarized Source Data'!$N$600:$N$743,MATCH(1,($A2=LoadFactorSeasons)*(C$1=LoadFactorHours),0),)} -> 7.3556177e-05 | D2: {=INDEX('Summarized Source Data'!$N$600:$N$743,MATCH(1,($A2=LoadFactorSeasons)*(D$1=LoadFactorHours),0),)} -> 7.2159111e-05 | E2: {=INDEX('Summarized Source Data'!$N$600:$N$743,MATCH(1,($A2=LoadFactorSeasons)*(E$1=LoadFactorHours),0),)} -> 7.3202905e-05 | F2: {=INDEX('Summarized Source Data'!$N$600:$N$743,MATCH(1,($A2=LoadFactorSeasons)*(F$1=LoadFactorHours),0),)} -> 8.8174593e-05 | G2: {=INDEX('Summarized Source Data'!$N$600:$N$743,MATCH(1,($A2=LoadFactorSeasons)*(G$1=LoadFactorHours),0),)} -> 0.00014033012 | H2: {=INDEX('Summarized Source Data'!$N$600:$N$743,MATCH(1,($A2=LoadFactorSeasons)*(H$1=LoadFactorHours),0),)} -> 0.00021418807 | I2: {=INDEX('Summarized Source Data'!$N$600:$N$743,MATCH(1,($A2=LoadFactorSeasons)*(I$1=LoadFactorHours),0),)} -> 0.00010311707 | ... Y2: {=INDEX('Summarized Source Data'!$N$600:$N$743,MATCH(1,($A2=LoadFactorSeasons)*(Y$1=LoadFactorHours),0),)} -> 0.00011753358
A3: Spring | B3: {=INDEX('Summarized Source Data'!$N$600:$N$743,MATCH(1,($A3=LoadFactorSeasons)*(B$1=LoadFactorHours),0),)} -> 5.6739011e-05 | C3: {=INDEX('Summarized Source Data'!$N$600:$N$743,MATCH(1,($A3=LoadFactorSeasons)*(C$1=LoadFactorHours),0),)} -> 5.1089137e-05 | D3: {=INDEX('Summarized Source Data'!$N$600:$N$743,MATCH(1,($A3=LoadFactorSeasons)*(D$1=LoadFactorHours),0),)} -> 5.0118733e-05 | E3: {=INDEX('Summarized Source Data'!$N$600:$N$743,MATCH(1,($A3=LoadFactorSeasons)*(E$1=LoadFactorHours),0),)} -> 5.0868079e-05 | F3: {=INDEX('Summarized Source Data'!$N$600:$N$743,MATCH(1,($A3=LoadFactorSeasons)*(F$1=LoadFactorHours),0),)} -> 6.1311117e-05 | G3: {=INDEX('Summarized Source Data'!$N$600:$N$743,MATCH(1,($A3=LoadFactorSeasons)*(G$1=LoadFactorHours),0),)} -> 9.7540671e-05 | H3: {=INDEX('Summarized Source Data'!$N$600:$N$743,MATCH(1,($A3=LoadFactorSeasons)*(H$1=LoadFactorHours),0),)} -> 9.8756799e-05 | I3: {=INDEX('Summarized Source Data'!$N$600:$N$743,MATCH(1,($A3=LoadFactorSeasons)*(I$1=LoadFactorHours),0),)} -> 5.3201543e-05 | ... Y3: {=INDEX('Summarized Source Data'!$N$600:$N$743,MATCH(1,($A3=LoadFactorSeasons)*(Y$1=LoadFactorHours),0),)} -> 8.163126e-05
A4: Summer | B4: {=INDEX('Summarized Source Data'!$N$600:$N$743,MATCH(1,($A4=LoadFactorSeasons)*(B$1=LoadFactorHours),0),)} -> 5.5722987e-05 | C4: {=INDEX('Summarized Source Data'!$N$600:$N$743,MATCH(1,($A4=LoadFactorSeasons)*(C$1=LoadFactorHours),0),)} -> 5.0178665e-05 | D4: {=INDEX('Summarized Source Data'!$N$600:$N$743,MATCH(1,($A4=LoadFactorSeasons)*(D$1=LoadFactorHours),0),)} -> 4.9289859e-05 | E4: {=INDEX('Summarized Source Data'!$N$600:$N$743,MATCH(1,($A4=LoadFactorSeasons)*(E$1=LoadFactorHours),0),)} -> 4.9970021e-05 | F4: {=INDEX('Summarized Source Data'!$N$600:$N$743,MATCH(1,($A4=LoadFactorSeasons)*(F$1=LoadFactorHours),0),)} -> 6.025611e-05 | G4: {=INDEX('Summarized Source Data'!$N$600:$N$743,MATCH(1,($A4=LoadFactorSeasons)*(G$1=LoadFactorHours),0),)} -> 9.5942783e-05 | H4: {=INDEX('Summarized Source Data'!$N$600:$N$743,MATCH(1,($A4=LoadFactorSeasons)*(H$1=LoadFactorHours),0),)} -> 6.8361539e-05 | I4: {=INDEX('Summarized Source Data'!$N$600:$N$743,MATCH(1,($A4=LoadFactorSeasons)*(I$1=LoadFactorHours),0),)} -> 5.1586302e-05 | ... Y4: {=INDEX('Summarized Source Data'!$N$600:$N$743,MATCH(1,($A4=LoadFactorSeasons)*(Y$1=LoadFactorHours),0),)} -> 8.0241792e-05
A5: Fall | B5: {=INDEX('Summarized Source Data'!$N$600:$N$743,MATCH(1,($A5=LoadFactorSeasons)*(B$1=LoadFactorHours),0),)} -> 3.8700508e-05 | C5: {=INDEX('Summarized Source Data'!$N$600:$N$743,MATCH(1,($A5=LoadFactorSeasons)*(C$1=LoadFactorHours),0),)} -> 3.478822e-05 | D5: {=INDEX('Summarized Source Data'!$N$600:$N$743,MATCH(1,($A5=LoadFactorSeasons)*(D$1=LoadFactorHours),0),)} -> 3.4151871e-05 | E5: {=INDEX('Summarized Source Data'!$N$600:$N$743,MATCH(1,($A5=LoadFactorSeasons)*(E$1=LoadFactorHours),0),)} -> 3.4633377e-05 | F5: {=INDEX('Summarized Source Data'!$N$600:$N$743,MATCH(1,($A5=LoadFactorSeasons)*(F$1=LoadFactorHours),0),)} -> 4.1797455e-05 | G5: {=INDEX('Summarized Source Data'!$N$600:$N$743,MATCH(1,($A5=LoadFactorSeasons)*(G$1=LoadFactorHours),0),)} -> 6.6514303e-05 | H5: {=INDEX('Summarized Source Data'!$N$600:$N$743,MATCH(1,($A5=LoadFactorSeasons)*(H$1=LoadFactorHours),0),)} -> 8.6321097e-05 | I5: {=INDEX('Summarized Source Data'!$N$600:$N$743,MATCH(1,($A5=LoadFactorSeasons)*(I$1=LoadFactorHours),0),)} -> 3.7795937e-05 | ... Y5: {=INDEX('Summarized Source Data'!$N$600:$N$743,MATCH(1,($A5=LoadFactorSeasons)*(Y$1=LoadFactorHours),0),)} -> 5.562759e-05
A6: Summer Peak | B6: {=INDEX('Summarized Source Data'!$N$600:$N$743,MATCH(1,($A6=LoadFactorSeasons)*(B$1=LoadFactorHours),0),)} -> 7.2479354e-05 | C6: {=INDEX('Summarized Source Data'!$N$600:$N$743,MATCH(1,($A6=LoadFactorSeasons)*(C$1=LoadFactorHours),0),)} -> 6.2557349e-05 | D6: {=INDEX('Summarized Source Data'!$N$600:$N$743,MATCH(1,($A6=LoadFactorSeasons)*(D$1=LoadFactorHours),0),)} -> 6.0419156e-05 | E6: {=INDEX('Summarized Source Data'!$N$600:$N$743,MATCH(1,($A6=LoadFactorSeasons)*(E$1=LoadFactorHours),0),)} -> 6.0368154e-05 | F6: {=INDEX('Summarized Source Data'!$N$600:$N$743,MATCH(1,($A6=LoadFactorSeasons)*(F$1=LoadFactorHours),0),)} -> 6.3543278e-05 | G6: {=INDEX('Summarized Source Data'!$N$600:$N$743,MATCH(1,($A6=LoadFactorSeasons)*(G$1=LoadFactorHours),0),)} -> 0.00010134781 | H6: {=INDEX('Summarized Source Data'!$N$600:$N$743,MATCH(1,($A6=LoadFactorSeasons)*(H$1=LoadFactorHours),0),)} -> 6.9153835e-05 | I6: {=INDEX('Summarized Source Data'!$N$600:$N$743,MATCH(1,($A6=LoadFactorSeasons)*(I$1=LoadFactorHours),0),)} -> 6.578198e-05 | ... Y6: {=INDEX('Summarized Source Data'!$N$600:$N$743,MATCH(1,($A6=LoadFactorSeasons)*(Y$1=LoadFactorHours),0),)} -> 0.00010723221
A7: Winter Peak | B7: {=INDEX('Summarized Source Data'!$N$600:$N$743,MATCH(1,($A7=LoadFactorSeasons)*(B$1=LoadFactorHours),0),)} -> 0.00010663243 | C7: {=INDEX('Summarized Source Data'!$N$600:$N$743,MATCH(1,($A7=LoadFactorSeasons)*(C$1=LoadFactorHours),0),)} -> 9.2153932e-05 | D7: {=INDEX('Summarized Source Data'!$N$600:$N$743,MATCH(1,($A7=LoadFactorSeasons)*(D$1=LoadFactorHours),0),)} -> 8.9004124e-05 | E7: {=INDEX('Summarized Source Data'!$N$600:$N$743,MATCH(1,($A7=LoadFactorSeasons)*(E$1=LoadFactorHours),0),)} -> 8.8928997e-05 | F7: {=INDEX('Summarized Source Data'!$N$600:$N$743,MATCH(1,($A7=LoadFactorSeasons)*(F$1=LoadFactorHours),0),)} -> 9.3606303e-05 | G7: {=INDEX('Summarized Source Data'!$N$600:$N$743,MATCH(1,($A7=LoadFactorSeasons)*(G$1=LoadFactorHours),0),)} -> 0.00014794317 | H7: {=INDEX('Summarized Source Data'!$N$600:$N$743,MATCH(1,($A7=LoadFactorSeasons)*(H$1=LoadFactorHours),0),)} -> 0.00021614815 | I7: {=INDEX('Summarized Source Data'!$N$600:$N$743,MATCH(1,($A7=LoadFactorSeasons)*(I$1=LoadFactorHours),0),)} -> 0.00013223415 | ... Y7: {=INDEX('Summarized Source Data'!$N$600:$N$743,MATCH(1,($A7=LoadFactorSeasons)*(Y$1=LoadFactorHours),0),)} -> 0.000158333

Sheet SHELF-commercial-other
A1: Unit: dimensionless (ratio of electricity demand in this hour to annual demand) | B1: Hour0 | C1: Hour1 | D1: Hour2 | E1: Hour3 | F1: Hour4 | G1: Hour5 | H1: Hour6 | I1: Hour7 | J1: Hour8 | K1: Hour9 | L1: Hour10 | M1: Hour11 | N1: Hour12 | O1: Hour13 | P1: Hour14 | Q1: Hour15 | R1: Hour16 | S1: Hour17 | T1: Hour18 | U1: Hour19 | V1: Hour20 | W1: Hour21 | X1: Hour22 | Y1: Hour23
A2: Winter | B2: {=INDEX('Summarized Source Data'!$O$600:$O$743,MATCH(1,($A2=LoadFactorSeasons)*(B$1=LoadFactorHours),0),)} -> 8.1669856e-05 | C2: {=INDEX('Summarized Source Data'!$O$600:$O$743,MATCH(1,($A2=LoadFactorSeasons)*(C$1=LoadFactorHours),0),)} -> 7.3556177e-05 | D2: {=INDEX('Summarized Source Data'!$O$600:$O$743,MATCH(1,($A2=LoadFactorSeasons)*(D$1=LoadFactorHours),0),)} -> 7.2159111e-05 | E2: {=INDEX('Summarized Source Data'!$O$600:$O$743,MATCH(1,($A2=LoadFactorSeasons)*(E$1=LoadFactorHours),0),)} -> 7.3202905e-05 | F2: {=INDEX('Summarized Source Data'!$O$600:$O$743,MATCH(1,($A2=LoadFactorSeasons)*(F$1=LoadFactorHours),0),)} -> 8.8174593e-05 | G2: {=INDEX('Summarized Source Data'!$O$600:$O$743,MATCH(1,($A2=LoadFactorSeasons)*(G$1=LoadFactorHours),0),)} -> 0.00014033012 | H2: {=INDEX('Summarized Source Data'!$O$600:$O$743,MATCH(1,($A2=LoadFactorSeasons)*(H$1=LoadFactorHours),0),)} -> 0.00021418807 | I2: {=INDEX('Summarized Source Data'!$O$600:$O$743,MATCH(1,($A2=LoadFactorSeasons)*(I$1=LoadFactorHours),0),)} -> 0.00010311707 | ... Y2: {=INDEX('Summarized Source Data'!$O$600:$O$743,MATCH(1,($A2=LoadFactorSeasons)*(Y$1=LoadFactorHours),0),)} -> 0.00011753358
A3: Spring | B3: {=INDEX('Summarized Source Data'!$O$600:$O$743,MATCH(1,($A3=LoadFactorSeasons)*(B$1=LoadFactorHours),0),)} -> 5.6739011e-05 | C3: {=INDEX('Summarized Source Data'!$O$600:$O$743,MATCH(1,($A3=LoadFactorSeasons)*(C$1=LoadFactorHours),0),)} -> 5.1089137e-05 | D3: {=INDEX('Summarized Source Data'!$O$600:$O$743,MATCH(1,($A3=LoadFactorSeasons)*(D$1=LoadFactorHours),0),)} -> 5.0118733e-05 | E3: {=INDEX('Summarized Source Data'!$O$600:$O$743,MATCH(1,($A3=LoadFactorSeasons)*(E$1=LoadFactorHours),0),)} -> 5.0868079e-05 | F3: {=INDEX('Summarized Source Data'!$O$600:$O$743,MATCH(1,($A3=LoadFactorSeasons)*(F$1=LoadFactorHours),0),)} -> 6.1311117e-05 | G3: {=INDEX('Summarized Source Data'!$O$600:$O$743,MATCH(1,($A3=LoadFactorSeasons)*(G$1=LoadFactorHours),0),)} -> 9.7540671e-05 | H3: {=INDEX('Summarized Source Data'!$O$600:$O$743,MATCH(1,($A3=LoadFactorSeasons)*(H$1=LoadFactorHours),0),)} -> 9.8756799e-05 | I3: {=INDEX('Summarized Source Data'!$O$600:$O$743,MATCH(1,($A3=LoadFactorSeasons)*(I$1=LoadFactorHours),0),)} -> 5.3201543e-05 | ... Y3: {=INDEX('Summarized Source Data'!$O$600:$O$743,MATCH(1,($A3=LoadFactorSeasons)*(Y$1=LoadFactorHours),0),)} -> 8.163126e-05
A4: Summer | B4: {=INDEX('Summarized Source Data'!$O$600:$O$743,MATCH(1,($A4=LoadFactorSeasons)*(B$1=LoadFactorHours),0),)} -> 5.5722987e-05 | C4: {=INDEX('Summarized Source Data'!$O$600:$O$743,MATCH(1,($A4=LoadFactorSeasons)*(C$1=LoadFactorHours),0),)} -> 5.0178665e-05 | D4: {=INDEX('Summarized Source Data'!$O$600:$O$743,MATCH(1,($A4=LoadFactorSeasons)*(D$1=LoadFactorHours),0),)} -> 4.9289859e-05 | E4: {=INDEX('Summarized Source Data'!$O$600:$O$743,MATCH(1,($A4=LoadFactorSeasons)*(E$1=LoadFactorHours),0),)} -> 4.9970021e-05 | F4: {=INDEX('Summarized Source Data'!$O$600:$O$743,MATCH(1,($A4=LoadFactorSeasons)*(F$1=LoadFactorHours),0),)} -> 6.025611e-05 | G4: {=INDEX('Summarized Source Data'!$O$600:$O$743,MATCH(1,($A4=LoadFactorSeasons)*(G$1=LoadFactorHours),0),)} -> 9.5942783e-05 | H4: {=INDEX('Summarized Source Data'!$O$600:$O$743,MATCH(1,($A4=LoadFactorSeasons)*(H$1=LoadFactorHours),0),)} -> 6.8361539e-05 | I4: {=INDEX('Summarized Source Data'!$O$600:$O$743,MATCH(1,($A4=LoadFactorSeasons)*(I$1=LoadFactorHours),0),)} -> 5.1586302e-05 | ... Y4: {=INDEX('Summarized Source Data'!$O$600:$O$743,MATCH(1,($A4=LoadFactorSeasons)*(Y$1=LoadFactorHours),0),)} -> 8.0241792e-05
A5: Fall | B5: {=INDEX('Summarized Source Data'!$O$600:$O$743,MATCH(1,($A5=LoadFactorSeasons)*(B$1=LoadFactorHours),0),)} -> 3.8700508e-05 | C5: {=INDEX('Summarized Source Data'!$O$600:$O$743,MATCH(1,($A5=LoadFactorSeasons)*(C$1=LoadFactorHours),0),)} -> 3.478822e-05 | D5: {=INDEX('Summarized Source Data'!$O$600:$O$743,MATCH(1,($A5=LoadFactorSeasons)*(D$1=LoadFactorHours),0),)} -> 3.4151871e-05 | E5: {=INDEX('Summarized Source Data'!$O$600:$O$743,MATCH(1,($A5=LoadFactorSeasons)*(E$1=LoadFactorHours),0),)} -> 3.4633377e-05 | F5: {=INDEX('Summarized Source Data'!$O$600:$O$743,MATCH(1,($A5=LoadFactorSeasons)*(F$1=LoadFactorHours),0),)} -> 4.1797455e-05 | G5: {=INDEX('Summarized Source Data'!$O$600:$O$743,MATCH(1,($A5=LoadFactorSeasons)*(G$1=LoadFactorHours),0),)} -> 6.6514303e-05 | H5: {=INDEX('Summarized Source Data'!$O$600:$O$743,MATCH(1,($A5=LoadFactorSeasons)*(H$1=LoadFactorHours),0),)} -> 8.6321097e-05 | I5: {=INDEX('Summarized Source Data'!$O$600:$O$743,MATCH(1,($A5=LoadFactorSeasons)*(I$1=LoadFactorHours),0),)} -> 3.7795937e-05 | ... Y5: {=INDEX('Summarized Source Data'!$O$600:$O$743,MATCH(1,($A5=LoadFactorSeasons)*(Y$1=LoadFactorHours),0),)} -> 5.562759e-05
A6: Summer Peak | B6: {=INDEX('Summarized Source Data'!$O$600:$O$743,MATCH(1,($A6=LoadFactorSeasons)*(B$1=LoadFactorHours),0),)} -> 7.2479354e-05 | C6: {=INDEX('Summarized Source Data'!$O$600:$O$743,MATCH(1,($A6=LoadFactorSeasons)*(C$1=LoadFactorHours),0),)} -> 6.2557349e-05 | D6: {=INDEX('Summarized Source Data'!$O$600:$O$743,MATCH(1,($A6=LoadFactorSeasons)*(D$1=LoadFactorHours),0),)} -> 6.0419156e-05 | E6: {=INDEX('Summarized Source Data'!$O$600:$O$743,MATCH(1,($A6=LoadFactorSeasons)*(E$1=LoadFactorHours),0),)} -> 6.0368154e-05 | F6: {=INDEX('Summarized Source Data'!$O$600:$O$743,MATCH(1,($A6=LoadFactorSeasons)*(F$1=LoadFactorHours),0),)} -> 6.3543278e-05 | G6: {=INDEX('Summarized Source Data'!$O$600:$O$743,MATCH(1,($A6=LoadFactorSeasons)*(G$1=LoadFactorHours),0),)} -> 0.00010134781 | H6: {=INDEX('Summarized Source Data'!$O$600:$O$743,MATCH(1,($A6=LoadFactorSeasons)*(H$1=LoadFactorHours),0),)} -> 6.9153835e-05 | I6: {=INDEX('Summarized Source Data'!$O$600:$O$743,MATCH(1,($A6=LoadFactorSeasons)*(I$1=LoadFactorHours),0),)} -> 6.578198e-05 | ... Y6: {=INDEX('Summarized Source Data'!$O$600:$O$743,MATCH(1,($A6=LoadFactorSeasons)*(Y$1=LoadFactorHours),0),)} -> 0.00010723221
A7: Winter Peak | B7: {=INDEX('Summarized Source Data'!$O$600:$O$743,MATCH(1,($A7=LoadFactorSeasons)*(B$1=LoadFactorHours),0),)} -> 0.00010663243 | C7: {=INDEX('Summarized Source Data'!$O$600:$O$743,MATCH(1,($A7=LoadFactorSeasons)*(C$1=LoadFactorHours),0),)} -> 9.2153932e-05 | D7: {=INDEX('Summarized Source Data'!$O$600:$O$743,MATCH(1,($A7=LoadFactorSeasons)*(D$1=LoadFactorHours),0),)} -> 8.9004124e-05 | E7: {=INDEX('Summarized Source Data'!$O$600:$O$743,MATCH(1,($A7=LoadFactorSeasons)*(E$1=LoadFactorHours),0),)} -> 8.8928997e-05 | F7: {=INDEX('Summarized Source Data'!$O$600:$O$743,MATCH(1,($A7=LoadFactorSeasons)*(F$1=LoadFactorHours),0),)} -> 9.3606303e-05 | G7: {=INDEX('Summarized Source Data'!$O$600:$O$743,MATCH(1,($A7=LoadFactorSeasons)*(G$1=LoadFactorHours),0),)} -> 0.00014794317 | H7: {=INDEX('Summarized Source Data'!$O$600:$O$743,MATCH(1,($A7=LoadFactorSeasons)*(H$1=LoadFactorHours),0),)} -> 0.00021614815 | I7: {=INDEX('Summarized Source Data'!$O$600:$O$743,MATCH(1,($A7=LoadFactorSeasons)*(I$1=LoadFactorHours),0),)} -> 0.00013223415 | ... Y7: {=INDEX('Summarized Source Data'!$O$600:$O$743,MATCH(1,($A7=LoadFactorSeasons)*(Y$1=LoadFactorHours),0),)} -> 0.000158333

Sheet SHELF-LDVs
A1: Unit: dimensionless (ratio of electricity demand in this hour to annual demand) | B1: Hour0 | C1: Hour1 | D1: Hour2 | E1: Hour3 | F1: Hour4 | G1: Hour5 | H1: Hour6 | I1: Hour7 | J1: Hour8 | K1: Hour9 | L1: Hour10 | M1: Hour11 | N1: Hour12 | O1: Hour13 | P1: Hour14 | Q1: Hour15 | R1: Hour16 | S1: Hour17 | T1: Hour18 | U1: Hour19 | V1: Hour20 | W1: Hour21 | X1: Hour22 | Y1: Hour23
A2: Winter | B2: {=INDEX('Summarized Source Data'!$P$600:$P$743,MATCH(1,($A2=LoadFactorSeasons)*(B$1=LoadFactorHours),0),)} -> 8.6142606e-05 | C2: {=INDEX('Summarized Source Data'!$P$600:$P$743,MATCH(1,($A2=LoadFactorSeasons)*(C$1=LoadFactorHours),0),)} -> 8.5793562e-05 | D2: {=INDEX('Summarized Source Data'!$P$600:$P$743,MATCH(1,($A2=LoadFactorSeasons)*(D$1=LoadFactorHours),0),)} -> 8.5738032e-05 | E2: {=INDEX('Summarized Source Data'!$P$600:$P$743,MATCH(1,($A2=LoadFactorSeasons)*(E$1=LoadFactorHours),0),)} -> 8.5738032e-05 | F2: {=INDEX('Summarized Source Data'!$P$600:$P$743,MATCH(1,($A2=LoadFactorSeasons)*(F$1=LoadFactorHours),0),)} -> 8.5714234e-05 | G2: {=INDEX('Summarized Source Data'!$P$600:$P$743,MATCH(1,($A2=LoadFactorSeasons)*(G$1=LoadFactorHours),0),)} -> 8.5904622e-05 | H2: {=INDEX('Summarized Source Data'!$P$600:$P$743,MATCH(1,($A2=LoadFactorSeasons)*(H$1=LoadFactorHours),0),)} -> 0.0001177232 | I2: {=INDEX('Summarized Source Data'!$P$600:$P$743,MATCH(1,($A2=LoadFactorSeasons)*(I$1=LoadFactorHours),0),)} -> 0.00021053732 | ... Y2: {=INDEX('Summarized Source Data'!$P$600:$P$743,MATCH(1,($A2=LoadFactorSeasons)*(Y$1=LoadFactorHours),0),)} -> 0.00012422813
A3: Spring | B3: {=INDEX('Summarized Source Data'!$P$600:$P$743,MATCH(1,($A3=LoadFactorSeasons)*(B$1=LoadFactorHours),0),)} -> 5.8955589e-05 | C3: {=INDEX('Summarized Source Data'!$P$600:$P$743,MATCH(1,($A3=LoadFactorSeasons)*(C$1=LoadFactorHours),0),)} -> 5.8738299e-05 | D3: {=INDEX('Summarized Source Data'!$P$600:$P$743,MATCH(1,($A3=LoadFactorSeasons)*(D$1=LoadFactorHours),0),)} -> 5.8699497e-05 | E3: {=INDEX('Summarized Source Data'!$P$600:$P$743,MATCH(1,($A3=LoadFactorSeasons)*(E$1=LoadFactorHours),0),)} -> 5.8699497e-05 | F3: {=INDEX('Summarized Source Data'!$P$600:$P$743,MATCH(1,($A3=LoadFactorSeasons)*(F$1=LoadFactorHours),0),)} -> 5.8683976e-05 | G3: {=INDEX('Summarized Source Data'!$P$600:$P$743,MATCH(1,($A3=LoadFactorSeasons)*(G$1=LoadFactorHours),0),)} -> 5.87771e-05 | H3: {=INDEX('Summarized Source Data'!$P$600:$P$743,MATCH(1,($A3=LoadFactorSeasons)*(H$1=LoadFactorHours),0),)} -> 8.0630324e-05 | I3: {=INDEX('Summarized Source Data'!$P$600:$P$743,MATCH(1,($A3=LoadFactorSeasons)*(I$1=LoadFactorHours),0),)} -> 0.00014426542 | ... Y3: {=INDEX('Summarized Source Data'!$P$600:$P$743,MATCH(1,($A3=LoadFactorSeasons)*(Y$1=LoadFactorHours),0),)} -> 8.4898532e-05
A4: Summer | B4: {=INDEX('Summarized Source Data'!$P$600:$P$743,MATCH(1,($A4=LoadFactorSeasons)*(B$1=LoadFactorHours),0),)} -> 5.4850349e-05 | C4: {=INDEX('Summarized Source Data'!$P$600:$P$743,MATCH(1,($A4=LoadFactorSeasons)*(C$1=LoadFactorHours),0),)} -> 5.4710663e-05 | D4: {=INDEX('Summarized Source Data'!$P$600:$P$743,MATCH(1,($A4=LoadFactorSeasons)*(D$1=LoadFactorHours),0),)} -> 5.4586497e-05 | E4: {=INDEX('Summarized Source Data'!$P$600:$P$743,MATCH(1,($A4=LoadFactorSeasons)*(E$1=LoadFactorHours),0),)} -> 5.46641e-05 | F4: {=INDEX('Summarized Source Data'!$P$600:$P$743,MATCH(1,($A4=LoadFactorSeasons)*(F$1=LoadFactorHours),0),)} -> 5.4570976e-05 | G4: {=INDEX('Summarized Source Data'!$P$600:$P$743,MATCH(1,($A4=LoadFactorSeasons)*(G$1=LoadFactorHours),0),)} -> 5.4741704e-05 | H4: {=INDEX('Summarized Source Data'!$P$600:$P$743,MATCH(1,($A4=LoadFactorSeasons)*(H$1=LoadFactorHours),0),)} -> 7.4973009e-05 | I4: {=INDEX('Summarized Source Data'!$P$600:$P$743,MATCH(1,($A4=LoadFactorSeasons)*(I$1=LoadFactorHours),0),)} -> 0.00013433214 | ... Y4: {=INDEX('Summarized Source Data'!$P$600:$P$743,MATCH(1,($A4=LoadFactorSeasons)*(Y$1=LoadFactorHours),0),)} -> 7.9078248e-05
A5: Fall | B5: {=INDEX('Summarized Source Data'!$P$600:$P$743,MATCH(1,($A5=LoadFactorSeasons)*(B$1=LoadFactorHours),0),)} -> 4.0452205e-05 | C5: {=INDEX('Summarized Source Data'!$P$600:$P$743,MATCH(1,($A5=LoadFactorSeasons)*(C$1=LoadFactorHours),0),)} -> 4.0279601e-05 | D5: {=INDEX('Summarized Source Data'!$P$600:$P$743,MATCH(1,($A5=LoadFactorSeasons)*(D$1=LoadFactorHours),0),)} -> 4.0256064e-05 | E5: {=INDEX('Summarized Source Data'!$P$600:$P$743,MATCH(1,($A5=LoadFactorSeasons)*(E$1=LoadFactorHours),0),)} -> 4.0256064e-05 | F5: {=INDEX('Summarized Source Data'!$P$600:$P$743,MATCH(1,($A5=LoadFactorSeasons)*(F$1=LoadFactorHours),0),)} -> 4.0240372e-05 | G5: {=INDEX('Summarized Source Data'!$P$600:$P$743,MATCH(1,($A5=LoadFactorSeasons)*(G$1=LoadFactorHours),0),)} -> 4.0412977e-05 | H5: {=INDEX('Summarized Source Data'!$P$600:$P$743,MATCH(1,($A5=LoadFactorSeasons)*(H$1=LoadFactorHours),0),)} -> 5.5390335e-05 | I5: {=INDEX('Summarized Source Data'!$P$600:$P$743,MATCH(1,($A5=LoadFactorSeasons)*(I$1=LoadFactorHours),0),)} -> 9.8933729e-05 | ... Y5: {=INDEX('Summarized Source Data'!$P$600:$P$743,MATCH(1,($A5=LoadFactorSeasons)*(Y$1=LoadFactorHours),0),)} -> 5.8293228e-05
A6: Summer Peak | B6: {=INDEX('Summarized Source Data'!$P$600:$P$743,MATCH(1,($A6=LoadFactorSeasons)*(B$1=LoadFactorHours),0),)} -> 6.6219303e-05 | C6: {=INDEX('Summarized Source Data'!$P$600:$P$743,MATCH(1,($A6=LoadFactorSeasons)*(C$1=LoadFactorHours),0),)} -> 6.5730399e-05 | D6: {=INDEX('Summarized Source Data'!$P$600:$P$743,MATCH(1,($A6=LoadFactorSeasons)*(D$1=LoadFactorHours),0),)} -> 6.5567431e-05 | E6: {=INDEX('Summarized Source Data'!$P$600:$P$743,MATCH(1,($A6=LoadFactorSeasons)*(E$1=LoadFactorHours),0),)} -> 6.5567431e-05 | F6: {=INDEX('Summarized Source Data'!$P$600:$P$743,MATCH(1,($A6=LoadFactorSeasons)*(F$1=LoadFactorHours),0),)} -> 6.5513108e-05 | G6: {=INDEX('Summarized Source Data'!$P$600:$P$743,MATCH(1,($A6=LoadFactorSeasons)*(G$1=LoadFactorHours),0),)} -> 6.5567431e-05 | H6: {=INDEX('Summarized Source Data'!$P$600:$P$743,MATCH(1,($A6=LoadFactorSeasons)*(H$1=LoadFactorHours),0),)} -> 8.0153061e-05 | I6: {=INDEX('Summarized Source Data'!$P$600:$P$743,MATCH(1,($A6=LoadFactorSeasons)*(I$1=LoadFactorHours),0),)} -> 0.00014667114 | ... Y6: {=INDEX('Summarized Source Data'!$P$600:$P$743,MATCH(1,($A6=LoadFactorSeasons)*(Y$1=LoadFactorHours),0),)} -> 9.4793013e-05
A7: Winter Peak | B7: {=INDEX('Summarized Source Data'!$P$600:$P$743,MATCH(1,($A7=LoadFactorSeasons)*(B$1=LoadFactorHours),0),)} -> 0.00010381299 | C7: {=INDEX('Summarized Source Data'!$P$600:$P$743,MATCH(1,($A7=LoadFactorSeasons)*(C$1=LoadFactorHours),0),)} -> 0.00010314663 | D7: {=INDEX('Summarized Source Data'!$P$600:$P$743,MATCH(1,($A7=LoadFactorSeasons)*(D$1=LoadFactorHours),0),)} -> 0.00010295227 | E7: {=INDEX('Summarized Source Data'!$P$600:$P$743,MATCH(1,($A7=LoadFactorSeasons)*(E$1=LoadFactorHours),0),)} -> 0.00010295227 | F7: {=INDEX('Summarized Source Data'!$P$600:$P$743,MATCH(1,($A7=LoadFactorSeasons)*(F$1=LoadFactorHours),0),)} -> 0.00010286898 | G7: {=INDEX('Summarized Source Data'!$P$600:$P$743,MATCH(1,($A7=LoadFactorSeasons)*(G$1=LoadFactorHours),0),)} -> 0.00010298004 | H7: {=INDEX('Summarized Source Data'!$P$600:$P$743,MATCH(1,($A7=LoadFactorSeasons)*(H$1=LoadFactorHours),0),)} -> 0.00012577503 | I7: {=INDEX('Summarized Source Data'!$P$600:$P$743,MATCH(1,($A7=LoadFactorSeasons)*(I$1=LoadFactorHours),0),)} -> 0.00022967131 | ... Y7: {=INDEX('Summarized Source Data'!$P$600:$P$743,MATCH(1,($A7=LoadFactorSeasons)*(Y$1=LoadFactorHours),0),)} -> 0.0001493752

Sheet SHELF-HDVs
A1: Unit: dimensionless (ratio of electricity demand in this hour to annual demand) | B1: Hour0 | C1: Hour1 | D1: Hour2 | E1: Hour3 | F1: Hour4 | G1: Hour5 | H1: Hour6 | I1: Hour7 | J1: Hour8 | K1: Hour9 | L1: Hour10 | M1: Hour11 | N1: Hour12 | O1: Hour13 | P1: Hour14 | Q1: Hour15 | R1: Hour16 | S1: Hour17 | T1: Hour18 | U1: Hour19 | V1: Hour20 | W1: Hour21 | X1: Hour22 | Y1: Hour23
A2: Winter | B2: {=INDEX('Summarized Source Data'!$Q$600:$Q$743,MATCH(1,($A2=LoadFactorSeasons)*(B$1=LoadFactorHours),0),)} -> 8.6142606e-05 | C2: {=INDEX('Summarized Source Data'!$Q$600:$Q$743,MATCH(1,($A2=LoadFactorSeasons)*(C$1=LoadFactorHours),0),)} -> 8.5793562e-05 | D2: {=INDEX('Summarized Source Data'!$Q$600:$Q$743,MATCH(1,($A2=LoadFactorSeasons)*(D$1=LoadFactorHours),0),)} -> 8.5738032e-05 | E2: {=INDEX('Summarized Source Data'!$Q$600:$Q$743,MATCH(1,($A2=LoadFactorSeasons)*(E$1=LoadFactorHours),0),)} -> 8.5738032e-05 | F2: {=INDEX('Summarized Source Data'!$Q$600:$Q$743,MATCH(1,($A2=LoadFactorSeasons)*(F$1=LoadFactorHours),0),)} -> 8.5714234e-05 | G2: {=INDEX('Summarized Source Data'!$Q$600:$Q$743,MATCH(1,($A2=LoadFactorSeasons)*(G$1=LoadFactorHours),0),)} -> 8.5904622e-05 | H2: {=INDEX('Summarized Source Data'!$Q$600:$Q$743,MATCH(1,($A2=LoadFactorSeasons)*(H$1=LoadFactorHours),0),)} -> 0.0001177232 | I2: {=INDEX('Summarized Source Data'!$Q$600:$Q$743,MATCH(1,($A2=LoadFactorSeasons)*(I$1=LoadFactorHours),0),)} -> 0.00021053732 | ... Y2: {=INDEX('Summarized Source Data'!$Q$600:$Q$743,MATCH(1,($A2=LoadFactorSeasons)*(Y$1=LoadFactorHours),0),)} -> 0.00012422813
A3: Spring | B3: {=INDEX('Summarized Source Data'!$Q$600:$Q$743,MATCH(1,($A3=LoadFactorSeasons)*(B$1=LoadFactorHours),0),)} -> 5.8955589e-05 | C3: {=INDEX('Summarized Source Data'!$Q$600:$Q$743,MATCH(1,($A3=LoadFactorSeasons)*(C$1=LoadFactorHours),0),)} -> 5.8738299e-05 | D3: {=INDEX('Summarized Source Data'!$Q$600:$Q$743,MATCH(1,($A3=LoadFactorSeasons)*(D$1=LoadFactorHours),0),)} -> 5.8699497e-05 | E3: {=INDEX('Summarized Source Data'!$Q$600:$Q$743,MATCH(1,($A3=LoadFactorSeasons)*(E$1=LoadFactorHours),0),)} -> 5.8699497e-05 | F3: {=INDEX('Summarized Source Data'!$Q$600:$Q$743,MATCH(1,($A3=LoadFactorSeasons)*(F$1=LoadFactorHours),0),)} -> 5.8683976e-05 | G3: {=INDEX('Summarized Source Data'!$Q$600:$Q$743,MATCH(1,($A3=LoadFactorSeasons)*(G$1=LoadFactorHours),0),)} -> 5.87771e-05 | H3: {=INDEX('Summarized Source Data'!$Q$600:$Q$743,MATCH(1,($A3=LoadFactorSeasons)*(H$1=LoadFactorHours),0),)} -> 8.0630324e-05 | I3: {=INDEX('Summarized Source Data'!$Q$600:$Q$743,MATCH(1,($A3=LoadFactorSeasons)*(I$1=LoadFactorHours),0),)} -> 0.00014426542 | ... Y3: {=INDEX('Summarized Source Data'!$Q$600:$Q$743,MATCH(1,($A3=LoadFactorSeasons)*(Y$1=LoadFactorHours),0),)} -> 8.4898532e-05
A4: Summer | B4: {=INDEX('Summarized Source Data'!$Q$600:$Q$743,MATCH(1,($A4=LoadFactorSeasons)*(B$1=LoadFactorHours),0),)} -> 5.4850349e-05 | C4: {=INDEX('Summarized Source Data'!$Q$600:$Q$743,MATCH(1,($A4=LoadFactorSeasons)*(C$1=LoadFactorHours),0),)} -> 5.4710663e-05 | D4: {=INDEX('Summarized Source Data'!$Q$600:$Q$743,MATCH(1,($A4=LoadFactorSeasons)*(D$1=LoadFactorHours),0),)} -> 5.4586497e-05 | E4: {=INDEX('Summarized Source Data'!$Q$600:$Q$743,MATCH(1,($A4=LoadFactorSeasons)*(E$1=LoadFactorHours),0),)} -> 5.46641e-05 | F4: {=INDEX('Summarized Source Data'!$Q$600:$Q$743,MATCH(1,($A4=LoadFactorSeasons)*(F$1=LoadFactorHours),0),)} -> 5.4570976e-05 | G4: {=INDEX('Summarized Source Data'!$Q$600:$Q$743,MATCH(1,($A4=LoadFactorSeasons)*(G$1=LoadFactorHours),0),)} -> 5.4741704e-05 | H4: {=INDEX('Summarized Source Data'!$Q$600:$Q$743,MATCH(1,($A4=LoadFactorSeasons)*(H$1=LoadFactorHours),0),)} -> 7.4973009e-05 | I4: {=INDEX('Summarized Source Data'!$Q$600:$Q$743,MATCH(1,($A4=LoadFactorSeasons)*(I$1=LoadFactorHours),0),)} -> 0.00013433214 | ... Y4: {=INDEX('Summarized Source Data'!$Q$600:$Q$743,MATCH(1,($A4=LoadFactorSeasons)*(Y$1=LoadFactorHours),0),)} -> 7.9078248e-05
A5: Fall | B5: {=INDEX('Summarized Source Data'!$Q$600:$Q$743,MATCH(1,($A5=LoadFactorSeasons)*(B$1=LoadFactorHours),0),)} -> 4.0452205e-05 | C5: {=INDEX('Summarized Source Data'!$Q$600:$Q$743,MATCH(1,($A5=LoadFactorSeasons)*(C$1=LoadFactorHours),0),)} -> 4.0279601e-05 | D5: {=INDEX('Summarized Source Data'!$Q$600:$Q$743,MATCH(1,($A5=LoadFactorSeasons)*(D$1=LoadFactorHours),0),)} -> 4.0256064e-05 | E5: {=INDEX('Summarized Source Data'!$Q$600:$Q$743,MATCH(1,($A5=LoadFactorSeasons)*(E$1=LoadFactorHours),0),)} -> 4.0256064e-05 | F5: {=INDEX('Summarized Source Data'!$Q$600:$Q$743,MATCH(1,($A5=LoadFactorSeasons)*(F$1=LoadFactorHours),0),)} -> 4.0240372e-05 | G5: {=INDEX('Summarized Source Data'!$Q$600:$Q$743,MATCH(1,($A5=LoadFactorSeasons)*(G$1=LoadFactorHours),0),)} -> 4.0412977e-05 | H5: {=INDEX('Summarized Source Data'!$Q$600:$Q$743,MATCH(1,($A5=LoadFactorSeasons)*(H$1=LoadFactorHours),0),)} -> 5.5390335e-05 | I5: {=INDEX('Summarized Source Data'!$Q$600:$Q$743,MATCH(1,($A5=LoadFactorSeasons)*(I$1=LoadFactorHours),0),)} -> 9.8933729e-05 | ... Y5: {=INDEX('Summarized Source Data'!$Q$600:$Q$743,MATCH(1,($A5=LoadFactorSeasons)*(Y$1=LoadFactorHours),0),)} -> 5.8293228e-05
A6: Summer Peak | B6: {=INDEX('Summarized Source Data'!$Q$600:$Q$743,MATCH(1,($A6=LoadFactorSeasons)*(B$1=LoadFactorHours),0),)} -> 6.6219303e-05 | C6: {=INDEX('Summarized Source Data'!$Q$600:$Q$743,MATCH(1,($A6=LoadFactorSeasons)*(C$1=LoadFactorHours),0),)} -> 6.5730399e-05 | D6: {=INDEX('Summarized Source Data'!$Q$600:$Q$743,MATCH(1,($A6=LoadFactorSeasons)*(D$1=LoadFactorHours),0),)} -> 6.5567431e-05 | E6: {=INDEX('Summarized Source Data'!$Q$600:$Q$743,MATCH(1,($A6=LoadFactorSeasons)*(E$1=LoadFactorHours),0),)} -> 6.5567431e-05 | F6: {=INDEX('Summarized Source Data'!$Q$600:$Q$743,MATCH(1,($A6=LoadFactorSeasons)*(F$1=LoadFactorHours),0),)} -> 6.5513108e-05 | G6: {=INDEX('Summarized Source Data'!$Q$600:$Q$743,MATCH(1,($A6=LoadFactorSeasons)*(G$1=LoadFactorHours),0),)} -> 6.5567431e-05 | H6: {=INDEX('Summarized Source Data'!$Q$600:$Q$743,MATCH(1,($A6=LoadFactorSeasons)*(H$1=LoadFactorHours),0),)} -> 8.0153061e-05 | I6: {=INDEX('Summarized Source Data'!$Q$600:$Q$743,MATCH(1,($A6=LoadFactorSeasons)*(I$1=LoadFactorHours),0),)} -> 0.00014667114 | ... Y6: {=INDEX('Summarized Source Data'!$Q$600:$Q$743,MATCH(1,($A6=LoadFactorSeasons)*(Y$1=LoadFactorHours),0),)} -> 9.4793013e-05
A7: Winter Peak | B7: {=INDEX('Summarized Source Data'!$Q$600:$Q$743,MATCH(1,($A7=LoadFactorSeasons)*(B$1=LoadFactorHours),0),)} -> 0.00010381299 | C7: {=INDEX('Summarized Source Data'!$Q$600:$Q$743,MATCH(1,($A7=LoadFactorSeasons)*(C$1=LoadFactorHours),0),)} -> 0.00010314663 | D7: {=INDEX('Summarized Source Data'!$Q$600:$Q$743,MATCH(1,($A7=LoadFactorSeasons)*(D$1=LoadFactorHours),0),)} -> 0.00010295227 | E7: {=INDEX('Summarized Source Data'!$Q$600:$Q$743,MATCH(1,($A7=LoadFactorSeasons)*(E$1=LoadFactorHours),0),)} -> 0.00010295227 | F7: {=INDEX('Summarized Source Data'!$Q$600:$Q$743,MATCH(1,($A7=LoadFactorSeasons)*(F$1=LoadFactorHours),0),)} -> 0.00010286898 | G7: {=INDEX('Summarized Source Data'!$Q$600:$Q$743,MATCH(1,($A7=LoadFactorSeasons)*(G$1=LoadFactorHours),0),)} -> 0.00010298004 | H7: {=INDEX('Summarized Source Data'!$Q$600:$Q$743,MATCH(1,($A7=LoadFactorSeasons)*(H$1=LoadFactorHours),0),)} -> 0.00012577503 | I7: {=INDEX('Summarized Source Data'!$Q$600:$Q$743,MATCH(1,($A7=LoadFactorSeasons)*(I$1=LoadFactorHours),0),)} -> 0.00022967131 | ... Y7: {=INDEX('Summarized Source Data'!$Q$600:$Q$743,MATCH(1,($A7=LoadFactorSeasons)*(Y$1=LoadFactorHours),0),)} -> 0.0001493752

Sheet SHELF-aircraft
A1: Unit: dimensionless (ratio of electricity demand in this hour to annual demand) | B1: Hour0 | C1: Hour1 | D1: Hour2 | E1: Hour3 | F1: Hour4 | G1: Hour5 | H1: Hour6 | I1: Hour7 | J1: Hour8 | K1: Hour9 | L1: Hour10 | M1: Hour11 | N1: Hour12 | O1: Hour13 | P1: Hour14 | Q1: Hour15 | R1: Hour16 | S1: Hour17 | T1: Hour18 | U1: Hour19 | V1: Hour20 | W1: Hour21 | X1: Hour22 | Y1: Hour23
A2: Winter | B2: {=INDEX('Summarized Source Data'!$R$600:$R$743,MATCH(1,($A2=LoadFactorSeasons)*(B$1=LoadFactorHours),0),)} -> 8.6142606e-05 | C2: {=INDEX('Summarized Source Data'!$R$600:$R$743,MATCH(1,($A2=LoadFactorSeasons)*(C$1=LoadFactorHours),0),)} -> 8.5793562e-05 | D2: {=INDEX('Summarized Source Data'!$R$600:$R$743,MATCH(1,($A2=LoadFactorSeasons)*(D$1=LoadFactorHours),0),)} -> 8.5738032e-05 | E2: {=INDEX('Summarized Source Data'!$R$600:$R$743,MATCH(1,($A2=LoadFactorSeasons)*(E$1=LoadFactorHours),0),)} -> 8.5738032e-05 | F2: {=INDEX('Summarized Source Data'!$R$600:$R$743,MATCH(1,($A2=LoadFactorSeasons)*(F$1=LoadFactorHours),0),)} -> 8.5714234e-05 | G2: {=INDEX('Summarized Source Data'!$R$600:$R$743,MATCH(1,($A2=LoadFactorSeasons)*(G$1=LoadFactorHours),0),)} -> 8.5904622e-05 | H2: {=INDEX('Summarized Source Data'!$R$600:$R$743,MATCH(1,($A2=LoadFactorSeasons)*(H$1=LoadFactorHours),0),)} -> 0.0001177232 | I2: {=INDEX('Summarized Source Data'!$R$600:$R$743,MATCH(1,($A2=LoadFactorSeasons)*(I$1=LoadFactorHours),0),)} -> 0.00021053732 | ... Y2: {=INDEX('Summarized Source Data'!$R$600:$R$743,MATCH(1,($A2=LoadFactorSeasons)*(Y$1=LoadFactorHours),0),)} -> 0.00012422813
A3: Spring | B3: {=INDEX('Summarized Source Data'!$R$600:$R$743,MATCH(1,($A3=LoadFactorSeasons)*(B$1=LoadFactorHours),0),)} -> 5.8955589e-05 | C3: {=INDEX('Summarized Source Data'!$R$600:$R$743,MATCH(1,($A3=LoadFactorSeasons)*(C$1=LoadFactorHours),0),)} -> 5.8738299e-05 | D3: {=INDEX('Summarized Source Data'!$R$600:$R$743,MATCH(1,($A3=LoadFactorSeasons)*(D$1=LoadFactorHours),0),)} -> 5.8699497e-05 | E3: {=INDEX('Summarized Source Data'!$R$600:$R$743,MATCH(1,($A3=LoadFactorSeasons)*(E$1=LoadFactorHours),0),)} -> 5.8699497e-05 | F3: {=INDEX('Summarized Source Data'!$R$600:$R$743,MATCH(1,($A3=LoadFactorSeasons)*(F$1=LoadFactorHours),0),)} -> 5.8683976e-05 | G3: {=INDEX('Summarized Source Data'!$R$600:$R$743,MATCH(1,($A3=LoadFactorSeasons)*(G$1=LoadFactorHours),0),)} -> 5.87771e-05 | H3: {=INDEX('Summarized Source Data'!$R$600:$R$743,MATCH(1,($A3=LoadFactorSeasons)*(H$1=LoadFactorHours),0),)} -> 8.0630324e-05 | I3: {=INDEX('Summarized Source Data'!$R$600:$R$743,MATCH(1,($A3=LoadFactorSeasons)*(I$1=LoadFactorHours),0),)} -> 0.00014426542 | ... Y3: {=INDEX('Summarized Source Data'!$R$600:$R$743,MATCH(1,($A3=LoadFactorSeasons)*(Y$1=LoadFactorHours),0),)} -> 8.4898532e-05
A4: Summer | B4: {=INDEX('Summarized Source Data'!$R$600:$R$743,MATCH(1,($A4=LoadFactorSeasons)*(B$1=LoadFactorHours),0),)} -> 5.4850349e-05 | C4: {=INDEX('Summarized Source Data'!$R$600:$R$743,MATCH(1,($A4=LoadFactorSeasons)*(C$1=LoadFactorHours),0),)} -> 5.4710663e-05 | D4: {=INDEX('Summarized Source Data'!$R$600:$R$743,MATCH(1,($A4=LoadFactorSeasons)*(D$1=LoadFactorHours),0),)} -> 5.4586497e-05 | E4: {=INDEX('Summarized Source Data'!$R$600:$R$743,MATCH(1,($A4=LoadFactorSeasons)*(E$1=LoadFactorHours),0),)} -> 5.46641e-05 | F4: {=INDEX('Summarized Source Data'!$R$600:$R$743,MATCH(1,($A4=LoadFactorSeasons)*(F$1=LoadFactorHours),0),)} -> 5.4570976e-05 | G4: {=INDEX('Summarized Source Data'!$R$600:$R$743,MATCH(1,($A4=LoadFactorSeasons)*(G$1=LoadFactorHours),0),)} -> 5.4741704e-05 | H4: {=INDEX('Summarized Source Data'!$R$600:$R$743,MATCH(1,($A4=LoadFactorSeasons)*(H$1=LoadFactorHours),0),)} -> 7.4973009e-05 | I4: {=INDEX('Summarized Source Data'!$R$600:$R$743,MATCH(1,($A4=LoadFactorSeasons)*(I$1=LoadFactorHours),0),)} -> 0.00013433214 | ... Y4: {=INDEX('Summarized Source Data'!$R$600:$R$743,MATCH(1,($A4=LoadFactorSeasons)*(Y$1=LoadFactorHours),0),)} -> 7.9078248e-05
A5: Fall | B5: {=INDEX('Summarized Source Data'!$R$600:$R$743,MATCH(1,($A5=LoadFactorSeasons)*(B$1=LoadFactorHours),0),)} -> 4.0452205e-05 | C5: {=INDEX('Summarized Source Data'!$R$600:$R$743,MATCH(1,($A5=LoadFactorSeasons)*(C$1=LoadFactorHours),0),)} -> 4.0279601e-05 | D5: {=INDEX('Summarized Source Data'!$R$600:$R$743,MATCH(1,($A5=LoadFactorSeasons)*(D$1=LoadFactorHours),0),)} -> 4.0256064e-05 | E5: {=INDEX('Summarized Source Data'!$R$600:$R$743,MATCH(1,($A5=LoadFactorSeasons)*(E$1=LoadFactorHours),0),)} -> 4.0256064e-05 | F5: {=INDEX('Summarized Source Data'!$R$600:$R$743,MATCH(1,($A5=LoadFactorSeasons)*(F$1=LoadFactorHours),0),)} -> 4.0240372e-05 | G5: {=INDEX('Summarized Source Data'!$R$600:$R$743,MATCH(1,($A5=LoadFactorSeasons)*(G$1=LoadFactorHours),0),)} -> 4.0412977e-05 | H5: {=INDEX('Summarized Source Data'!$R$600:$R$743,MATCH(1,($A5=LoadFactorSeasons)*(H$1=LoadFactorHours),0),)} -> 5.5390335e-05 | I5: {=INDEX('Summarized Source Data'!$R$600:$R$743,MATCH(1,($A5=LoadFactorSeasons)*(I$1=LoadFactorHours),0),)} -> 9.8933729e-05 | ... Y5: {=INDEX('Summarized Source Data'!$R$600:$R$743,MATCH(1,($A5=LoadFactorSeasons)*(Y$1=LoadFactorHours),0),)} -> 5.8293228e-05
A6: Summer Peak | B6: {=INDEX('Summarized Source Data'!$R$600:$R$743,MATCH(1,($A6=LoadFactorSeasons)*(B$1=LoadFactorHours),0),)} -> 6.6219303e-05 | C6: {=INDEX('Summarized Source Data'!$R$600:$R$743,MATCH(1,($A6=LoadFactorSeasons)*(C$1=LoadFactorHours),0),)} -> 6.5730399e-05 | D6: {=INDEX('Summarized Source Data'!$R$600:$R$743,MATCH(1,($A6=LoadFactorSeasons)*(D$1=LoadFactorHours),0),)} -> 6.5567431e-05 | E6: {=INDEX('Summarized Source Data'!$R$600:$R$743,MATCH(1,($A6=LoadFactorSeasons)*(E$1=LoadFactorHours),0),)} -> 6.5567431e-05 | F6: {=INDEX('Summarized Source Data'!$R$600:$R$743,MATCH(1,($A6=LoadFactorSeasons)*(F$1=LoadFactorHours),0),)} -> 6.5513108e-05 | G6: {=INDEX('Summarized Source Data'!$R$600:$R$743,MATCH(1,($A6=LoadFactorSeasons)*(G$1=LoadFactorHours),0),)} -> 6.5567431e-05 | H6: {=INDEX('Summarized Source Data'!$R$600:$R$743,MATCH(1,($A6=LoadFactorSeasons)*(H$1=LoadFactorHours),0),)} -> 8.0153061e-05 | I6: {=INDEX('Summarized Source Data'!$R$600:$R$743,MATCH(1,($A6=LoadFactorSeasons)*(I$1=LoadFactorHours),0),)} -> 0.00014667114 | ... Y6: {=INDEX('Summarized Source Data'!$R$600:$R$743,MATCH(1,($A6=LoadFactorSeasons)*(Y$1=LoadFactorHours),0),)} -> 9.4793013e-05
A7: Winter Peak | B7: {=INDEX('Summarized Source Data'!$R$600:$R$743,MATCH(1,($A7=LoadFactorSeasons)*(B$1=LoadFactorHours),0),)} -> 0.00010381299 | C7: {=INDEX('Summarized Source Data'!$R$600:$R$743,MATCH(1,($A7=LoadFactorSeasons)*(C$1=LoadFactorHours),0),)} -> 0.00010314663 | D7: {=INDEX('Summarized Source Data'!$R$600:$R$743,MATCH(1,($A7=LoadFactorSeasons)*(D$1=LoadFactorHours),0),)} -> 0.00010295227 | E7: {=INDEX('Summarized Source Data'!$R$600:$R$743,MATCH(1,($A7=LoadFactorSeasons)*(E$1=LoadFactorHours),0),)} -> 0.00010295227 | F7: {=INDEX('Summarized Source Data'!$R$600:$R$743,MATCH(1,($A7=LoadFactorSeasons)*(F$1=LoadFactorHours),0),)} -> 0.00010286898 | G7: {=INDEX('Summarized Source Data'!$R$600:$R$743,MATCH(1,($A7=LoadFactorSeasons)*(G$1=LoadFactorHours),0),)} -> 0.00010298004 | H7: {=INDEX('Summarized Source Data'!$R$600:$R$743,MATCH(1,($A7=LoadFactorSeasons)*(H$1=LoadFactorHours),0),)} -> 0.00012577503 | I7: {=INDEX('Summarized Source Data'!$R$600:$R$743,MATCH(1,($A7=LoadFactorSeasons)*(I$1=LoadFactorHours),0),)} -> 0.00022967131 | ... Y7: {=INDEX('Summarized Source Data'!$R$600:$R$743,MATCH(1,($A7=LoadFactorSeasons)*(Y$1=LoadFactorHours),0),)} -> 0.0001493752

Sheet SHELF-rail
A1: Unit: dimensionless (ratio of electricity demand in this hour to annual demand) | B1: Hour0 | C1: Hour1 | D1: Hour2 | E1: Hour3 | F1: Hour4 | G1: Hour5 | H1: Hour6 | I1: Hour7 | J1: Hour8 | K1: Hour9 | L1: Hour10 | M1: Hour11 | N1: Hour12 | O1: Hour13 | P1: Hour14 | Q1: Hour15 | R1: Hour16 | S1: Hour17 | T1: Hour18 | U1: Hour19 | V1: Hour20 | W1: Hour21 | X1: Hour22 | Y1: Hour23
A2: Winter | B2: {=INDEX('Summarized Source Data'!$S$600:$S$743,MATCH(1,($A2=LoadFactorSeasons)*(B$1=LoadFactorHours),0),)} -> 8.6142606e-05 | C2: {=INDEX('Summarized Source Data'!$S$600:$S$743,MATCH(1,($A2=LoadFactorSeasons)*(C$1=LoadFactorHours),0),)} -> 8.5793562e-05 | D2: {=INDEX('Summarized Source Data'!$S$600:$S$743,MATCH(1,($A2=LoadFactorSeasons)*(D$1=LoadFactorHours),0),)} -> 8.5738032e-05 | E2: {=INDEX('Summarized Source Data'!$S$600:$S$743,MATCH(1,($A2=LoadFactorSeasons)*(E$1=LoadFactorHours),0),)} -> 8.5738032e-05 | F2: {=INDEX('Summarized Source Data'!$S$600:$S$743,MATCH(1,($A2=LoadFactorSeasons)*(F$1=LoadFactorHours),0),)} -> 8.5714234e-05 | G2: {=INDEX('Summarized Source Data'!$S$600:$S$743,MATCH(1,($A2=LoadFactorSeasons)*(G$1=LoadFactorHours),0),)} -> 8.5904622e-05 | H2: {=INDEX('Summarized Source Data'!$S$600:$S$743,MATCH(1,($A2=LoadFactorSeasons)*(H$1=LoadFactorHours),0),)} -> 0.0001177232 | I2: {=INDEX('Summarized Source Data'!$S$600:$S$743,MATCH(1,($A2=LoadFactorSeasons)*(I$1=LoadFactorHours),0),)} -> 0.00021053732 | ... Y2: {=INDEX('Summarized Source Data'!$S$600:$S$743,MATCH(1,($A2=LoadFactorSeasons)*(Y$1=LoadFactorHours),0),)} -> 0.00012422813
A3: Spring | B3: {=INDEX('Summarized Source Data'!$S$600:$S$743,MATCH(1,($A3=LoadFactorSeasons)*(B$1=LoadFactorHours),0),)} -> 5.8955589e-05 | C3: {=INDEX('Summarized Source Data'!$S$600:$S$743,MATCH(1,($A3=LoadFactorSeasons)*(C$1=LoadFactorHours),0),)} -> 5.8738299e-05 | D3: {=INDEX('Summarized Source Data'!$S$600:$S$743,MATCH(1,($A3=LoadFactorSeasons)*(D$1=LoadFactorHours),0),)} -> 5.8699497e-05 | E3: {=INDEX('Summarized Source Data'!$S$600:$S$743,MATCH(1,($A3=LoadFactorSeasons)*(E$1=LoadFactorHours),0),)} -> 5.8699497e-05 | F3: {=INDEX('Summarized Source Data'!$S$600:$S$743,MATCH(1,($A3=LoadFactorSeasons)*(F$1=LoadFactorHours),0),)} -> 5.8683976e-05 | G3: {=INDEX('Summarized Source Data'!$S$600:$S$743,MATCH(1,($A3=LoadFactorSeasons)*(G$1=LoadFactorHours),0),)} -> 5.87771e-05 | H3: {=INDEX('Summarized Source Data'!$S$600:$S$743,MATCH(1,($A3=LoadFactorSeasons)*(H$1=LoadFactorHours),0),)} -> 8.0630324e-05 | I3: {=INDEX('Summarized Source Data'!$S$600:$S$743,MATCH(1,($A3=LoadFactorSeasons)*(I$1=LoadFactorHours),0),)} -> 0.00014426542 | ... Y3: {=INDEX('Summarized Source Data'!$S$600:$S$743,MATCH(1,($A3=LoadFactorSeasons)*(Y$1=LoadFactorHours),0),)} -> 8.4898532e-05
A4: Summer | B4: {=INDEX('Summarized Source Data'!$S$600:$S$743,MATCH(1,($A4=LoadFactorSeasons)*(B$1=LoadFactorHours),0),)} -> 5.4850349e-05 | C4: {=INDEX('Summarized Source Data'!$S$600:$S$743,MATCH(1,($A4=LoadFactorSeasons)*(C$1=LoadFactorHours),0),)} -> 5.4710663e-05 | D4: {=INDEX('Summarized Source Data'!$S$600:$S$743,MATCH(1,($A4=LoadFactorSeasons)*(D$1=LoadFactorHours),0),)} -> 5.4586497e-05 | E4: {=INDEX('Summarized Source Data'!$S$600:$S$743,MATCH(1,($A4=LoadFactorSeasons)*(E$1=LoadFactorHours),0),)} -> 5.46641e-05 | F4: {=INDEX('Summarized Source Data'!$S$600:$S$743,MATCH(1,($A4=LoadFactorSeasons)*(F$1=LoadFactorHours),0),)} -> 5.4570976e-05 | G4: {=INDEX('Summarized Source Data'!$S$600:$S$743,MATCH(1,($A4=LoadFactorSeasons)*(G$1=LoadFactorHours),0),)} -> 5.4741704e-05 | H4: {=INDEX('Summarized Source Data'!$S$600:$S$743,MATCH(1,($A4=LoadFactorSeasons)*(H$1=LoadFactorHours),0),)} -> 7.4973009e-05 | I4: {=INDEX('Summarized Source Data'!$S$600:$S$743,MATCH(1,($A4=LoadFactorSeasons)*(I$1=LoadFactorHours),0),)} -> 0.00013433214 | ... Y4: {=INDEX('Summarized Source Data'!$S$600:$S$743,MATCH(1,($A4=LoadFactorSeasons)*(Y$1=LoadFactorHours),0),)} -> 7.9078248e-05
A5: Fall | B5: {=INDEX('Summarized Source Data'!$S$600:$S$743,MATCH(1,($A5=LoadFactorSeasons)*(B$1=LoadFactorHours),0),)} -> 4.0452205e-05 | C5: {=INDEX('Summarized Source Data'!$S$600:$S$743,MATCH(1,($A5=LoadFactorSeasons)*(C$1=LoadFactorHours),0),)} -> 4.0279601e-05 | D5: {=INDEX('Summarized Source Data'!$S$600:$S$743,MATCH(1,($A5=LoadFactorSeasons)*(D$1=LoadFactorHours),0),)} -> 4.0256064e-05 | E5: {=INDEX('Summarized Source Data'!$S$600:$S$743,MATCH(1,($A5=LoadFactorSeasons)*(E$1=LoadFactorHours),0),)} -> 4.0256064e-05 | F5: {=INDEX('Summarized Source Data'!$S$600:$S$743,MATCH(1,($A5=LoadFactorSeasons)*(F$1=LoadFactorHours),0),)} -> 4.0240372e-05 | G5: {=INDEX('Summarized Source Data'!$S$600:$S$743,MATCH(1,($A5=LoadFactorSeasons)*(G$1=LoadFactorHours),0),)} -> 4.0412977e-05 | H5: {=INDEX('Summarized Source Data'!$S$600:$S$743,MATCH(1,($A5=LoadFactorSeasons)*(H$1=LoadFactorHours),0),)} -> 5.5390335e-05 | I5: {=INDEX('Summarized Source Data'!$S$600:$S$743,MATCH(1,($A5=LoadFactorSeasons)*(I$1=LoadFactorHours),0),)} -> 9.8933729e-05 | ... Y5: {=INDEX('Summarized Source Data'!$S$600:$S$743,MATCH(1,($A5=LoadFactorSeasons)*(Y$1=LoadFactorHours),0),)} -> 5.8293228e-05
A6: Summer Peak | B6: {=INDEX('Summarized Source Data'!$S$600:$S$743,MATCH(1,($A6=LoadFactorSeasons)*(B$1=LoadFactorHours),0),)} -> 6.6219303e-05 | C6: {=INDEX('Summarized Source Data'!$S$600:$S$743,MATCH(1,($A6=LoadFactorSeasons)*(C$1=LoadFactorHours),0),)} -> 6.5730399e-05 | D6: {=INDEX('Summarized Source Data'!$S$600:$S$743,MATCH(1,($A6=LoadFactorSeasons)*(D$1=LoadFactorHours),0),)} -> 6.5567431e-05 | E6: {=INDEX('Summarized Source Data'!$S$600:$S$743,MATCH(1,($A6=LoadFactorSeasons)*(E$1=LoadFactorHours),0),)} -> 6.5567431e-05 | F6: {=INDEX('Summarized Source Data'!$S$600:$S$743,MATCH(1,($A6=LoadFactorSeasons)*(F$1=LoadFactorHours),0),)} -> 6.5513108e-05 | G6: {=INDEX('Summarized Source Data'!$S$600:$S$743,MATCH(1,($A6=LoadFactorSeasons)*(G$1=LoadFactorHours),0),)} -> 6.5567431e-05 | H6: {=INDEX('Summarized Source Data'!$S$600:$S$743,MATCH(1,($A6=LoadFactorSeasons)*(H$1=LoadFactorHours),0),)} -> 8.0153061e-05 | I6: {=INDEX('Summarized Source Data'!$S$600:$S$743,MATCH(1,($A6=LoadFactorSeasons)*(I$1=LoadFactorHours),0),)} -> 0.00014667114 | ... Y6: {=INDEX('Summarized Source Data'!$S$600:$S$743,MATCH(1,($A6=LoadFactorSeasons)*(Y$1=LoadFactorHours),0),)} -> 9.4793013e-05
A7: Winter Peak | B7: {=INDEX('Summarized Source Data'!$S$600:$S$743,MATCH(1,($A7=LoadFactorSeasons)*(B$1=LoadFactorHours),0),)} -> 0.00010381299 | C7: {=INDEX('Summarized Source Data'!$S$600:$S$743,MATCH(1,($A7=LoadFactorSeasons)*(C$1=LoadFactorHours),0),)} -> 0.00010314663 | D7: {=INDEX('Summarized Source Data'!$S$600:$S$743,MATCH(1,($A7=LoadFactorSeasons)*(D$1=LoadFactorHours),0),)} -> 0.00010295227 | E7: {=INDEX('Summarized Source Data'!$S$600:$S$743,MATCH(1,($A7=LoadFactorSeasons)*(E$1=LoadFactorHours),0),)} -> 0.00010295227 | F7: {=INDEX('Summarized Source Data'!$S$600:$S$743,MATCH(1,($A7=LoadFactorSeasons)*(F$1=LoadFactorHours),0),)} -> 0.00010286898 | G7: {=INDEX('Summarized Source Data'!$S$600:$S$743,MATCH(1,($A7=LoadFactorSeasons)*(G$1=LoadFactorHours),0),)} -> 0.00010298004 | H7: {=INDEX('Summarized Source Data'!$S$600:$S$743,MATCH(1,($A7=LoadFactorSeasons)*(H$1=LoadFactorHours),0),)} -> 0.00012577503 | I7: {=INDEX('Summarized Source Data'!$S$600:$S$743,MATCH(1,($A7=LoadFactorSeasons)*(I$1=LoadFactorHours),0),)} -> 0.00022967131 | ... Y7: {=INDEX('Summarized Source Data'!$S$600:$S$743,MATCH(1,($A7=LoadFactorSeasons)*(Y$1=LoadFactorHours),0),)} -> 0.0001493752

Sheet SHELF-ships
A1: Unit: dimensionless (ratio of electricity demand in this hour to annual demand) | B1: Hour0 | C1: Hour1 | D1: Hour2 | E1: Hour3 | F1: Hour4 | G1: Hour5 | H1: Hour6 | I1: Hour7 | J1: Hour8 | K1: Hour9 | L1: Hour10 | M1: Hour11 | N1: Hour12 | O1: Hour13 | P1: Hour14 | Q1: Hour15 | R1: Hour16 | S1: Hour17 | T1: Hour18 | U1: Hour19 | V1: Hour20 | W1: Hour21 | X1: Hour22 | Y1: Hour23
A2: Winter | B2: {=INDEX('Summarized Source Data'!$T$600:$T$743,MATCH(1,($A2=LoadFactorSeasons)*(B$1=LoadFactorHours),0),)} -> 8.6142606e-05 | C2: {=INDEX('Summarized Source Data'!$T$600:$T$743,MATCH(1,($A2=LoadFactorSeasons)*(C$1=LoadFactorHours),0),)} -> 8.5793562e-05 | D2: {=INDEX('Summarized Source Data'!$T$600:$T$743,MATCH(1,($A2=LoadFactorSeasons)*(D$1=LoadFactorHours),0),)} -> 8.5738032e-05 | E2: {=INDEX('Summarized Source Data'!$T$600:$T$743,MATCH(1,($A2=LoadFactorSeasons)*(E$1=LoadFactorHours),0),)} -> 8.5738032e-05 | F2: {=INDEX('Summarized Source Data'!$T$600:$T$743,MATCH(1,($A2=LoadFactorSeasons)*(F$1=LoadFactorHours),0),)} -> 8.5714234e-05 | G2: {=INDEX('Summarized Source Data'!$T$600:$T$743,MATCH(1,($A2=LoadFactorSeasons)*(G$1=LoadFactorHours),0),)} -> 8.5904622e-05 | H2: {=INDEX('Summarized Source Data'!$T$600:$T$743,MATCH(1,($A2=LoadFactorSeasons)*(H$1=LoadFactorHours),0),)} -> 0.0001177232 | I2: {=INDEX('Summarized Source Data'!$T$600:$T$743,MATCH(1,($A2=LoadFactorSeasons)*(I$1=LoadFactorHours),0),)} -> 0.00021053732 | ... Y2: {=INDEX('Summarized Source Data'!$T$600:$T$743,MATCH(1,($A2=LoadFactorSeasons)*(Y$1=LoadFactorHours),0),)} -> 0.00012422813
A3: Spring | B3: {=INDEX('Summarized Source Data'!$T$600:$T$743,MATCH(1,($A3=LoadFactorSeasons)*(B$1=LoadFactorHours),0),)} -> 5.8955589e-05 | C3: {=INDEX('Summarized Source Data'!$T$600:$T$743,MATCH(1,($A3=LoadFactorSeasons)*(C$1=LoadFactorHours),0),)} -> 5.8738299e-05 | D3: {=INDEX('Summarized Source Data'!$T$600:$T$743,MATCH(1,($A3=LoadFactorSeasons)*(D$1=LoadFactorHours),0),)} -> 5.8699497e-05 | E3: {=INDEX('Summarized Source Data'!$T$600:$T$743,MATCH(1,($A3=LoadFactorSeasons)*(E$1=LoadFactorHours),0),)} -> 5.8699497e-05 | F3: {=INDEX('Summarized Source Data'!$T$600:$T$743,MATCH(1,($A3=LoadFactorSeasons)*(F$1=LoadFactorHours),0),)} -> 5.8683976e-05 | G3: {=INDEX('Summarized Source Data'!$T$600:$T$743,MATCH(1,($A3=LoadFactorSeasons)*(G$1=LoadFactorHours),0),)} -> 5.87771e-05 | H3: {=INDEX('Summarized Source Data'!$T$600:$T$743,MATCH(1,($A3=LoadFactorSeasons)*(H$1=LoadFactorHours),0),)} -> 8.0630324e-05 | I3: {=INDEX('Summarized Source Data'!$T$600:$T$743,MATCH(1,($A3=LoadFactorSeasons)*(I$1=LoadFactorHours),0),)} -> 0.00014426542 | ... Y3: {=INDEX('Summarized Source Data'!$T$600:$T$743,MATCH(1,($A3=LoadFactorSeasons)*(Y$1=LoadFactorHours),0),)} -> 8.4898532e-05
