Workbook

Sheet About
A1: CSC Capacity Supply Curve Capacity Cost Multiplier vs Share of Existing Capacity Built this Year
A2: CSC Capacity Supply Curve Minimum Buildable Capacity for Plant Types with No Existing Capacity
A3: CSC Capacity Supply Curve Share of Cost Effective Capacity Built in a Single Year
A5: Source: | B5: (none)
A7: Notes:
A8: For the Share of Cost Effective Capacity Built in a Single Year, we use a value of 1 for all resources except wind,
A9: which in recent years has faced unique siting constraints that have limited new capacity.
A10: For onshore wind, we use a value of 0.75.
A12: These are calibrated variables used in establishing supply curves for resources.
A14: Supply Curve Parameters
A15: max share | B15: 0.2
A16: parameter 1 | B16: 0.6
A17: parameter 2 | B17: 3
A18: multiplier cutoff | B18: 0.5
A19: Max profitability cutoff | B19: 60000
B23: =(1-EXP(-((C23/$B$19-($B$18-0.5))/$B$16)^$B$17))*$B$15 -> 0 | C23: 0
B24: =(1-EXP(-((C24/$B$19-($B$18-0.5))/$B$16)^$B$17))*$B$15 -> 5.3583604e-07 | C24: 500
B25: =(1-EXP(-((C25/$B$19-($B$18-0.5))/$B$16)^$B$17))*$B$15 -> 4.2866482e-06 | C25: 1000
B26: =(1-EXP(-((C26/$B$19-($B$18-0.5))/$B$16)^$B$17))*$B$15 -> 1.4467069e-05 | C26: =C25+500 -> 1500
B27: =(1-EXP(-((C27/$B$19-($B$18-0.5))/$B$16)^$B$17))*$B$15 -> 3.4290613e-05 | C27: =C26+500 -> 2000
B28: =(1-EXP(-((C28/$B$19-($B$18-0.5))/$B$16)^$B$17))*$B$15 -> 6.6968381e-05 | C28: =C27+500 -> 2500
B29: =(1-EXP(-((C29/$B$19-($B$18-0.5))/$B$16)^$B$17))*$B$15 -> 0.00011570726 | C29: =C28+500 -> 3000
B30: =(1-EXP(-((C30/$B$19-($B$18-0.5))/$B$16)^$B$17))*$B$15 -> 0.00018370759 | C30: =C29+500 -> 3500
B31: =(1-EXP(-((C31/$B$19-($B$18-0.5))/$B$16)^$B$17))*$B$15 -> 0.00027416034 | C31: =C30+500 -> 4000
B32: =(1-EXP(-((C32/$B$19-($B$18-0.5))/$B$16)^$B$17))*$B$15 -> 0.00039024378 | C32: =C31+500 -> 4500
B33: =(1-EXP(-((C33/$B$19-($B$18-0.5))/$B$16)^$B$17))*$B$15 -> 0.0005351196 | C33: =C32+500 -> 5000
B34: =(1-EXP(-((C34/$B$19-($B$18-0.5))/$B$16)^$B$17))*$B$15 -> 0.00071192861 | C34: =C33+500 -> 5500
B35: =(1-EXP(-((C35/$B$19-($B$18-0.5))/$B$16)^$B$17))*$B$15 -> 0.00092378588 | C35: =C34+500 -> 6000
B36: =(1-EXP(-((C36/$B$19-($B$18-0.5))/$B$16)^$B$17))*$B$15 -> 0.0011737755 | C36: =C35+500 -> 6500
B37: =(1-EXP(-((C37/$B$19-($B$18-0.5))/$B$16)^$B$17))*$B$15 -> 0.0014649446 | C37: =C36+500 -> 7000
... B124: =(1-EXP(-((C124/$B$19-($B$18-0.5))/$B$16)^$B$17))*$B$15 -> 0.18734628 | C124: =C123+500 -> 50500

Sheet CSC-CSCCCMvSoECBtY
A1: Share of existing capacity | B1: =(1-EXP(-((B2/About!$B$19-(About!$B$18-0.5))/About!$B$16)^About!$B$17))*About!$B$15 -> 0 | C1: =(1-EXP(-((C2/About!$B$19-(About!$B$18-0.5))/About!$B$16)^About!$B$17))*About!$B$15 -> 1.8084409e-06 | D1: =(1-EXP(-((D2/About!$B$19-(About!$B$18-0.5))/About!$B$16)^About!$B$17))*About!$B$15 -> 1.4467069e-05 | E1: =(1-EXP(-((E2/About!$B$19-(About!$B$18-0.5))/About!$B$16)^About!$B$17))*About!$B$15 -> 4.8822165e-05 | F1: =(1-EXP(-((F2/About!$B$19-(About!$B$18-0.5))/About!$B$16)^About!$B$17))*About!$B$15 -> 0.00011570726 | G1: =(1-EXP(-((G2/About!$B$19-(About!$B$18-0.5))/About!$B$16)^About!$B$17))*About!$B$15 -> 0.00022592843 | H1: =(1-EXP(-((H2/About!$B$19-(About!$B$18-0.5))/About!$B$16)^About!$B$17))*About!$B$15 -> 0.00039024378 | I1: =(1-EXP(-((I2/About!$B$19-(About!$B$18-0.5))/About!$B$16)^About!$B$17))*About!$B$15 -> 0.0006193371 | ... CF1: =(1-EXP(-((CF2/About!$B$19-(About!$B$18-0.5))/About!$B$16)^About!$B$17))*About!$B$15 -> 0.2
A2: Incremental Revenue | B2: 0 | C2: =B2+750 -> 750 | D2: =C2+750 -> 1500 | E2: =D2+750 -> 2250 | F2: =E2+750 -> 3000 | G2: =F2+750 -> 3750 | H2: =G2+750 -> 4500 | I2: =H2+750 -> 5250 | J2: =I2+750 -> 6000 | ... CE2: =CD2+750 -> 60750 | CF2: =10^9 -> 1000000000

Sheet CSC-CSCMBCfPTwNEC
A1: % of total installed capacity
A2: Share | B2: 0.02

Sheet CSC-CSCSoCECBiaSY
A1: Time (Year) | B1: 2021 | C1: 2022 | D1: 2023 | E1: 2024 | F1: 2025 | G1: 2026 | H1: 2027 | I1: 2028 | J1: 2029 | K1: 2030 | L1: 2031 | M1: 2032 | N1: 2033 | O1: 2034 | P1: 2035 | Q1: 2036 | R1: 2037 | S1: 2038 | T1: 2039 | U1: 2040 | V1: 2041 | W1: 2042 | X1: 2043 | Y1: 2044 | Z1: 2045 | AA1: 2046 | AB1: 2047 | AC1: 2048 | AD1: 2049 | AE1: 2050 | AF1: 2051 | AG1: 2052 | AH1: 2053 | AI1: 2054 | AJ1: 2055 | AK1: 2056 | AL1: 2057 | AM1: 2058 | AN1: 2059 | AO1: 2060 | AP1: 2061 | AQ1: 2062 | AR1: 2063 | AS1: 2064 | AT1: 2065 | AU1: 2066 | AV1: 2067 | AW1: 2068 | AX1: 2069 | AY1: 2070 | AZ1: 2071
A2: hard coal es | B2: 1 | C2: 1 | D2: 1 | E2: 1 | F2: 1 | G2: 1 | H2: 1 | I2: 1 | J2: 1 | K2: 1 | L2: 1 | M2: 1 | N2: 1 | O2: 1 | P2: 1 | Q2: 1 | R2: 1 | S2: 1 | T2: 1 | U2: 1 | V2: 1 | W2: 1 | X2: 1 | Y2: 1 | Z2: 1 | AA2: 1 | AB2: 1 | AC2: 1 | AD2: 1 | AE2: 1 | AF2: 1 | AG2: 1 | AH2: 1 | AI2: 1 | AJ2: 1 | AK2: 1 | AL2: 1 | AM2: 1 | AN2: 1 | AO2: 1 | AP2: 1 | AQ2: 1 | AR2: 1 | AS2: 1 | AT2: 1 | AU2: 1 | AV2: 1 | AW2: 1 | AX2: 1 | AY2: 1 | AZ2: 1
A3: natural gas steam turbine es | B3: 1 | C3: 1 | D3: 1 | E3: 1 | F3: 1 | G3: 1 | H3: 1 | I3: 1 | J3: 1 | K3: 1 | L3: 1 | M3: 1 | N3: 1 | O3: 1 | P3: 1 | Q3: 1 | R3: 1 | S3: 1 | T3: 1 | U3: 1 | V3: 1 | W3: 1 | X3: 1 | Y3: 1 | Z3: 1 | AA3: 1 | AB3: 1 | AC3: 1 | AD3: 1 | AE3: 1 | AF3: 1 | AG3: 1 | AH3: 1 | AI3: 1 | AJ3: 1 | AK3: 1 | AL3: 1 | AM3: 1 | AN3: 1 | AO3: 1 | AP3: 1 | AQ3: 1 | AR3: 1 | AS3: 1 | AT3: 1 | AU3: 1 | AV3: 1 | AW3: 1 | AX3: 1 | AY3: 1 | AZ3: 1
A4: natural gas combined cycle es | B4: 1 | C4: 1 | D4: 1 | E4: 1 | F4: 1 | G4: 1 | H4: 1 | I4: 1 | J4: 1 | K4: 1 | L4: 1 | M4: 1 | N4: 1 | O4: 1 | P4: 1 | Q4: 1 | R4: 1 | S4: 1 | T4: 1 | U4: 1 | V4: 1 | W4: 1 | X4: 1 | Y4: 1 | Z4: 1 | AA4: 1 | AB4: 1 | AC4: 1 | AD4: 1 | AE4: 1 | AF4: 1 | AG4: 1 | AH4: 1 | AI4: 1 | AJ4: 1 | AK4: 1 | AL4: 1 | AM4: 1 | AN4: 1 | AO4: 1 | AP4: 1 | AQ4: 1 | AR4: 1 | AS4: 1 | AT4: 1 | AU4: 1 | AV4: 1 | AW4: 1 | AX4: 1 | AY4: 1 | AZ4: 1
A5: nuclear es | B5: 1 | C5: 1 | D5: 1 | E5: 1 | F5: 1 | G5: 1 | H5: 1 | I5: 1 | J5: 1 | K5: 1 | L5: 1 | M5: 1 | N5: 1 | O5: 1 | P5: 1 | Q5: 1 | R5: 1 | S5: 1 | T5: 1 | U5: 1 | V5: 1 | W5: 1 | X5: 1 | Y5: 1 | Z5: 1 | AA5: 1 | AB5: 1 | AC5: 1 | AD5: 1 | AE5: 1 | AF5: 1 | AG5: 1 | AH5: 1 | AI5: 1 | AJ5: 1 | AK5: 1 | AL5: 1 | AM5: 1 | AN5: 1 | AO5: 1 | AP5: 1 | AQ5: 1 | AR5: 1 | AS5: 1 | AT5: 1 | AU5: 1 | AV5: 1 | AW5: 1 | AX5: 1 | AY5: 1 | AZ5: 1
A6: hydro es | B6: 1 | C6: 1 | D6: 1 | E6: 1 | F6: 1 | G6: 1 | H6: 1 | I6: 1 | J6: 1 | K6: 1 | L6: 1 | M6: 1 | N6: 1 | O6: 1 | P6: 1 | Q6: 1 | R6: 1 | S6: 1 | T6: 1 | U6: 1 | V6: 1 | W6: 1 | X6: 1 | Y6: 1 | Z6: 1 | AA6: 1 | AB6: 1 | AC6: 1 | AD6: 1 | AE6: 1 | AF6: 1 | AG6: 1 | AH6: 1 | AI6: 1 | AJ6: 1 | AK6: 1 | AL6: 1 | AM6: 1 | AN6: 1 | AO6: 1 | AP6: 1 | AQ6: 1 | AR6: 1 | AS6: 1 | AT6: 1 | AU6: 1 | AV6: 1 | AW6: 1 | AX6: 1 | AY6: 1 | AZ6: 1
A7: onshore wind es | B7: 0.75 | C7: 0.75 | D7: 0.75 | E7: 0.75 | F7: 0.75 | G7: 0.75 | H7: 0.75 | I7: 0.75 | J7: 0.75 | K7: 0.75 | L7: 0.75 | M7: 0.75 | N7: 0.75 | O7: 0.75 | P7: 0.75 | Q7: 0.75 | R7: 0.75 | S7: 0.75 | T7: 0.75 | U7: 0.75 | V7: 0.75 | W7: 0.75 | X7: 0.75 | Y7: 0.75 | Z7: 0.75 | AA7: 0.75 | AB7: 0.75 | AC7: 0.75 | AD7: 0.75 | AE7: 0.75 | AF7: 0.75 | AG7: 0.75 | AH7: 0.75 | AI7: 0.75 | AJ7: 0.75 | AK7: 0.75 | AL7: 0.75 | AM7: 0.75 | AN7: 0.75 | AO7: 0.75 | AP7: 0.75 | AQ7: 0.75 | AR7: 0.75 | AS7: 0.75 | AT7: 0.75 | AU7: 0.75 | AV7: 0.75 | AW7: 0.75 | AX7: 0.75 | AY7: 0.75 | AZ7: 0.75
A8: solar PV es | B8: 1 | C8: 1 | D8: 1 | E8: 1 | F8: 1 | G8: 1 | H8: 1 | I8: 1 | J8: 1 | K8: 1 | L8: 1 | M8: 1 | N8: 1 | O8: 1 | P8: 1 | Q8: 1 | R8: 1 | S8: 1 | T8: 1 | U8: 1 | V8: 1 | W8: 1 | X8: 1 | Y8: 1 | Z8: 1 | AA8: 1 | AB8: 1 | AC8: 1 | AD8: 1 | AE8: 1 | AF8: 1 | AG8: 1 | AH8: 1 | AI8: 1 | AJ8: 1 | AK8: 1 | AL8: 1 | AM8: 1 | AN8: 1 | AO8: 1 | AP8: 1 | AQ8: 1 | AR8: 1 | AS8: 1 | AT8: 1 | AU8: 1 | AV8: 1 | AW8: 1 | AX8: 1 | AY8: 1 | AZ8: 1
A9: solar thermal es | B9: 1 | C9: 1 | D9: 1 | E9: 1 | F9: 1 | G9: 1 | H9: 1 | I9: 1 | J9: 1 | K9: 1 | L9: 1 | M9: 1 | N9: 1 | O9: 1 | P9: 1 | Q9: 1 | R9: 1 | S9: 1 | T9: 1 | U9: 1 | V9: 1 | W9: 1 | X9: 1 | Y9: 1 | Z9: 1 | AA9: 1 | AB9: 1 | AC9: 1 | AD9: 1 | AE9: 1 | AF9: 1 | AG9: 1 | AH9: 1 | AI9: 1 | AJ9: 1 | AK9: 1 | AL9: 1 | AM9: 1 | AN9: 1 | AO9: 1 | AP9: 1 | AQ9: 1 | AR9: 1 | AS9: 1 | AT9: 1 | AU9: 1 | AV9: 1 | AW9: 1 | AX9: 1 | AY9: 1 | AZ9: 1
A10: biomass es | B10: 1 | C10: 1 | D10: 1 | E10: 1 | F10: 1 | G10: 1 | H10: 1 | I10: 1 | J10: 1 | K10: 1 | L10: 1 | M10: 1 | N10: 1 | O10: 1 | P10: 1 | Q10: 1 | R10: 1 | S10: 1 | T10: 1 | U10: 1 | V10: 1 | W10: 1 | X10: 1 | Y10: 1 | Z10: 1 | AA10: 1 | AB10: 1 | AC10: 1 | AD10: 1 | AE10: 1 | AF10: 1 | AG10: 1 | AH10: 1 | AI10: 1 | AJ10: 1 | AK10: 1 | AL10: 1 | AM10: 1 | AN10: 1 | AO10: 1 | AP10: 1 | AQ10: 1 | AR10: 1 | AS10: 1 | AT10: 1 | AU10: 1 | AV10: 1 | AW10: 1 | AX10: 1 | AY10: 1 | AZ10: 1
A11: geothermal es | B11: 1 | C11: 1 | D11: 1 | E11: 1 | F11: 1 | G11: 1 | H11: 1 | I11: 1 | J11: 1 | K11: 1 | L11: 1 | M11: 1 | N11: 1 | O11: 1 | P11: 1 | Q11: 1 | R11: 1 | S11: 1 | T11: 1 | U11: 1 | V11: 1 | W11: 1 | X11: 1 | Y11: 1 | Z11: 1 | AA11: 1 | AB11: 1 | AC11: 1 | AD11: 1 | AE11: 1 | AF11: 1 | AG11: 1 | AH11: 1 | AI11: 1 | AJ11: 1 | AK11: 1 | AL11: 1 | AM11: 1 | AN11: 1 | AO11: 1 | AP11: 1 | AQ11: 1 | AR11: 1 | AS11: 1 | AT11: 1 | AU11: 1 | AV11: 1 | AW11: 1 | AX11: 1 | AY11: 1 | AZ11: 1
A12: petroleum es | B12: 1 | C12: 1 | D12: 1 | E12: 1 | F12: 1 | G12: 1 | H12: 1 | I12: 1 | J12: 1 | K12: 1 | L12: 1 | M12: 1 | N12: 1 | O12: 1 | P12: 1 | Q12: 1 | R12: 1 | S12: 1 | T12: 1 | U12: 1 | V12: 1 | W12: 1 | X12: 1 | Y12: 1 | Z12: 1 | AA12: 1 | AB12: 1 | AC12: 1 | AD12: 1 | AE12: 1 | AF12: 1 | AG12: 1 | AH12: 1 | AI12: 1 | AJ12: 1 | AK12: 1 | AL12: 1 | AM12: 1 | AN12: 1 | AO12: 1 | AP12: 1 | AQ12: 1 | AR12: 1 | AS12: 1 | AT12: 1 | AU12: 1 | AV12: 1 | AW12: 1 | AX12: 1 | AY12: 1 | AZ12: 1
... A25: hydrogen combined cycle es | B25: 1 | C25: 1 | D25: 1 | E25: 1 | F25: 1 | G25: 1 | H25: 1 | I25: 1 | J25: 1 | K25: 1 | L25: 1 | M25: 1 | N25: 1 | O25: 1 | P25: 1 | Q25: 1 | R25: 1 | S25: 1 | T25: 1 | U25: 1 | V25: 1 | W25: 1 | X25: 1 | Y25: 1 | Z25: 1 | AA25: 1 | AB25: 1 | AC25: 1 | AD25: 1 | AE25: 1 | AF25: 1 | AG25: 1 | AH25: 1 | AI25: 1 | AJ25: 1 | AK25: 1 | AL25: 1 | AM25: 1 | AN25: 1 | AO25: 1 | AP25: 1 | AQ25: 1 | AR25: 1 | AS25: 1 | AT25: 1 | AU25: 1 | AV25: 1 | AW25: 1 | AX25: 1 | AY25: 1 | AZ25: 1
