Workbook
Name acres_per_hectare: #REF!
Name acres_per_million_hectares: #REF!
Name C_to_CO2: #REF!
Name C_to_CO2: #REF!
Name C_to_CO2: 44/12
Name CH4_Ar4_to_AR5: #REF!
Name CH4_to_CO2e: #REF!
Name dollars_2009_2012: #REF!
Name gal_per_barrel: #REF!
Name grams_per_ton: #REF!
Name HHV_Adjust: #REF!
Name IQ_CH: 110000
Name IQ_CQ: 5000
Name IQ_CY: 10000
Name IQ_DAILY: 500000
Name IQ_FH: 100000
Name IQ_FQ: 500
Name IQ_FY: 1000
Name IQ_LTM: 2000
Name IQ_MONTH: 15000
Name IQ_NTM: 6000
Name IQ_WEEK: 50000
Name IQ_YTD: 3000
Name metricton_to_shortton: #REF!
Name million: #REF!
Name N2O_to_CO2e: #REF!
Name unit_conv: #REF!

Sheet About
A1: ICoLUPpUA Implementation Cost of Land Use Policies per Unit Area
A3: Source: | B3: Comisión Nacional Forestal (CONAFOR)
B4: 2023
B5: Costos de referencia para reforestación, restauración y su mantenimiento
B6: https://dof.gob.mx/nota_detalle.php?codigo=5682057&fecha=08/03/2023#gsc.tab=0
B7: Publicado en DOF
A9: Notes
A10: In 2023, land compensation costs were published with updated reference costs for reforestation, restoration and maintenance.
A12: This variable is for the costs to maintain lands previously affected by one of the
A13: land use policies (such as "Afforestation/Reforestation") and thereby
A14: avoid emission of sequestered CO2.
A16: This variable is NOT for use with the Improved Forest Management policy,
A17: as that policy must be repeated every year in order to obtain carbon benefits
A18: in that year. Its cost is handled in the "Implementation Cost of Land Use
A19: Policies per Unit Area" variable.
A21: Both new forests (from afforestation/reforestation) and forests set aside from
A22: timber harvesting need to be managed.
A24: Currency Year
A25: We converted 2023 pesos to usd and then to 2012 usd.

Sheet Updated costs 2023
A1: ACUERDO MEDIANTE EL CUAL SE EXPIDEN LOS COSTOS DE REFERENCIA PARA LA
A2: COMPENSACIÓN AMBIENTAL POR CAMBIO DE USO DE SUELO EN TERRENOS FORESTALES Y LA
A3: METODOLOGÍA PARA SU ESTIMACIÓN
A4: Artículo 1.- Los costos de referencia para actividades de reforestación o restauración y su mantenimiento por concepto de compensación ambiental por Cambio de Uso del Suelo en Terrenos Forestales son los siguientes:
P6: Cuadro 5.
P7: COSTOS UNITARIOS DE ACTIVIDADES PARA REFORESTACIÓN
B8: Concepto | C8: Costos de referencia, en pesos por hectárea, para las diferentes zonas | P8: O RESTAURACIÓN Y SU MANTENIMIENTO.
C9: ecológicas
C10: Templada | D10: Tropical | E10: Árida | F10: Zona inundable o transición | P10: Actividad | Q10: Unidad de Medida | R10: Costo Unitario ($)
F11: tierra mar (humedales) | P11: Cercado con postes de madera | Q11: Km | R11: 57495.3
B12: Actividades y obras de restauración o reforestación y su mantenimiento. | C12: 58647.44 | D12: 44382.98 | E12: 32714.84 | F12: 76880 | P12: Brechas corta fuego | Q12: Km | R12: 7987.7
P13: Zanja bordo manual | Q13: M | R13: 29.83.85
P14: Zanja bordo con maquinaria | Q14: M | R14: 15.18
P15: Roturación con bulldozer | Q15: M | R15: 8.16
P16: Zampeado seco | Q16: metro cuadrado (m2) | R16: 169.45
B17: Cuadro 11. | K17: SECCIÓN III. | P17: Apertura de canales | Q17: metro cubico (m3) | R17: 434.47
B18: COSTOS DE REFERENCIA PARA REFORESTACIÓN O RESTAURACIÓN Y SU MANTENIMIENTO PARA | K18: COSTOS HORARIOS DE MANO DE OBRA. | P18: Terrazas individuales | Q18: Pieza | R18: 12.92
B19: COMPENSACIÓN AMBIENTAL POR CAMBIO DE USO DE SUELO EN TERRENOS FORESTALES. | K19: Profesión u Oficio | L19: Salario real ($) | M19: Costo horario ($) | P19: Reforestación con apertura de cepa común de 20 cm de diámetro por 30 cm de profundidad. | Q19: Pieza | R19: 7.89
B20: Concepto. | C20: Costos de referencia, en pesos por hectárea, para las diferentes zonas | K20: Jornalero o Peón. | L20: 300.68 | M20: 37.58 | P20: Reforestación usando pala plantadora | Q20: Pieza | R20: 3.32
C21: ecológicas | K21: Brigada de topografía (topógrafo y estadalero). | L21: 1275.67 | M21: 159.46 | P21: Reforestación con pala plantadora en manglares | Q21: Pieza | R21: 5.19
C22: Templada | D22: Tropical | E22: Árida | F22: Zona inundable o transición tierra | K22: Brigada de campo (proyectista y ayudante). | L22: 1952.55 | M22: 244.07 | P22: Producción planta ciclo corto | Q22: Pieza | R22: 4.5
F23: mar (humedales) | K23: Asesoría técnica especializada para supervisión de vivero forestal. | L23: 1301.7 | M23: 162.71 | P23: Producción planta ciclo largo | Q23: Pieza | R23: 6
B24: Actividades y obras de restauración | C24: 58647.44 | D24: 44382.98 | E24: 32714.84 | F24: 76880 | K24: Los cargos por mano de obra se calculan multiplicando el costo de la mano de obra (especializada y no especializada) requerida para la realización de la actividad, por el consumo de mano de obra de la actividad o práctica que se va a realizar. | P24: Transporte de planta | Q24: Pieza | R24: 0.55
B25: o reforestación y su mantenimiento. | K25: Para el caso de las actividades realizadas con maquinaria los valores se calcularon empleando las fórmulas establecidas en el Reglamento de la Ley de Obras Públicas y Servicios Relacionados con las Mismas, a continuación se muestra un ejemplo de dichos cálculos: | P25: Deshierbe circular en terrazas individuales | Q25: Pieza | R25: 8.34
P26: Asesoría técnica | Q26: ha | R26: 2730
B30: Cuadro 7. | K30: Cuadro 8.
B31: CONCENTRADO DE ACTIVIDADES DE REFORESTACIÓN O RESTAURACIÓN Y SU MANTENIMIENTO | K31: CONCENTRADO DE ACTIVIDADES DE REFORESTACIÓN O RESTAURACIÓN Y SU MANTENIMIENTO
B32: PARA COMPENSACIÓN AMBIENTAL POR CAMBIO DE USO DEL SUELO EN TERRENOS | K32: PARA COMPENSACIÓN AMBIENTAL POR CAMBIO DE USO DEL SUELO EN TERRENOS
B33: FORESTALES PARA EL ECOSISTEMA ÁRIDO Y SEMIÁRIDO. | K33: FORESTALES PARA EL ECOSISTEMA TEMPLADO FRÍO.
B34: Tipo de actividad | C34: Actividad específica | D34: Unidad de | E34: Costo | F34: Cantidad | G34: Costo Total | K34: Tipo de actividad | L34: Actividad específica | M34: Unidad de | N34: Costo | O34: Cantidad | P34: Costo ($)
D35: medida | E35: Unitario ($) | F35: mínima por | G35: ($) | M35: medida | N35: Unitario | O35: mínima (ha)
F36: hectárea | N36: ($)
B37: Restauración de suelos | C37: Zanja bordo con maquinaria | D37: M | E37: 15.18 | F37: 1000 | G37: 15181.97 | K37: Restauración de suelos | L37: Terrazas o zanjas a nivel construidas manualmente. | M37: m | N37: 27.85 | O37: 660 | P37: 18381
B38: Reforestación | C38: Producción de planta | D38: Planta | E38: 4.5 | F38: 400 | G38: 1800 | K38: Restauración de suelos | L38: Terrazas individuales | M38: Pieza | N38: 12.92 | O38: 880 | P38: 11369.6
C39: Transporte de planta | D39: Planta | E39: 0.55 | F39: 400 | G39: 221.47 | K39: Reforestación | L39: Producción de planta | M39: Planta | N39: 6 | O39: 1100 | P39: 6600
C40: Reforestación mediante cepa común | D40: Planta | E40: 7.89 | F40: 400 | G40: 3154.12 | K40: Transporte de planta | L40: Planta | M40: 0.55 | N40: 1100 | O40: 605
B41: Mantenimiento 1er año. | C41: Producción de planta | D41: Planta | E41: 4.5 | F41: 200 | G41: 900 | K41: Reforestación con pala plantadora | L41: Planta | M41: 3.32 | N41: 1100 | O41: 3652
A42: =SUM(G41:G43) -> 2587.8 | C42: Transporte de planta | D42: Planta | E42: 0.55 | F42: 200 | G42: 110.74 | K42: Mantenimiento 1er año. | L42: Producción de planta para replante | M42: Planta | N42: 6 | O42: 550 | P42: 3300
C43: Reforestación mediante cepa común | D43: Pieza | E43: 7.89 | F43: 200 | G43: 1577.06 | J43: =SUM(P42:P44) -> 5428.5 | L43: Transporte de planta de replante | M43: Planta | N43: 0.55 | O43: 550 | P43: 302.5
B44: Mantenimiento 2do año. | C44: Producción de planta | D44: Planta | E44: 4.5 | F44: 120 | G44: 540 | L44: Reforestación de la planta de replante con pala plantadora. | M44: Planta | N44: 3.32 | O44: 550 | P44: 1826
A45: =SUM(G44:G46) -> 1552.68 | C45: Transporte de planta | D45: Planta | E45: 0.55 | F45: 120 | G45: 66.44 | K45: Mantenimiento 2do año. | L45: Producción de planta para replante | M45: Planta | N45: 6 | O45: 330 | P45: 1980
C46: Reforestación mediante cepa común | D46: Pieza | E46: 7.89 | F46: 120 | G46: 946.24 | J46: =SUM(P45:P47) -> 3257.1 | L46: Transporte de planta de replante | M46: Planta | N46: 0.55 | O46: 330 | P46: 181.5
B47: Mantenimiento 3er año. | C47: Producción de planta | D47: Planta | E47: 4.5 | F47: 80 | G47: 360 | L47: Reforestación de la planta de replante con pala plantadora. | M47: Planta | N47: 3.32 | O47: 330 | P47: 1095.6
A48: =SUM(G47:G49) -> 1035.11 | C48: Transporte de planta | D48: Planta | E48: 0.55 | F48: 80 | G48: 44.29 | K48: Mantenimiento 3er año. | L48: Producción de planta para replante | M48: Planta | N48: 6 | O48: 220 | P48: 1320
C49: Reforestación mediante cepa común | D49: Pieza | E49: 7.89 | F49: 80 | G49: 630.82 | J49: =SUM(P48:P50) -> 2171.4 | L49: Transporte de planta de replante | M49: Planta | N49: 0.55 | O49: 220 | P49: 121
B50: Protección | C50: Brechas cortafuego | D50: km | E50: 7987.7 | F50: 0.068 | G50: 543.16 | L50: Reforestación de la planta de replante con pala plantadora. | M50: Planta | N50: 3.32 | O50: 220 | P50: 730.4
B51: Cercado | C51: km | D51: 57495.3 | E51: 0.068 | F51: 3909.68 | K51: Protección | L51: Brechas cortafuego | M51: km | N51: 7987.7 | O51: 0.068 | P51: 543.16
B52: Asistencia técnica | C52: Asesoría técnica | D52: ha | E52: 2730 | F52: 1 | G52: 2730 | K52: Cercado | L52: km | M52: 57495.3 | N52: 0.068 | O52: 3909.68
B53: Costo total | C53: Hectárea | E53: 1 | F53: 32714.84 | K53: Asistencia técnica | L53: Asesoría técnica | M53: Hectárea | N53: 2730 | O53: 1 | P53: 2730
K54: Costo total | L54: 58647.44
B56: Cuadro 9. | K56: Cuadro 10.
B57: CONCENTRADO DE ACTIVIDADES DE REFORESTACIÓN O RESTAURACIÓN Y SU MANTENIMIENTO | K57: CONCENTRADO DE ACTIVIDADES DE REFORESTACIÓN O RESTAURACIÓN Y SU MANTENIMIENTO
B58: PARA COMPENSACIÓN AMBIENTAL POR CAMBIO DE USO DEL SUELO EN TERRENOS | K58: PARA COMPENSACIÓN AMBIENTAL POR CAMBIO DE USO DEL SUELO EN TERRENOS
B59: FORESTALES PARA EL ECOSISTEMA TROPICAL. | K59: FORESTALES PARA LA ZONA DE HUMEDALES O TRANSICIÓN TIERRA MAR.
B60: Tipo de actividad | C60: Actividad específica | D60: Unidad de | E60: Costo | F60: Cantidad | G60: Costo ($)
D61: medida | E61: Unitario ($) | F61: mínima ($) | K61: Tipo de actividad | L61: Actividad específica | M61: Unidad de | N61: Costo | O61: Cantidad | P61: Costo ($)
B62: Restauración de suelos | C62: Terrazas individuales para reforestación. | D62: Piezas | E62: 12.92 | F62: 417 | G62: 5387.64 | M62: medida | N62: Unitario ($) | O62: mínima ($)
B63: Reforestación | C63: Producción de planta | D63: Planta | E63: 4.5 | F63: 625 | G63: 2812.5 | K63: Reforestación | L63: Terrazas individuales | M63: Pieza | N63: 12.92 | O63: 2500 | P63: 32300
B64: Transporte de planta | C64: Planta | D64: 0.55 | E64: 625 | F64: 343.75 | K64: Producción de planta | L64: Planta | M64: 4.5 | N64: 2500 | O64: 11250
B65: Reforestación a cepa común | C65: Planta | D65: 7.89 | E65: 625 | F65: 4931.25 | K65: Transporte de planta | L65: Planta | M65: 0.55 | N65: 2500 | O65: 1375
B66: Mantenimiento 1er año. | C66: Producción de planta para replante | D66: Planta | E66: 4.5 | F66: 312 | G66: 1404 | K66: Reforestación | L66: Planta | M66: 3.32 | N66: 2500 | O66: 8300
A67: =SUM(G66:G69) -> 9249.78 | C67: Transporte de planta para replante | D67: Planta | E67: 0.55 | F67: 312 | G67: 171.6 | K67: Mantenimiento 1er año. | L67: Producción de planta para replante | M67: Planta | N67: 4.5 | O67: 750 | P67: 5625
C68: Reforestación de la planta | D68: Planta | E68: 7.89 | F68: 312 | G68: 2461.68 | J68: =SUM(P67:P69) -> 10462.5 | L68: Transporte de planta de replante | M68: Planta | N68: 0.55 | O68: 750 | P68: 687.5
C69: Deshierbe en terrazas individuales | D69: Deshierbe | E69: 8.34 | F69: 625 | G69: 5212.5 | L69: Reforestación de la planta de replante. | M69: Planta | N69: 3.32 | O69: 750 | P69: 4150
B70: Mantenimiento 2do año | C70: Producción de planta para replante | D70: Planta | E70: 4.5 | F70: 188 | G70: 846 | K70: Mantenimiento 2do año. | L70: Producción de planta para replante | M70: Planta | N70: 4.5 | O70: 500 | P70: 3375
A71: =SUM(G70:G73) -> 7645.22 | C71: Transporte de planta para replante | D71: Planta | E71: 0.55 | F71: 188 | G71: 103.4 | J71: =SUM(P70:P72) -> 6277.5 | L71: Transporte de planta de replante | M71: Planta | N71: 0.55 | O71: 500 | P71: 412.5
C72: Reforestación de la planta | D72: Planta | E72: 7.89 | F72: 188 | G72: 1483.32 | L72: Reforestación de la planta de replante. | M72: Planta | N72: 3.32 | O72: 500 | P72: 2490
C73: Deshierbe en terrazas individuales | D73: Deshierbe | E73: 8.34 | F73: 625 | G73: 5212.5 | K73: Mantenimiento 3er año. | L73: Producción de planta para replante | M73: Planta | N73: 4.5 | O73: 250 | P73: 3375
B74: Mantenimiento 3er año. | C74: Producción de planta para replante | D74: Planta | E74: 4.5 | F74: 125 | G74: 562.5 | J74: =SUM(P73:P75) -> 6277.5 | L74: Transporte de planta de replante | M74: Planta | N74: 0.55 | O74: 250 | P74: 412.5
A75: =SUM(G74:G77) -> 6830 | C75: Transporte de planta para replante | D75: Planta | E75: 0.55 | F75: 125 | G75: 68.75 | L75: Reforestación de la planta de replante. | M75: Planta | N75: 3.32 | O75: 250 | P75: 2490
C76: Reforestación de la planta | D76: Planta | E76: 7.89 | F76: 125 | G76: 986.25 | K76: Asistencia técnica | L76: Asesoría técnica | M76: Ha | N76: 2730 | O76: 1 | P76: 2730
C77: Deshierbe en terrazas individuales | D77: Deshierbe | E77: 8.34 | F77: 625 | G77: 5212.5 | K77: Total | L77: 76880
B78: Protección | C78: Brechas cortafuego | D78: Km | E78: 7987.7 | F78: 0.068 | G78: 543.16
B79: Cercado | C79: Km | D79: 57495.3 | E79: 0.068 | F79: 3909.68
B80: Asistencia técnica | C80: Asesoría técnica | D80: Hectárea | E80: 2730 | F80: 1 | G80: 2730
B81: Costo total | C81: 44382.98
B83: Cuadro 11.
B84: COSTOS DE REFERENCIA PARA REFORESTACIÓN O RESTAURACIÓN Y SU MANTENIMIENTO PARA
B85: COMPENSACIÓN AMBIENTAL POR CAMBIO DE USO DE SUELO EN TERRENOS FORESTALES.
B86: Concepto. | C86: Costos de referencia, en pesos por hectárea, para las diferentes zonas
C87: ecológicas
C88: Templada | D88: Tropical | E88: Árida | F88: Zona inundable o transición tierra
F89: mar (humedales)
B90: Actividades y obras de restauración | C90: 58647.44 | D90: 44382.98 | E90: 32714.84 | F90: 76880
B91: o reforestación y su mantenimiento.

Sheet Cost_DATA
A1: Source: | B1: https://dof.gob.mx/nota_detalle.php?codigo=5682057&fecha=08/03/2023&print=true
B2: https://dof.gob.mx/nota_detalle.php?codigo=5682057&fecha=08/03/2023#gsc.tab=0
A4: ACUERDO MEDIANTE EL CUAL SE EXPIDEN LOS COSTOS DE REFERENCIA PARA LA
A5: COMPENSACIÓN AMBIENTAL POR CAMBIO DE USO DE SUELO EN TERRENOS FORESTALES Y LA
A6: METODOLOGÍA PARA SU ESTIMACIÓN
A7: Artículo 1.- Los costos de referencia para actividades de reforestación o restauración y su mantenimiento por concepto de compensación ambiental por Cambio de Uso del Suelo en Terrenos Forestales son los siguientes:
K9: SECCIÓN III. | Q9: Cuadro 5. | V9: Cuadro 8. | AD9: Cuadro 9. | AL9: Cuadro 10. | AT9: Cuadro 11.
K10: COSTOS HORARIOS DE MANO DE OBRA. | Q10: COSTOS UNITARIOS DE ACTIVIDADES PARA REFORESTACIÓN | V10: CONCENTRADO DE ACTIVIDADES DE REFORESTACIÓN O RESTAURACIÓN Y SU MANTENIMIENTO | AD10: CONCENTRADO DE ACTIVIDADES DE REFORESTACIÓN O RESTAURACIÓN Y SU MANTENIMIENTO | AL10: CONCENTRADO DE ACTIVIDADES DE REFORESTACIÓN O RESTAURACIÓN Y SU MANTENIMIENTO | AT10: COSTOS DE REFERENCIA PARA REFORESTACIÓN O RESTAURACIÓN Y SU MANTENIMIENTO PARA
B11: Concepto | C11: Costos de referencia, en pesos por hectárea, para las diferentes zonas | K11: Profesión u Oficio | L11: Salario real ($) | M11: Costo horario ($) | Q11: O RESTAURACIÓN Y SU MANTENIMIENTO. | V11: PARA COMPENSACIÓN AMBIENTAL POR CAMBIO DE USO DEL SUELO EN TERRENOS | AD11: PARA COMPENSACIÓN AMBIENTAL POR CAMBIO DE USO DEL SUELO EN TERRENOS | AL11: PARA COMPENSACIÓN AMBIENTAL POR CAMBIO DE USO DEL SUELO EN TERRENOS | AT11: COMPENSACIÓN AMBIENTAL POR CAMBIO DE USO DE SUELO EN TERRENOS FORESTALES.
C12: ecológicas | K12: Jornalero o Peón. | L12: 300.68 | M12: 37.58 | V12: FORESTALES PARA EL ECOSISTEMA TEMPLADO FRÍO. | AD12: FORESTALES PARA EL ECOSISTEMA TROPICAL. | AL12: FORESTALES PARA LA ZONA DE HUMEDALES O TRANSICIÓN TIERRA MAR. | AT12: Concepto. | AU12: Costos de referencia, en pesos por hectárea, para las diferentes zonas
B13: Templada | C13: Tropical | D13: Árida | E13: Zona inundable o transición | K13: Brigada de topografía (topógrafo y estadalero). | L13: 1275.67 | M13: 159.46 | Q13: Actividad | R13: Unidad de Medida | S13: Costo Unitario ($) | V13: Tipo de actividad | W13: Actividad específica | X13: Unidad de | Y13: Costo | Z13: Cantidad | AA13: Costo ($) | AD13: Tipo de actividad | AE13: Actividad específica | AF13: Unidad de | AG13: Costo | AH13: Cantidad | AI13: Costo ($) | AU13: ecológicas
E14: tierra mar (humedales) | K14: Brigada de campo (proyectista y ayudante). | L14: 1952.55 | M14: 244.07 | Q14: Cercado con postes de madera | R14: Km | S14: 57495.3 | X14: medida | Y14: Unitario | Z14: mínima (ha) | AF14: medida | AG14: Unitario ($) | AH14: mínima ($) | AL14: Tipo de actividad | AM14: Actividad específica | AN14: Unidad de | AO14: Costo | AP14: Cantidad | AQ14: Costo ($) | AT14: Templada | AU14: Tropical | AV14: Árida | AW14: Zona inundable o transición tierra
B15: Actividades y obras de restauración o reforestación y su mantenimiento. | C15: 58647.44 | D15: 44382.98 | E15: 32714.84 | F15: 76880 | K15: Asesoría técnica especializada para supervisión de vivero forestal. | L15: 1301.7 | M15: 162.71 | Q15: Brechas corta fuego | R15: Km | S15: 7987.7 | Y15: ($) | AD15: Restauración de suelos | AE15: Terrazas individuales para reforestación. | AF15: Piezas | AG15: 12.92 | AH15: 417 | AI15: 5387.64 | AN15: medida | AO15: Unitario ($) | AP15: mínima ($) | AW15: mar (humedales)
K16: Los cargos por mano de obra se calculan multiplicando el costo de la mano de obra (especializada y no especializada) requerida para la realización de la actividad, por el consumo de mano de obra de la actividad o práctica que se va a realizar. | Q16: Zanja bordo manual | R16: M | S16: 29.83.85 | V16: Restauración de suelos | W16: Terrazas o zanjas a nivel construidas manualmente. | X16: m | Y16: 27.85 | Z16: 660 | AA16: 18381 | AD16: Reforestación | AE16: Producción de planta | AF16: Planta | AG16: 4.5 | AH16: 625 | AI16: 2812.5 | AL16: Reforestación | AM16: Terrazas individuales | AN16: Pieza | AO16: 12.92 | AP16: 2500 | AQ16: 32300 | AT16: Actividades y obras de restauración | AU16: 58647.44 | AV16: 44382.98 | AW16: 32714.84 | AX16: 76880
K17: Para el caso de las actividades realizadas con maquinaria los valores se calcularon empleando las fórmulas establecidas en el Reglamento de la Ley de Obras Públicas y Servicios Relacionados con las Mismas, a continuación se muestra un ejemplo de dichos cálculos: | Q17: Zanja bordo con maquinaria | R17: M | S17: 15.18 | V17: Restauración de suelos | W17: Terrazas individuales | X17: Pieza | Y17: 12.92 | Z17: 880 | AA17: 11369.6 | AD17: Transporte de planta | AE17: Planta | AF17: 0.55 | AG17: 625 | AH17: 343.75 | AL17: Producción de planta | AM17: Planta | AN17: 4.5 | AO17: 2500 | AP17: 11250 | AT17: o reforestación y su mantenimiento.
Q18: Roturación con bulldozer | R18: M | S18: 8.16 | V18: Reforestación | W18: Producción de planta | X18: Planta | Y18: 6 | Z18: 1100 | AA18: 6600 | AD18: Reforestación a cepa común | AE18: Planta | AF18: 7.89 | AG18: 625 | AH18: 4931.25 | AL18: Transporte de planta | AM18: Planta | AN18: 0.55 | AO18: 2500 | AP18: 1375
Q19: Zampeado seco | R19: metro cuadrado (m2) | S19: 169.45 | V19: Transporte de planta | W19: Planta | X19: 0.55 | Y19: 1100 | Z19: 605 | AD19: Mantenimiento 1er año. | AE19: Producción de planta para replante | AF19: Planta | AG19: 4.5 | AH19: 312 | AI19: 1404 | AL19: Reforestación | AM19: Planta | AN19: 3.32 | AO19: 2500 | AP19: 8300
B20: Cuadro 11. | Q20: Apertura de canales | R20: metro cubico (m3) | S20: 434.47 | V20: Reforestación con pala plantadora | W20: Planta | X20: 3.32 | Y20: 1100 | Z20: 3652 | AD20: Transporte de planta para replante | AE20: Planta | AF20: 0.55 | AG20: 312 | AH20: 171.6 | AL20: Mantenimiento 1er año. | AM20: Producción de planta para replante | AN20: Planta | AO20: 4.5 | AP20: 750 | AQ20: 5625
B21: COSTOS DE REFERENCIA PARA REFORESTACIÓN O RESTAURACIÓN Y SU MANTENIMIENTO PARA | Q21: Terrazas individuales | R21: Pieza | S21: 12.92 | V21: Mantenimiento 1er año. | W21: Producción de planta para replante | X21: Planta | Y21: 6 | Z21: 550 | AA21: 3300 | AD21: Reforestación de la planta | AE21: Planta | AF21: 7.89 | AG21: 312 | AH21: 2461.68 | AL21: Transporte de planta de replante | AM21: Planta | AN21: 0.55 | AO21: 750 | AP21: 687.5
B22: COMPENSACIÓN AMBIENTAL POR CAMBIO DE USO DE SUELO EN TERRENOS FORESTALES. | Q22: Reforestación con apertura de cepa común de 20 cm de diámetro por 30 cm de profundidad. | R22: Pieza | S22: 7.89 | V22: Transporte de planta de replante | W22: Planta | X22: 0.55 | Y22: 550 | Z22: 302.5 | AD22: Deshierbe en terrazas individuales | AE22: Deshierbe | AF22: 8.34 | AG22: 625 | AH22: 5212.5 | AL22: Reforestación de la planta de replante. | AM22: Planta | AN22: 3.32 | AO22: 750 | AP22: 4150
B23: Concepto. | C23: Costos de referencia, en pesos por hectárea, para las diferentes zonas | Q23: Reforestación usando pala plantadora | R23: Pieza | S23: 3.32 | V23: Reforestación de la planta de replante con pala plantadora. | W23: Planta | X23: 3.32 | Y23: 550 | Z23: 1826 | AD23: Mantenimiento 2do año | AE23: Producción de planta para replante | AF23: Planta | AG23: 4.5 | AH23: 188 | AI23: 846 | AL23: Mantenimiento 2do año. | AM23: Producción de planta para replante | AN23: Planta | AO23: 4.5 | AP23: 500 | AQ23: 3375
C24: ecológicas | Q24: Reforestación con pala plantadora en manglares | R24: Pieza | S24: 5.19 | V24: Mantenimiento 2do año. | W24: Producción de planta para replante | X24: Planta | Y24: 6 | Z24: 330 | AA24: 1980 | AD24: Transporte de planta para replante | AE24: Planta | AF24: 0.55 | AG24: 188 | AH24: 103.4 | AL24: Transporte de planta de replante | AM24: Planta | AN24: 0.55 | AO24: 500 | AP24: 412.5
B25: Templada | C25: Tropical | D25: Árida | E25: Zona inundable o transición tierra | Q25: Producción planta ciclo corto | R25: Pieza | S25: 4.5 | V25: Transporte de planta de replante | W25: Planta | X25: 0.55 | Y25: 330 | Z25: 181.5 | AD25: Reforestación de la planta | AE25: Planta | AF25: 7.89 | AG25: 188 | AH25: 1483.32 | AL25: Reforestación de la planta de replante. | AM25: Planta | AN25: 3.32 | AO25: 500 | AP25: 2490
E26: mar (humedales) | Q26: Producción planta ciclo largo | R26: Pieza | S26: 6 | V26: Reforestación de la planta de replante con pala plantadora. | W26: Planta | X26: 3.32 | Y26: 330 | Z26: 1095.6 | AD26: Deshierbe en terrazas individuales | AE26: Deshierbe | AF26: 8.34 | AG26: 625 | AH26: 5212.5 | AL26: Mantenimiento 3er año. | AM26: Producción de planta para replante | AN26: Planta | AO26: 4.5 | AP26: 250 | AQ26: 3375
B27: Actividades y obras de restauración | C27: 58647.44 | D27: 44382.98 | E27: 32714.84 | F27: 76880 | Q27: Transporte de planta | R27: Pieza | S27: 0.55 | V27: Mantenimiento 3er año. | W27: Producción de planta para replante | X27: Planta | Y27: 6 | Z27: 220 | AA27: 1320 | AD27: Mantenimiento 3er año. | AE27: Producción de planta para replante | AF27: Planta | AG27: 4.5 | AH27: 125 | AI27: 562.5 | AL27: Transporte de planta de replante | AM27: Planta | AN27: 0.55 | AO27: 250 | AP27: 412.5
B28: o reforestación y su mantenimiento. | Q28: Deshierbe circular en terrazas individuales | R28: Pieza | S28: 8.34 | V28: Transporte de planta de replante | W28: Planta | X28: 0.55 | Y28: 220 | Z28: 121 | AD28: Transporte de planta para replante | AE28: Planta | AF28: 0.55 | AG28: 125 | AH28: 68.75 | AL28: Reforestación de la planta de replante. | AM28: Planta | AN28: 3.32 | AO28: 250 | AP28: 2490
Q29: Asesoría técnica | R29: ha | S29: 2730 | V29: Reforestación de la planta de replante con pala plantadora. | W29: Planta | X29: 3.32 | Y29: 220 | Z29: 730.4 | AD29: Reforestación de la planta | AE29: Planta | AF29: 7.89 | AG29: 125 | AH29: 986.25 | AL29: Asistencia técnica | AM29: Asesoría técnica | AN29: Ha | AO29: 2730 | AP29: 1 | AQ29: 2730
V30: Protección | W30: Brechas cortafuego | X30: km | Y30: 7987.7 | Z30: 0.068 | AA30: 543.16 | AD30: Deshierbe en terrazas individuales | AE30: Deshierbe | AF30: 8.34 | AG30: 625 | AH30: 5212.5 | AL30: Total | AM30: 76880
V31: Cercado | W31: km | X31: 57495.3 | Y31: 0.068 | Z31: 3909.68 | AD31: Protección | AE31: Brechas cortafuego | AF31: Km | AG31: 7987.7 | AH31: 0.068 | AI31: 543.16
V32: Asistencia técnica | W32: Asesoría técnica | X32: Hectárea | Y32: 2730 | Z32: 1 | AA32: 2730 | AD32: Cercado | AE32: Km | AF32: 57495.3 | AG32: 0.068 | AH32: 3909.68
V33: Costo total | W33: 58647.44 | AD33: Asistencia técnica | AE33: Asesoría técnica | AF33: Hectárea | AG33: 2730 | AH33: 1 | AI33: 2730
AD34: Costo total | AE34: 44382.98
A40: Cuadro 1.
A41: AGRUPACIÓN DE LOS TIPOS DE VEGETACIÓN DE LA SERIE VII DE INEGI EN CUATRO
A42: ECOSISTEMAS, USADOS PARA LA DEFINICIÓN DE LOS COSTOS DE REFORESTACIÓN O
A43: RESTAURACIÓN Y SU MANTENIMIENTO PARA COMPENSACIÓN AMBIENTAL POR CAMBIO DE USO
A44: DEL SUELO EN TERRENOS FORESTALES.
A45: Ecosistema | B45: Tipos de vegetación dominante según la Serie II del INEGI (incluye la | C45: Grupo Climático
B46: vegetación secundaria de los mismos) | C46: Dominante, según
C47: Köppen modificado
C48: por E. Garcia.
A49: Templado | B49: Bosque Cultivado | C49: A(C)m, C(A)m, CW (Climas templado húmedos y subhúmedos con temperatura media del mes más frío entre -3 y 18 °C)
A50: Frío | B50: Bosque de Ayarín
B51: Bosque de Cedro
B52: Bosque de Encino
B53: Bosque de Encino-Pino
B54: Bosque de Oyamel
B55: Bosque de Pino
B56: Bosque de Pino-Encino
B57: Bosque de Táscate
B58: Bosque Inducido
B59: Bosque Mesófilo de Montaña
B60: Pradera de Alta Montaña
B61: Vegetación Secundaria Arbórea de Bosque de Ayarín
B62: Vegetación Secundaria Arbórea de Bosque de Cedro
... B86: Vegetación Secundaria Herbácea de Matorral de Coníferas
A89: Tropical | B89: Bosque Cultivado | C89: Am, Af, Aw; (Climas cálidos húmedos y subhúmedos, cuya temperatura del mes más frío es mayor a 18°C)
B90: Bosque Inducido
B91: Matorral Subtropical
B92: Mezquital Tropical
B93: Palmar Inducido
B94: Palmar Natural
B95: Pastizal Cultivado
B96: Pastizal Inducido
B97: Sabana
B98: Sabanoide
B99: Selva Alta Perennifolia
B100: Selva Alta Subperennifolia
B101: Selva Baja Caducifolia
... B146: Vegetación Secundaria Herbácea de Selva Mediana Subperennifolia
A149: Árido y | B149: Bosque de Mezquite | C149: Bs, Bw (Climas secos muy cálidos hasta secos con temperaturas semifrías.
A150: semiárido | B150: Chaparral
B151: Matorral Crasicaule
B152: Matorral Desértico Micrófilo
B153: Matorral Desértico Rosetófilo
B154: Matorral Espinoso Tamaulipeco
B155: Matorral Rosetófilo Costero
B156: Matorral Sarcocaule
B157: Matorral Sarco-Crasicaule
B158: Matorral Sarco-Crasicaule de Neblina
B159: Matorral Submontano
B160: Mezquital Xerófilo
B161: Pastizal Gipsófilo
B162: Pastizal Halófilo
... B193: Vegetación Secundaria Herbácea de Vegetación Halófila Xerófila
A194: Humedales y | B194: Bosque de Galería | C194: Climas predominantemente cálidos, aunque la vegetación de galería se presente en cualquier clima.
A195: transición | B195: Manglar
A196: tierra mar | B196: Matorral Rosetófilo Costero
B197: Popal
B198: Selva de Galería
B199: Tular
B200: Vegetación de Dunas Costeras
B201: Vegetación de Galería
B202: Vegetación de Petén
B203: Vegetación Halófila Hidrófila
B204: Vegetación Secundaria Arbórea de Bosque de Galería
B205: Vegetación Secundaria Arbórea de Manglar
B206: Vegetación Secundaria Arbórea de Selva de Galería
B207: Vegetación Secundaria Arbórea de Vegetación de Petén
B208: Vegetación Secundaria Arbustiva de Bosque de Galería
...

Sheet Deforestation by type
A1: Source: | B1: https://snmf.cnf.gob.mx/deforestacion/
B4: DEFORESTACIÓN POR TIPO DE ECORREGIÓN PROMEDIO ANUAL 2001-2023
B6: ECORREGIÓN | C6: DEFORESTACIÓN (ha/año)
B7: California Mediterránea | C7: 2472 | F7: Árido/semiárido | G7: =C7+C8-G10 -> 5602.36 | H7: =G7/$G$11 -> 0.026978003
B8: Desiertos de América del Norte | C8: 5207 | F8: Templado frío | G8: =C13+C9+C10 -> 57282 | H8: =G8/$G$11 -> 0.27583982
B9: Elevaciones Semiáridas Meridionales | C9: 9603 | F9: Tropical | G9: =C11+C12 -> 142703 | H9: =G9/$G$11 -> 0.68718218
B10: Grandes Planicies | C10: 12188 | F10: Humedal | G10: 2076.64 | H10: =G10/$G$11 -> 0.01
B11: Selvas Cálido-Húmedas | C11: 86701 | G11: =SUM(G7:G10) -> 207664
B12: Selvas Cálido-Secas | C12: 56002
B13: Sierras Templadas | C13: 35491
C15: =SUM(C7:C13) -> 207664

Sheet MXN to USD
A1: Tipo de cambio para solventar obligaciones denominadas en dólares de los EE.UU.A., pagaderas en la República Mexicana
A2: http://www.banxico.org.mx/portal-mercado-cambiario/
B4: AVERAGE PER YEAR
B5: Year | C5: MXN/USD
B6: 2006 | C6: =SUMIF($C$31:$C$4564,B6,$F$31:$F$4564)/COUNTIF($C$31:$C$4564,B6) -> 10.901017
B7: 2007 | C7: =SUMIF($C$31:$C$4564,B7,$F$31:$F$4564)/COUNTIF($C$31:$C$4564,B7) -> 10.926903
B8: 2008 | C8: =SUMIF($C$31:$C$4564,B8,$F$31:$F$4564)/COUNTIF($C$31:$C$4564,B8) -> 11.138302
B9: 2009 | C9: =SUMIF($C$31:$C$4564,B9,$F$31:$F$4564)/COUNTIF($C$31:$C$4564,B9) -> 13.509501
B10: 2010 | C10: =SUMIF($C$31:$C$4564,B10,$F$31:$F$4564)/COUNTIF($C$31:$C$4564,B10) -> 12.636678
B11: 2011 | C11: =SUMIF($C$31:$C$4564,B11,$F$31:$F$4564)/COUNTIF($C$31:$C$4564,B11) -> 12.427293
B12: 2012 | C12: =SUMIF($C$31:$C$4564,B12,$F$31:$F$4564)/COUNTIF($C$31:$C$4564,B12) -> 13.168532
B13: 2013 | C13: =SUMIF($C$31:$C$4564,B13,$F$31:$F$4564)/COUNTIF($C$31:$C$4564,B13) -> 12.767464
B14: 2014 | C14: =SUMIF($C$31:$C$4564,B14,$F$31:$F$4564)/COUNTIF($C$31:$C$4564,B14) -> 13.29829
B15: 2015 | C15: =SUMIF($C$31:$C$4564,B15,$F$31:$F$4564)/COUNTIF($C$31:$C$4564,B15) -> 15.854176
B16: 2016 | C16: =SUMIF($C$31:$C$4564,B16,$F$31:$F$4564)/COUNTIF($C$31:$C$4564,B16) -> 18.656701
B17: 2017 | C17: =SUMIF($C$31:$C$4564,B17,$F$31:$F$4564)/COUNTIF($C$31:$C$4564,B17) -> 18.929111
B18: 2018 | C18: =SUMIF($C$31:$C$4564,B18,$F$31:$F$4564)/COUNTIF($C$31:$C$4564,B18) -> 18.822825
B19: 2019 | C19: =SUMIF($J$31:$J$4564,B19,$M$31:$M$4564)/COUNTIF($J$31:$J$4564,B19) -> 19.26177
B20: 2020 | C20: =SUMIF($J$31:$J$4564,B20,$M$31:$M$4564)/COUNTIF($J$31:$J$4564,B20) -> 21.49609
B21: 2021 | C21: =SUMIF($J$31:$J$4564,B21,$M$31:$M$4564)/COUNTIF($J$31:$J$4564,B21) -> 20.281794
B22: 2022 | C22: =SUMIF($J$31:$J$4564,B22,$M$31:$M$4564)/COUNTIF($J$31:$J$4564,B22) -> 20.125
B23: 2023 | C23: =SUMIF($J$31:$J$4564,B23,$M$31:$M$4564)/COUNTIF($J$31:$J$4564,B23) -> 17.762
B24: 2024 | C24: =SUMIF($J$31:$J$4564,B24,$M$31:$M$4564)/COUNTIF($J$31:$J$4564,B24) -> 18.302356
B25: 2025 | C25: =SUMIF($J$31:$J$4564,B25,$M$31:$M$4564)/COUNTIF($J$31:$J$4564,B25) -> 20.518102
A27: 2006-2018 | H27: 2019-2024 | I27: https://www.banxico.org.mx/tipcamb/tipCamMIAction.do?idioma=sp
A28: Información diaria | H28: Información diaria
A29: Fecha | B29: Fecha corregida | C29: Año | D29: Determinación | E29: Publicación DOF | F29: Para solventar obligaciones | H29: Fecha | I29: Fecha corregida | J29: Año | K29: Determinación | L29: Publicación DOF | M29: Para solventar obligaciones
A31: 01/01/2006 | B31: =DATE(RIGHT(A31,4),LEFT(RIGHT(A31,7),2),LEFT(A31,2)) -> 38718 | C31: =YEAR(B31) -> 2006 | D31: N/E | E31: N/E | F31: 10.7109 | H31: 01/01/2019 | I31: =DATE(RIGHT(H31,4),LEFT(RIGHT(A31,7),2),LEFT(A31,2)) -> 43466 | J31: =YEAR(I31) -> 2019 | K31: N/E | L31: N/E | M31: 19.6566
A32: 02/01/2006 | B32: =DATE(RIGHT(A32,4),LEFT(RIGHT(A32,7),2),LEFT(A32,2)) -> 38719 | C32: =YEAR(B32) -> 2006 | D32: 10.6253 | E32: 10.6344 | F32: 10.7109 | H32: 02/01/2019 | I32: =DATE(RIGHT(H32,4),LEFT(RIGHT(A32,7),2),LEFT(A32,2)) -> 43467 | J32: =YEAR(I32) -> 2019 | K32: 19.5878 | L32: 19.6512 | M32: 19.6566
A33: 03/01/2006 | B33: =DATE(RIGHT(A33,4),LEFT(RIGHT(A33,7),2),LEFT(A33,2)) -> 38720 | C33: =YEAR(B33) -> 2006 | D33: 10.6455 | E33: 10.6253 | F33: 10.6344 | H33: 03/01/2019 | I33: =DATE(RIGHT(H33,4),LEFT(RIGHT(A33,7),2),LEFT(A33,2)) -> 43468 | J33: =YEAR(I33) -> 2019 | K33: 19.6073 | L33: 19.5878 | M33: 19.6512
A34: 04/01/2006 | B34: =DATE(RIGHT(A34,4),LEFT(RIGHT(A34,7),2),LEFT(A34,2)) -> 38721 | C34: =YEAR(B34) -> 2006 | D34: 10.5815 | E34: 10.6455 | F34: 10.6253 | H34: 04/01/2019 | I34: =DATE(RIGHT(H34,4),LEFT(RIGHT(A34,7),2),LEFT(A34,2)) -> 43469 | J34: =YEAR(I34) -> 2019 | K34: 19.4902 | L34: 19.6073 | M34: 19.5878
A35: 05/01/2006 | B35: =DATE(RIGHT(A35,4),LEFT(RIGHT(A35,7),2),LEFT(A35,2)) -> 38722 | C35: =YEAR(B35) -> 2006 | D35: 10.5907 | E35: 10.5815 | F35: 10.6455 | H35: 05/01/2019 | I35: =DATE(RIGHT(H35,4),LEFT(RIGHT(A35,7),2),LEFT(A35,2)) -> 43470 | J35: =YEAR(I35) -> 2019 | K35: N/E | L35: N/E | M35: 19.6073
A36: 06/01/2006 | B36: =DATE(RIGHT(A36,4),LEFT(RIGHT(A36,7),2),LEFT(A36,2)) -> 38723 | C36: =YEAR(B36) -> 2006 | D36: 10.5726 | E36: 10.5907 | F36: 10.5815 | H36: 06/01/2019 | I36: =DATE(RIGHT(H36,4),LEFT(RIGHT(A36,7),2),LEFT(A36,2)) -> 43471 | J36: =YEAR(I36) -> 2019 | K36: N/E | L36: N/E | M36: 19.6073
A37: 07/01/2006 | B37: =DATE(RIGHT(A37,4),LEFT(RIGHT(A37,7),2),LEFT(A37,2)) -> 38724 | C37: =YEAR(B37) -> 2006 | D37: N/E | E37: N/E | F37: 10.5907 | H37: 07/01/2019 | I37: =DATE(RIGHT(H37,4),LEFT(RIGHT(A37,7),2),LEFT(A37,2)) -> 43472 | J37: =YEAR(I37) -> 2019 | K37: 19.3208 | L37: 19.4902 | M37: 19.6073
A38: 08/01/2006 | B38: =DATE(RIGHT(A38,4),LEFT(RIGHT(A38,7),2),LEFT(A38,2)) -> 38725 | C38: =YEAR(B38) -> 2006 | D38: N/E | E38: N/E | F38: 10.5907 | H38: 08/01/2019 | I38: =DATE(RIGHT(H38,4),LEFT(RIGHT(A38,7),2),LEFT(A38,2)) -> 43473 | J38: =YEAR(I38) -> 2019 | K38: 19.3479 | L38: 19.3208 | M38: 19.4902
A39: 09/01/2006 | B39: =DATE(RIGHT(A39,4),LEFT(RIGHT(A39,7),2),LEFT(A39,2)) -> 38726 | C39: =YEAR(B39) -> 2006 | D39: 10.5446 | E39: 10.5726 | F39: 10.5907 | H39: 09/01/2019 | I39: =DATE(RIGHT(H39,4),LEFT(RIGHT(A39,7),2),LEFT(A39,2)) -> 43474 | J39: =YEAR(I39) -> 2019 | K39: 19.2456 | L39: 19.3479 | M39: 19.3208
A40: 10/01/2006 | B40: =DATE(RIGHT(A40,4),LEFT(RIGHT(A40,7),2),LEFT(A40,2)) -> 38727 | C40: =YEAR(B40) -> 2006 | D40: 10.599 | E40: 10.5446 | F40: 10.5726 | H40: 10/01/2019 | I40: =DATE(RIGHT(H40,4),LEFT(RIGHT(A40,7),2),LEFT(A40,2)) -> 43475 | J40: =YEAR(I40) -> 2019 | K40: 19.1714 | L40: 19.2456 | M40: 19.3479
A41: 11/01/2006 | B41: =DATE(RIGHT(A41,4),LEFT(RIGHT(A41,7),2),LEFT(A41,2)) -> 38728 | C41: =YEAR(B41) -> 2006 | D41: 10.6097 | E41: 10.599 | F41: 10.5446 | H41: 11/01/2019 | I41: =DATE(RIGHT(H41,4),LEFT(RIGHT(A41,7),2),LEFT(A41,2)) -> 43476 | J41: =YEAR(I41) -> 2019 | K41: 19.1236 | L41: 19.1714 | M41: 19.2456
A42: 12/01/2006 | B42: =DATE(RIGHT(A42,4),LEFT(RIGHT(A42,7),2),LEFT(A42,2)) -> 38729 | C42: =YEAR(B42) -> 2006 | D42: 10.5732 | E42: 10.6097 | F42: 10.599 | H42: 12/01/2019 | I42: =DATE(RIGHT(H42,4),LEFT(RIGHT(A42,7),2),LEFT(A42,2)) -> 43477 | J42: =YEAR(I42) -> 2019 | K42: N/E | L42: N/E | M42: 19.1714
A43: 13/01/2006 | B43: =DATE(RIGHT(A43,4),LEFT(RIGHT(A43,7),2),LEFT(A43,2)) -> 38730 | C43: =YEAR(B43) -> 2006 | D43: 10.5752 | E43: 10.5732 | F43: 10.6097 | H43: 13/01/2019 | I43: =DATE(RIGHT(H43,4),LEFT(RIGHT(A43,7),2),LEFT(A43,2)) -> 43478 | J43: =YEAR(I43) -> 2019 | K43: N/E | L43: N/E | M43: 19.1714
A44: 14/01/2006 | B44: =DATE(RIGHT(A44,4),LEFT(RIGHT(A44,7),2),LEFT(A44,2)) -> 38731 | C44: =YEAR(B44) -> 2006 | D44: N/E | E44: N/E | F44: 10.5732 | H44: 14/01/2019 | I44: =DATE(RIGHT(H44,4),LEFT(RIGHT(A44,7),2),LEFT(A44,2)) -> 43479 | J44: =YEAR(I44) -> 2019 | K44: 19.0064 | L44: 19.1236 | M44: 19.1714
A45: 15/01/2006 | B45: =DATE(RIGHT(A45,4),LEFT(RIGHT(A45,7),2),LEFT(A45,2)) -> 38732 | C45: =YEAR(B45) -> 2006 | D45: N/E | E45: N/E | F45: 10.5732 | H45: 15/01/2019 | I45: =DATE(RIGHT(H45,4),LEFT(RIGHT(A45,7),2),LEFT(A45,2)) -> 43480 | J45: =YEAR(I45) -> 2019 | K45: 19.0457 | L45: 19.0064 | M45: 19.1236
A46: 16/01/2006 | B46: =DATE(RIGHT(A46,4),LEFT(RIGHT(A46,7),2),LEFT(A46,2)) -> 38733 | C46: =YEAR(B46) -> 2006 | D46: 10.559 | E46: 10.5752 | F46: 10.5732 | H46: 16/01/2019 | I46: =DATE(RIGHT(H46,4),LEFT(RIGHT(A46,7),2),LEFT(A46,2)) -> 43481 | J46: =YEAR(I46) -> 2019 | K46: 18.9908 | L46: 19.0457 | M46: 19.0064
A47: 17/01/2006 | B47: =DATE(RIGHT(A47,4),LEFT(RIGHT(A47,7),2),LEFT(A47,2)) -> 38734 | C47: =YEAR(B47) -> 2006 | D47: 10.5372 | E47: 10.559 | F47: 10.5752 | H47: 17/01/2019 | I47: =DATE(RIGHT(H47,4),LEFT(RIGHT(A47,7),2),LEFT(A47,2)) -> 43482 | J47: =YEAR(I47) -> 2019 | K47: 19.063 | L47: 18.9908 | M47: 19.0457
A48: 18/01/2006 | B48: =DATE(RIGHT(A48,4),LEFT(RIGHT(A48,7),2),LEFT(A48,2)) -> 38735 | C48: =YEAR(B48) -> 2006 | D48: 10.5778 | E48: 10.5372 | F48: 10.559 | H48: 18/01/2019 | I48: =DATE(RIGHT(H48,4),LEFT(RIGHT(A48,7),2),LEFT(A48,2)) -> 43483 | J48: =YEAR(I48) -> 2019 | K48: 19.0844 | L48: 19.063 | M48: 18.9908
A49: 19/01/2006 | B49: =DATE(RIGHT(A49,4),LEFT(RIGHT(A49,7),2),LEFT(A49,2)) -> 38736 | C49: =YEAR(B49) -> 2006 | D49: 10.5589 | E49: 10.5778 | F49: 10.5372 | H49: 19/01/2019 | I49: =DATE(RIGHT(H49,4),LEFT(RIGHT(A49,7),2),LEFT(A49,2)) -> 43484 | J49: =YEAR(I49) -> 2019 | K49: N/E | L49: N/E | M49: 19.063
A50: 20/01/2006 | B50: =DATE(RIGHT(A50,4),LEFT(RIGHT(A50,7),2),LEFT(A50,2)) -> 38737 | C50: =YEAR(B50) -> 2006 | D50: 10.5078 | E50: 10.5589 | F50: 10.5778 | H50: 20/01/2019 | I50: =DATE(RIGHT(H50,4),LEFT(RIGHT(A50,7),2),LEFT(A50,2)) -> 43485 | J50: =YEAR(I50) -> 2019 | K50: N/E | L50: N/E | M50: 19.063
A51: 21/01/2006 | B51: =DATE(RIGHT(A51,4),LEFT(RIGHT(A51,7),2),LEFT(A51,2)) -> 38738 | C51: =YEAR(B51) -> 2006 | D51: N/E | E51: N/E | F51: 10.5589 | H51: 21/01/2019 | I51: =DATE(RIGHT(H51,4),LEFT(RIGHT(A51,7),2),LEFT(A51,2)) -> 43486 | J51: =YEAR(I51) -> 2019 | K51: 19.1902 | L51: 19.0844 | M51: 19.063
A52: 22/01/2006 | B52: =DATE(RIGHT(A52,4),LEFT(RIGHT(A52,7),2),LEFT(A52,2)) -> 38739 | C52: =YEAR(B52) -> 2006 | D52: N/E | E52: N/E | F52: 10.5589 | H52: 22/01/2019 | I52: =DATE(RIGHT(H52,4),LEFT(RIGHT(A52,7),2),LEFT(A52,2)) -> 43487 | J52: =YEAR(I52) -> 2019 | K52: 19.1297 | L52: 19.1902 | M52: 19.0844
A53: 23/01/2006 | B53: =DATE(RIGHT(A53,4),LEFT(RIGHT(A53,7),2),LEFT(A53,2)) -> 38740 | C53: =YEAR(B53) -> 2006 | D53: 10.5208 | E53: 10.5078 | F53: 10.5589 | H53: 23/01/2019 | I53: =DATE(RIGHT(H53,4),LEFT(RIGHT(A53,7),2),LEFT(A53,2)) -> 43488 | J53: =YEAR(I53) -> 2019 | K53: 19.0771 | L53: 19.1297 | M53: 19.1902
A54: 24/01/2006 | B54: =DATE(RIGHT(A54,4),LEFT(RIGHT(A54,7),2),LEFT(A54,2)) -> 38741 | C54: =YEAR(B54) -> 2006 | D54: 10.5063 | E54: 10.5208 | F54: 10.5078 | H54: 24/01/2019 | I54: =DATE(RIGHT(H54,4),LEFT(RIGHT(A54,7),2),LEFT(A54,2)) -> 43489 | J54: =YEAR(I54) -> 2019 | K54: 18.9859 | L54: 19.0771 | M54: 19.1297
A55: 25/01/2006 | B55: =DATE(RIGHT(A55,4),LEFT(RIGHT(A55,7),2),LEFT(A55,2)) -> 38742 | C55: =YEAR(B55) -> 2006 | D55: 10.5004 | E55: 10.5063 | F55: 10.5208 | H55: 25/01/2019 | I55: =DATE(RIGHT(H55,4),LEFT(RIGHT(A55,7),2),LEFT(A55,2)) -> 43490 | J55: =YEAR(I55) -> 2019 | K55: 18.928 | L55: 18.9859 | M55: 19.0771
A56: 26/01/2006 | B56: =DATE(RIGHT(A56,4),LEFT(RIGHT(A56,7),2),LEFT(A56,2)) -> 38743 | C56: =YEAR(B56) -> 2006 | D56: 10.5039 | E56: 10.5004 | F56: 10.5063 | H56: 26/01/2019 | I56: =DATE(RIGHT(H56,4),LEFT(RIGHT(A56,7),2),LEFT(A56,2)) -> 43491 | J56: =YEAR(I56) -> 2019 | K56: N/E | L56: N/E | M56: 18.9859
A57: 27/01/2006 | B57: =DATE(RIGHT(A57,4),LEFT(RIGHT(A57,7),2),LEFT(A57,2)) -> 38744 | C57: =YEAR(B57) -> 2006 | D57: 10.4598 | E57: 10.5039 | F57: 10.5004 | H57: 27/01/2019 | I57: =DATE(RIGHT(H57,4),LEFT(RIGHT(A57,7),2),LEFT(A57,2)) -> 43492 | J57: =YEAR(I57) -> 2019 | K57: N/E | L57: N/E | M57: 18.9859
A58: 28/01/2006 | B58: =DATE(RIGHT(A58,4),LEFT(RIGHT(A58,7),2),LEFT(A58,2)) -> 38745 | C58: =YEAR(B58) -> 2006 | D58: N/E | E58: N/E | F58: 10.5039 | H58: 28/01/2019 | I58: =DATE(RIGHT(H58,4),LEFT(RIGHT(A58,7),2),LEFT(A58,2)) -> 43493 | J58: =YEAR(I58) -> 2019 | K58: 19.0381 | L58: 18.928 | M58: 18.9859
A59: 29/01/2006 | B59: =DATE(RIGHT(A59,4),LEFT(RIGHT(A59,7),2),LEFT(A59,2)) -> 38746 | C59: =YEAR(B59) -> 2006 | D59: N/E | E59: N/E | F59: 10.5039 | H59: 29/01/2019 | I59: =DATE(RIGHT(H59,4),LEFT(RIGHT(A59,7),2),LEFT(A59,2)) -> 43494 | J59: =YEAR(I59) -> 2019 | K59: 18.9972 | L59: 19.0381 | M59: 18.928
A60: 30/01/2006 | B60: =DATE(RIGHT(A60,4),LEFT(RIGHT(A60,7),2),LEFT(A60,2)) -> 38747 | C60: =YEAR(B60) -> 2006 | D60: 10.4416 | E60: 10.4598 | F60: 10.5039 | H60: 30/01/2019 | I60: =DATE(RIGHT(H60,4),LEFT(RIGHT(A60,7),2),LEFT(A60,2)) -> 43495 | J60: =YEAR(I60) -> 2019 | K60: 19.1623 | L60: 18.9972 | M60: 19.0381
A61: 31/01/2006 | B61: =DATE(RIGHT(A61,4),LEFT(RIGHT(A61,7),2),LEFT(A61,2)) -> 38748 | C61: =YEAR(B61) -> 2006 | D61: 10.4433 | E61: 10.4416 | F61: 10.4598 | H61: 31/01/2019 | I61: =DATE(RIGHT(H61,4),LEFT(RIGHT(A61,7),2),LEFT(A61,2)) -> 43496 | J61: =YEAR(I61) -> 2019 | K61: 19.0388 | L61: 19.1623 | M61: 18.9972
A62: 01/02/2006 | B62: =DATE(RIGHT(A62,4),LEFT(RIGHT(A62,7),2),LEFT(A62,2)) -> 38749 | C62: =YEAR(B62) -> 2006 | D62: 10.4303 | E62: 10.4433 | F62: 10.4416 | H62: 01/02/2019 | I62: =DATE(RIGHT(H62,4),LEFT(RIGHT(A62,7),2),LEFT(A62,2)) -> 43497 | J62: =YEAR(I62) -> 2019 | K62: 19.1098 | L62: 19.0388 | M62: 19.1623
A63: 02/02/2006 | B63: =DATE(RIGHT(A63,4),LEFT(RIGHT(A63,7),2),LEFT(A63,2)) -> 38750 | C63: =YEAR(B63) -> 2006 | D63: 10.4805 | E63: 10.4303 | F63: 10.4433 | H63: 02/02/2019 | I63: =DATE(RIGHT(H63,4),LEFT(RIGHT(A63,7),2),LEFT(A63,2)) -> 43498 | J63: =YEAR(I63) -> 2019 | K63: N/E | L63: N/E | M63: 19.0388
A64: 03/02/2006 | B64: =DATE(RIGHT(A64,4),LEFT(RIGHT(A64,7),2),LEFT(A64,2)) -> 38751 | C64: =YEAR(B64) -> 2006 | D64: 10.4981 | E64: 10.4805 | F64: 10.4303 | H64: 03/02/2019 | I64: =DATE(RIGHT(H64,4),LEFT(RIGHT(A64,7),2),LEFT(A64,2)) -> 43499 | J64: =YEAR(I64) -> 2019 | K64: N/E | L64: N/E | M64: 19.0388
A65: 04/02/2006 | B65: =DATE(RIGHT(A65,4),LEFT(RIGHT(A65,7),2),LEFT(A65,2)) -> 38752 | C65: =YEAR(B65) -> 2006 | D65: N/E | E65: N/E | F65: 10.4805 | H65: 04/02/2019 | I65: =DATE(RIGHT(H65,4),LEFT(RIGHT(A65,7),2),LEFT(A65,2)) -> 43500 | J65: =YEAR(I65) -> 2019 | K65: N/E | L65: N/E | M65: 19.0388
A66: 05/02/2006 | B66: =DATE(RIGHT(A66,4),LEFT(RIGHT(A66,7),2),LEFT(A66,2)) -> 38753 | C66: =YEAR(B66) -> 2006 | D66: N/E | E66: N/E | F66: 10.4805 | H66: 05/02/2019 | I66: =DATE(RIGHT(H66,4),LEFT(RIGHT(A66,7),2),LEFT(A66,2)) -> 43501 | J66: =YEAR(I66) -> 2019 | K66: 19.0824 | L66: 19.1098 | M66: 19.0388
A67: 06/02/2006 | B67: =DATE(RIGHT(A67,4),LEFT(RIGHT(A67,7),2),LEFT(A67,2)) -> 38754 | C67: =YEAR(B67) -> 2006 | D67: N/E | E67: N/E | F67: 10.4805 | H67: 06/02/2019 | I67: =DATE(RIGHT(H67,4),LEFT(RIGHT(A67,7),2),LEFT(A67,2)) -> 43502 | J67: =YEAR(I67) -> 2019 | K67: 19.1058 | L67: 19.0824 | M67: 19.1098
A68: 07/02/2006 | B68: =DATE(RIGHT(A68,4),LEFT(RIGHT(A68,7),2),LEFT(A68,2)) -> 38755 | C68: =YEAR(B68) -> 2006 | D68: 10.4758 | E68: 10.4981 | F68: 10.4805 | H68: 07/02/2019 | I68: =DATE(RIGHT(H68,4),LEFT(RIGHT(A68,7),2),LEFT(A68,2)) -> 43503 | J68: =YEAR(I68) -> 2019 | K68: 19.08 | L68: 19.1058 | M68: 19.0824
A69: 08/02/2006 | B69: =DATE(RIGHT(A69,4),LEFT(RIGHT(A69,7),2),LEFT(A69,2)) -> 38756 | C69: =YEAR(B69) -> 2006 | D69: 10.5277 | E69: 10.4758 | F69: 10.4981 | H69: 08/02/2019 | I69: =DATE(RIGHT(H69,4),LEFT(RIGHT(A69,7),2),LEFT(A69,2)) -> 43504 | J69: =YEAR(I69) -> 2019 | K69: 19.0893 | L69: 19.08 | M69: 19.1058
A70: 09/02/2006 | B70: =DATE(RIGHT(A70,4),LEFT(RIGHT(A70,7),2),LEFT(A70,2)) -> 38757 | C70: =YEAR(B70) -> 2006 | D70: 10.4803 | E70: 10.5277 | F70: 10.4758 | H70: 09/02/2019 | I70: =DATE(RIGHT(H70,4),LEFT(RIGHT(A70,7),2),LEFT(A70,2)) -> 43505 | J70: =YEAR(I70) -> 2019 | K70: N/E | L70: N/E | M70: 19.08
A71: 10/02/2006 | B71: =DATE(RIGHT(A71,4),LEFT(RIGHT(A71,7),2),LEFT(A71,2)) -> 38758 | C71: =YEAR(B71) -> 2006 | D71: 10.487 | E71: 10.4803 | F71: 10.5277 | H71: 10/02/2019 | I71: =DATE(RIGHT(H71,4),LEFT(RIGHT(A71,7),2),LEFT(A71,2)) -> 43506 | J71: =YEAR(I71) -> 2019 | K71: N/E | L71: N/E | M71: 19.08
A72: 11/02/2006 | B72: =DATE(RIGHT(A72,4),LEFT(RIGHT(A72,7),2),LEFT(A72,2)) -> 38759 | C72: =YEAR(B72) -> 2006 | D72: N/E | E72: N/E | F72: 10.4803 | H72: 11/02/2019 | I72: =DATE(RIGHT(H72,4),LEFT(RIGHT(A72,7),2),LEFT(A72,2)) -> 43507 | J72: =YEAR(I72) -> 2019 | K72: 19.2524 | L72: 19.0893 | M72: 19.08
A73: 12/02/2006 | B73: =DATE(RIGHT(A73,4),LEFT(RIGHT(A73,7),2),LEFT(A73,2)) -> 38760 | C73: =YEAR(B73) -> 2006 | D73: N/E | E73: N/E | F73: 10.4803 | H73: 12/02/2019 | I73: =DATE(RIGHT(H73,4),LEFT(RIGHT(A73,7),2),LEFT(A73,2)) -> 43508 | J73: =YEAR(I73) -> 2019 | K73: 19.2592 | L73: 19.2524 | M73: 19.0893
A74: 13/02/2006 | B74: =DATE(RIGHT(A74,4),LEFT(RIGHT(A74,7),2),LEFT(A74,2)) -> 38761 | C74: =YEAR(B74) -> 2006 | D74: 10.5258 | E74: 10.487 | F74: 10.4803 | H74: 13/02/2019 | I74: =DATE(RIGHT(H74,4),LEFT(RIGHT(A74,7),2),LEFT(A74,2)) -> 43509 | J74: =YEAR(I74) -> 2019 | K74: 19.4084 | L74: 19.2592 | M74: 19.2524
A75: 14/02/2006 | B75: =DATE(RIGHT(A75,4),LEFT(RIGHT(A75,7),2),LEFT(A75,2)) -> 38762 | C75: =YEAR(B75) -> 2006 | D75: 10.5249 | E75: 10.5258 | F75: 10.487 | H75: 14/02/2019 | I75: =DATE(RIGHT(H75,4),LEFT(RIGHT(A75,7),2),LEFT(A75,2)) -> 43510 | J75: =YEAR(I75) -> 2019 | K75: 19.3569 | L75: 19.4084 | M75: 19.2592
A76: 15/02/2006 | B76: =DATE(RIGHT(A76,4),LEFT(RIGHT(A76,7),2),LEFT(A76,2)) -> 38763 | C76: =YEAR(B76) -> 2006 | D76: 10.517 | E76: 10.5249 | F76: 10.5258 | H76: 15/02/2019 | I76: =DATE(RIGHT(H76,4),LEFT(RIGHT(A76,7),2),LEFT(A76,2)) -> 43511 | J76: =YEAR(I76) -> 2019 | K76: 19.3625 | L76: 19.3569 | M76: 19.4084
A77: 16/02/2006 | B77: =DATE(RIGHT(A77,4),LEFT(RIGHT(A77,7),2),LEFT(A77,2)) -> 38764 | C77: =YEAR(B77) -> 2006 | D77: 10.5175 | E77: 10.517 | F77: 10.5249 | H77: 16/02/2019 | I77: =DATE(RIGHT(H77,4),LEFT(RIGHT(A77,7),2),LEFT(A77,2)) -> 43512 | J77: =YEAR(I77) -> 2019 | K77: N/E | L77: N/E | M77: 19.3569
A78: 17/02/2006 | B78: =DATE(RIGHT(A78,4),LEFT(RIGHT(A78,7),2),LEFT(A78,2)) -> 38765 | C78: =YEAR(B78) -> 2006 | D78: 10.4528 | E78: 10.5175 | F78: 10.517 | H78: 17/02/2019 | I78: =DATE(RIGHT(H78,4),LEFT(RIGHT(A78,7),2),LEFT(A78,2)) -> 43513 | J78: =YEAR(I78) -> 2019 | K78: N/E | L78: N/E | M78: 19.3569
A79: 18/02/2006 | B79: =DATE(RIGHT(A79,4),LEFT(RIGHT(A79,7),2),LEFT(A79,2)) -> 38766 | C79: =YEAR(B79) -> 2006 | D79: N/E | E79: N/E | F79: 10.5175 | H79: 18/02/2019 | I79: =DATE(RIGHT(H79,4),LEFT(RIGHT(A79,7),2),LEFT(A79,2)) -> 43514 | J79: =YEAR(I79) -> 2019 | K79: 19.2578 | L79: 19.3625 | M79: 19.3569
A80: 19/02/2006 | B80: =DATE(RIGHT(A80,4),LEFT(RIGHT(A80,7),2),LEFT(A80,2)) -> 38767 | C80: =YEAR(B80) -> 2006 | D80: N/E | E80: N/E | F80: 10.5175 | H80: 19/02/2019 | I80: =DATE(RIGHT(H80,4),LEFT(RIGHT(A80,7),2),LEFT(A80,2)) -> 43515 | J80: =YEAR(I80) -> 2019 | K80: 19.1778 | L80: 19.2578 | M80: 19.3625
A81: 20/02/2006 | B81: =DATE(RIGHT(A81,4),LEFT(RIGHT(A81,7),2),LEFT(A81,2)) -> 38768 | C81: =YEAR(B81) -> 2006 | D81: 10.4401 | E81: 10.4528 | F81: 10.5175 | H81: 20/02/2019 | I81: =DATE(RIGHT(H81,4),LEFT(RIGHT(A81,7),2),LEFT(A81,2)) -> 43516 | J81: =YEAR(I81) -> 2019 | K81: 19.1835 | L81: 19.1778 | M81: 19.2578
A82: 21/02/2006 | B82: =DATE(RIGHT(A82,4),LEFT(RIGHT(A82,7),2),LEFT(A82,2)) -> 38769 | C82: =YEAR(B82) -> 2006 | D82: 10.4388 | E82: 10.4401 | F82: 10.4528 | H82: 21/02/2019 | I82: =DATE(RIGHT(H82,4),LEFT(RIGHT(A82,7),2),LEFT(A82,2)) -> 43517 | J82: =YEAR(I82) -> 2019 | K82: 19.2652 | L82: 19.1835 | M82: 19.1778
A83: 22/02/2006 | B83: =DATE(RIGHT(A83,4),LEFT(RIGHT(A83,7),2),LEFT(A83,2)) -> 38770 | C83: =YEAR(B83) -> 2006 | D83: 10.499 | E83: 10.4388 | F83: 10.4401 | H83: 22/02/2019 | I83: =DATE(RIGHT(H83,4),LEFT(RIGHT(A83,7),2),LEFT(A83,2)) -> 43518 | J83: =YEAR(I83) -> 2019 | K83: 19.1394 | L83: 19.2652 | M83: 19.1835
A84: 23/02/2006 | B84: =DATE(RIGHT(A84,4),LEFT(RIGHT(A84,7),2),LEFT(A84,2)) -> 38771 | C84: =YEAR(B84) -> 2006 | D84: 10.4885 | E84: 10.499 | F84: 10.4388 | H84: 23/02/2019 | I84: =DATE(RIGHT(H84,4),LEFT(RIGHT(A84,7),2),LEFT(A84,2)) -> 43519 | J84: =YEAR(I84) -> 2019 | K84: N/E | L84: N/E | M84: 19.2652
A85: 24/02/2006 | B85: =DATE(RIGHT(A85,4),LEFT(RIGHT(A85,7),2),LEFT(A85,2)) -> 38772 | C85: =YEAR(B85) -> 2006 | D85: 10.4761 | E85: 10.4885 | F85: 10.499 | H85: 24/02/2019 | I85: =DATE(RIGHT(H85,4),LEFT(RIGHT(A85,7),2),LEFT(A85,2)) -> 43520 | J85: =YEAR(I85) -> 2019 | K85: N/E | L85: N/E | M85: 19.2652
A86: 25/02/2006 | B86: =DATE(RIGHT(A86,4),LEFT(RIGHT(A86,7),2),LEFT(A86,2)) -> 38773 | C86: =YEAR(B86) -> 2006 | D86: N/E | E86: N/E | F86: 10.4885 | H86: 25/02/2019 | I86: =DATE(RIGHT(H86,4),LEFT(RIGHT(A86,7),2),LEFT(A86,2)) -> 43521 | J86: =YEAR(I86) -> 2019 | K86: 19.1185 | L86: 19.1394 | M86: 19.2652
A87: 26/02/2006 | B87: =DATE(RIGHT(A87,4),LEFT(RIGHT(A87,7),2),LEFT(A87,2)) -> 38774 | C87: =YEAR(B87) -> 2006 | D87: N/E | E87: N/E | F87: 10.4885 | H87: 26/02/2019 | I87: =DATE(RIGHT(H87,4),LEFT(RIGHT(A87,7),2),LEFT(A87,2)) -> 43522 | J87: =YEAR(I87) -> 2019 | K87: 19.163 | L87: 19.1185 | M87: 19.1394
A88: 27/02/2006 | B88: =DATE(RIGHT(A88,4),LEFT(RIGHT(A88,7),2),LEFT(A88,2)) -> 38775 | C88: =YEAR(B88) -> 2006 | D88: 10.4661 | E88: 10.4761 | F88: 10.4885 | H88: 27/02/2019 | I88: =DATE(RIGHT(H88,4),LEFT(RIGHT(A88,7),2),LEFT(A88,2)) -> 43523 | J88: =YEAR(I88) -> 2019 | K88: 19.2201 | L88: 19.163 | M88: 19.1185
A89: 28/02/2006 | B89: =DATE(RIGHT(A89,4),LEFT(RIGHT(A89,7),2),LEFT(A89,2)) -> 38776 | C89: =YEAR(B89) -> 2006 | D89: 10.456 | E89: 10.4661 | F89: 10.4761 | H89: 28/02/2019 | I89: =DATE(RIGHT(H89,4),LEFT(RIGHT(A89,7),2),LEFT(A89,2)) -> 43524 | J89: =YEAR(I89) -> 2019 | K89: 19.2607 | L89: 19.2201 | M89: 19.163
A90: 01/03/2006 | B90: =DATE(RIGHT(A90,4),LEFT(RIGHT(A90,7),2),LEFT(A90,2)) -> 38777 | C90: =YEAR(B90) -> 2006 | D90: 10.4673 | E90: 10.456 | F90: 10.4661 | H90: 01/03/2019 | I90: =DATE(RIGHT(H90,4),LEFT(RIGHT(A90,7),2),LEFT(A90,2)) -> 43525 | J90: =YEAR(I90) -> 2019 | K90: 19.2978 | L90: 19.2607 | M90: 19.2201
A91: 02/03/2006 | B91: =DATE(RIGHT(A91,4),LEFT(RIGHT(A91,7),2),LEFT(A91,2)) -> 38778 | C91: =YEAR(B91) -> 2006 | D91: 10.5113 | E91: 10.4673 | F91: 10.456 | H91: 02/03/2019 | I91: =DATE(RIGHT(H91,4),LEFT(RIGHT(A91,7),2),LEFT(A91,2)) -> 43526 | J91: =YEAR(I91) -> 2019 | K91: N/E | L91: N/E | M91: 19.2607
A92: 03/03/2006 | B92: =DATE(RIGHT(A92,4),LEFT(RIGHT(A92,7),2),LEFT(A92,2)) -> 38779 | C92: =YEAR(B92) -> 2006 | D92: 10.5759 | E92: 10.5113 | F92: 10.4673 | H92: 03/03/2019 | I92: =DATE(RIGHT(H92,4),LEFT(RIGHT(A92,7),2),LEFT(A92,2)) -> 43527 | J92: =YEAR(I92) -> 2019 | K92: N/E | L92: N/E | M92: 19.2607
A93: 04/03/2006 | B93: =DATE(RIGHT(A93,4),LEFT(RIGHT(A93,7),2),LEFT(A93,2)) -> 38780 | C93: =YEAR(B93) -> 2006 | D93: N/E | E93: N/E | F93: 10.5113 | H93: 04/03/2019 | I93: =DATE(RIGHT(H93,4),LEFT(RIGHT(A93,7),2),LEFT(A93,2)) -> 43528 | J93: =YEAR(I93) -> 2019 | K93: 19.3039 | L93: 19.2978 | M93: 19.2607
A94: 05/03/2006 | B94: =DATE(RIGHT(A94,4),LEFT(RIGHT(A94,7),2),LEFT(A94,2)) -> 38781 | C94: =YEAR(B94) -> 2006 | D94: N/E | E94: N/E | F94: 10.5113 | H94: 05/03/2019 | I94: =DATE(RIGHT(H94,4),LEFT(RIGHT(A94,7),2),LEFT(A94,2)) -> 43529 | J94: =YEAR(I94) -> 2019 | K94: 19.2597 | L94: 19.3039 | M94: 19.2978
A95: 06/03/2006 | B95: =DATE(RIGHT(A95,4),LEFT(RIGHT(A95,7),2),LEFT(A95,2)) -> 38782 | C95: =YEAR(B95) -> 2006 | D95: 10.6118 | E95: 10.5759 | F95: 10.5113 | H95: 06/03/2019 | I95: =DATE(RIGHT(H95,4),LEFT(RIGHT(A95,7),2),LEFT(A95,2)) -> 43530 | J95: =YEAR(I95) -> 2019 | K95: 19.3708 | L95: 19.2597 | M95: 19.3039
A96: 07/03/2006 | B96: =DATE(RIGHT(A96,4),LEFT(RIGHT(A96,7),2),LEFT(A96,2)) -> 38783 | C96: =YEAR(B96) -> 2006 | D96: 10.7003 | E96: 10.6118 | F96: 10.5759 | H96: 07/03/2019 | I96: =DATE(RIGHT(H96,4),LEFT(RIGHT(A96,7),2),LEFT(A96,2)) -> 43531 | J96: =YEAR(I96) -> 2019 | K96: 19.5225 | L96: 19.3708 | M96: 19.2597
A97: 08/03/2006 | B97: =DATE(RIGHT(A97,4),LEFT(RIGHT(A97,7),2),LEFT(A97,2)) -> 38784 | C97: =YEAR(B97) -> 2006 | D97: 10.756 | E97: 10.7003 | F97: 10.6118 | H97: 08/03/2019 | I97: =DATE(RIGHT(H97,4),LEFT(RIGHT(A97,7),2),LEFT(A97,2)) -> 43532 | J97: =YEAR(I97) -> 2019 | K97: 19.4902 | L97: 19.5225 | M97: 19.3708
A98: 09/03/2006 | B98: =DATE(RIGHT(A98,4),LEFT(RIGHT(A98,7),2),LEFT(A98,2)) -> 38785 | C98: =YEAR(B98) -> 2006 | D98: 10.7094 | E98: 10.756 | F98: 10.7003 | H98: 09/03/2019 | I98: =DATE(RIGHT(H98,4),LEFT(RIGHT(A98,7),2),LEFT(A98,2)) -> 43533 | J98: =YEAR(I98) -> 2019 | K98: N/E | L98: N/E | M98: 19.5225
A99: 10/03/2006 | B99: =DATE(RIGHT(A99,4),LEFT(RIGHT(A99,7),2),LEFT(A99,2)) -> 38786 | C99: =YEAR(B99) -> 2006 | D99: 10.7125 | E99: 10.7094 | F99: 10.756 | H99: 10/03/2019 | I99: =DATE(RIGHT(H99,4),LEFT(RIGHT(A99,7),2),LEFT(A99,2)) -> 43534 | J99: =YEAR(I99) -> 2019 | K99: N/E | L99: N/E | M99: 19.5225
A100: 11/03/2006 | B100: =DATE(RIGHT(A100,4),LEFT(RIGHT(A100,7),2),LEFT(A100,2)) -> 38787 | C100: =YEAR(B100) -> 2006 | D100: N/E | E100: N/E | F100: 10.7094 | H100: 11/03/2019 | I100: =DATE(RIGHT(H100,4),LEFT(RIGHT(A100,7),2),LEFT(A100,2)) -> 43535 | J100: =YEAR(I100) -> 2019 | K100: 19.4243 | L100: 19.4902 | M100: 19.5225
A101: 12/03/2006 | B101: =DATE(RIGHT(A101,4),LEFT(RIGHT(A101,7),2),LEFT(A101,2)) -> 38788 | C101: =YEAR(B101) -> 2006 | D101: N/E | E101: N/E | F101: 10.7094 | H101: 12/03/2019 | I101: =DATE(RIGHT(H101,4),LEFT(RIGHT(A101,7),2),LEFT(A101,2)) -> 43536 | J101: =YEAR(I101) -> 2019 | K101: 19.3049 | L101: 19.4243 | M101: 19.4902
A102: 13/03/2006 | B102: =DATE(RIGHT(A102,4),LEFT(RIGHT(A102,7),2),LEFT(A102,2)) -> 38789 | C102: =YEAR(B102) -> 2006 | D102: 10.7126 | E102: 10.7125 | F102: 10.7094 | H102: 13/03/2019 | I102: =DATE(RIGHT(H102,4),LEFT(RIGHT(A102,7),2),LEFT(A102,2)) -> 43537 | J102: =YEAR(I102) -> 2019 | K102: 19.332 | L102: 19.3049 | M102: 19.4243
A103: 14/03/2006 | B103: =DATE(RIGHT(A103,4),LEFT(RIGHT(A103,7),2),LEFT(A103,2)) -> 38790 | C103: =YEAR(B103) -> 2006 | D103: 10.6942 | E103: 10.7126 | F103: 10.7125 | H103: 14/03/2019 | I103: =DATE(RIGHT(H103,4),LEFT(RIGHT(A103,7),2),LEFT(A103,2)) -> 43538 | J103: =YEAR(I103) -> 2019 | K103: 19.3233 | L103: 19.332 | M103: 19.3049
...

Sheet USD 2012
A1: Year | B1: CPI-U | C1: Multiply by to get 2012 Dollars
A2: 1990 | B2: 130.7 | C2: =B$24/B2 -> 1.7594032
A3: 1991 | B3: 136.2 | C3: =B$24/B3 -> 1.6883554
A4: 1992 | B4: 140.3 | C4: =B$24/B4 -> 1.6390164
A5: 1993 | B5: 144.5 | C5: =B$24/B5 -> 1.5913772
A6: 1994 | B6: 148.2 | C6: =B$24/B6 -> 1.5516464
A7: 1995 | B7: 152.4 | C7: =B$24/B7 -> 1.5088845
A8: 1996 | B8: 156.9 | C8: =B$24/B8 -> 1.4656087
A9: 1997 | B9: 160.5 | C9: =B$24/B9 -> 1.4327352
A10: 1998 | B10: 163 | C10: =B$24/B10 -> 1.4107607
A11: 1999 | B11: 166.6 | C11: =B$24/B11 -> 1.3802761
A12: 2000 | B12: 172.2 | C12: =B$24/B12 -> 1.3353891
A13: 2001 | B13: 177.1 | C13: =B$24/B13 -> 1.2984416
... A28: 2016 | B28: 241.237 | C28: =B$24/B28 -> 0.95322857
A29: 2017 | C29: =AVERAGE(C28,C30) -> 0.93361428
A30: 2018 | C30: 0.914 | D30: 2018 to 2012 USD
A31: 2019 | C31: 0.898 | D31: 2019 to 2012 USD
A32: 2020 | C32: 0.887 | D32: 2020 to 2012 USD
A33: 2021 | C33: 0.831 | D33: 2021 to 2012 USD (est.)
A34: 2022 | C34: {=TREND($C$29:$C$33,$A$29:$A$33,A34)} -> 0.82305429 | D34: 2022 to 2012 USD (est)
A35: 2023 | C35: {=TREND($C$29:$C$33,$A$29:$A$33,A35)} -> 0.79983143 | D35: 2023 to 2012 USD (est.)

Sheet Calculations
B2: UPDATED COSTS (2023) | F2: Maintenance / Forest management | I2: Restoration | L2: Avoided deforestation
B3: Ecosystem | C3: Initial reforestation cost (2023 mxn/ha) | D3: Initial reforestation Cost (2012 usd/acre) | F3: Annual Maintenance Cost (2023 mxn/ha) | G3: Annual Maintenance Cost (2012 usd/acre) | I3: Annual Restoration Cost (2023 mxn/ha) | J3: Annual Restoration Cost (2012 usd/acre) | L3: Annual Protection Cost (2023 mxn/ha) | M3: Annual Protection Cost (2012 usd/acre)
B4: Árido/semiárido | C4: ='Updated costs 2023'!F53 -> 32714.84 | D4: =C4/$C$12/'MXN to USD'!$C$23*'USD 2012'!$C$35 -> 596.16965 | F4: =('Updated costs 2023'!A42+'Updated costs 2023'!A45+'Updated costs 2023'!A48*($C$13-2))/$C$13 -> 1242.136 | G4: =F4/$C$12/'MXN to USD'!$C$23*'USD 2012'!$C$35 -> 22.635715 | I4: =(C4-'Updated costs 2023'!A42-'Updated costs 2023'!A45-'Updated costs 2023'!A48)/$C$13+F4 -> 3996.061 | J4: =I4/$C$12/'MXN to USD'!$C$23*'USD 2012'!$C$35 -> 72.821089 | L4: ='Updated costs 2023'!G50+'Updated costs 2023'!F51 -> 4452.84 | M4: =L4/$C$12/'MXN to USD'!$C$23*'USD 2012'!$C$35 -> 81.145072
B5: Templado frío | C5: ='Updated costs 2023'!L54 -> 58647.44 | D5: =C5/$C$12/'MXN to USD'!$C$23*'USD 2012'!$C$35 -> 1068.7451 | F5: =('Updated costs 2023'!J43+'Updated costs 2023'!J46+'Updated costs 2023'!J49*($C$13-2))/$C$13 -> 2605.68 | G5: =F5/$C$12/'MXN to USD'!$C$23*'USD 2012'!$C$35 -> 47.483874 | I5: =(C5-F5)/$C$13+F5 -> 8209.856 | J5: =I5/$C$12/'MXN to USD'!$C$23*'USD 2012'!$C$35 -> 149.60999 | L5: ='Updated costs 2023'!P51+'Updated costs 2023'!O52 -> 4452.84 | M5: =L5/$C$12/'MXN to USD'!$C$23*'USD 2012'!$C$35 -> 81.145072
B6: Tropical | C6: ='Updated costs 2023'!C81 -> 44382.98 | D6: =C6/$C$12/'MXN to USD'!$C$23*'USD 2012'!$C$35 -> 808.8007 | F6: =('Updated costs 2023'!A67+'Updated costs 2023'!A71+'Updated costs 2023'!A75*($C$13-2))/$C$13 -> 7153.5 | G6: =F6/$C$12/'MXN to USD'!$C$23*'USD 2012'!$C$35 -> 130.35979 | I6: =(C6-F6)/$C$13+F6 -> 10876.448 | J6: =I6/$C$12/'MXN to USD'!$C$23*'USD 2012'!$C$35 -> 198.20388 | L6: ='Updated costs 2023'!G78+'Updated costs 2023'!F79 -> 4452.84 | M6: =L6/$C$12/'MXN to USD'!$C$23*'USD 2012'!$C$35 -> 81.145072
B7: Humedal | C7: ='Updated costs 2023'!L77 -> 76880 | D7: =C7/$C$12/'MXN to USD'!$C$23*'USD 2012'!$C$35 -> 1401.001 | F7: =('Updated costs 2023'!J68+'Updated costs 2023'!J71+'Updated costs 2023'!J74*($C$13-2))/$C$13 -> 6696 | G7: =F7/$C$12/'MXN to USD'!$C$23*'USD 2012'!$C$35 -> 122.02266 | I7: =(C7-F7)/$C$13+F7 -> 13714.4 | J7: =I7/$C$12/'MXN to USD'!$C$23*'USD 2012'!$C$35 -> 249.9205 | L7: ='Updated costs 2023'!F79 -> 3909.68 | M7: =L7/$C$12/'MXN to USD'!$C$23*'USD 2012'!$C$35 -> 71.246949
B8: Weighted average by deforestation by type
F9: =SUMPRODUCT(F4:F7,$D$15:$D$18) -> 5734.9784 | G9: =F9/$C$12/'MXN to USD'!$C$23*'USD 2012'!$C$35 -> 104.50976 | I9: =SUMPRODUCT(I4:I7,$D$15:$D$18) -> 9983.6562 | J9: =I9/$C$12/'MXN to USD'!$C$23*'USD 2012'!$C$35 -> 181.93434 | L9: =SUMPRODUCT(L4:L7,$D$15:$D$18) -> 4447.4084 | M9: =L9/$C$12/'MXN to USD'!$C$23*'USD 2012'!$C$35 -> 81.046091
B11: Conversion factors
B12: 1ha = | C12: 2.47105 | D12: acres
B13: Years to dilute initial cost | C13: 10
C14: Potential reforestation ecosystem
B15: ='Deforestation by type'!F7 -> Árido/semiárido | C15: ='Deforestation by type'!G7 -> 5602.36 | D15: ='Deforestation by type'!H7 -> 0.026978003
B16: ='Deforestation by type'!F8 -> Templado frío | C16: ='Deforestation by type'!G8 -> 57282 | D16: ='Deforestation by type'!H8 -> 0.27583982
B17: ='Deforestation by type'!F9 -> Tropical | C17: ='Deforestation by type'!G9 -> 142703 | D17: ='Deforestation by type'!H9 -> 0.68718218
B18: ='Deforestation by type'!F10 -> Humedal | C18: ='Deforestation by type'!G10 -> 2076.64 | D18: ='Deforestation by type'!H10 -> 0.01
C19: =SUM(C15:C18) -> 207664
B21: PREVIOUS DATA (2014)
B22: Ecosystem | C22: Total Maintenance Cost (2014 mxn/ha) | D22: Total Maintenance Cost (2012 usd/acre)
B23: Árido/semiárido | C23: 1163.2 | D23: =C23/$C$12/'MXN to USD'!$C$14*'USD 2012'!$C$26 -> 34.383787
B24: Templado frío | C24: 2239.6 | D24: =C24/$C$12/'MXN to USD'!$C$14*'USD 2012'!$C$26 -> 66.201797
B25: Tropical | C25: 5863.98 | D25: =C25/$C$12/'MXN to USD'!$C$14*'USD 2012'!$C$26 -> 173.33721
B26: Humedal | C26: 5090 | D26: =C26/$C$12/'MXN to USD'!$C$14*'USD 2012'!$C$26 -> 150.45863
B27: Manglar | C27: 8968.25 | D27: =C27/$C$12/'MXN to USD'!$C$14*'USD 2012'!$C$26 -> 265.09835
B28: Average | C28: =AVERAGE(C23:C27) -> 4665.006 | D28: =C28/$C$12/'MXN to USD'!$C$14*'USD 2012'!$C$26 -> 137.89595

Sheet ICoLUPpUA
B1: policy implementation cost ($ / acre)
A2: forest set asides | B2: =Calculations!G9 -> 104.50976
A3: afforestation and reforestation | B3: =Calculations!J9 -> 181.93434
A4: improved forest management | B4: =Calculations!G9 -> 104.50976
A5: avoid deforestation | B5: =Calculations!M9 -> 81.046091
A6: peatland restoration | B6: =Calculations!J7 -> 249.9205
A7: forest restoration | B7: =Calculations!J6 -> 198.20388
