Workbook
Name income: Calculations!#REF!
Name Range_EV: Calculations!#REF!
Name range_ICE: Calculations!#REF!

Sheet About
A1: BRAaCTSC BAU Range Anxiety Shadow Cost
A3: Source: | B3: Median US Income
B4: United States Census Bureau
B5: 2025
B6: Income in the United States: 2024
B7: https://www.census.gov/library/publications/2025/demo/p60-286.html
B8: First bullet of "Highlights"
B10: Range and Fueling Availability 'Costs'
B11: US Department of Energy
B12: 2013
B13: https://www.nrel.gov/docs/fy13osti/55639.pdf
B15: Gasoline vehicle range
B16: US Department of Energy
B17: 2022
B18: FOTW #1221, January 17, 2022: Model Year 2021 All-Electric Vehicles Had a Median Driving Range about 60% That of Gasoline Powered Vehicles
B19: https://www.energy.gov/eere/vehicles/articles/fotw-1221-january-17-2022-model-year-2021-all-electric-vehicles-had-median
B21: 2024 EV range
B22: US Department of Energy
B23: 2024
B24: FOTW #1375, December 30, 2024: Median EV Range in Model Year 2024 Reached a Record High of 283 Miles per Charge
B25: https://www.energy.gov/eere/vehicles/articles/fotw-1375-december-30-2024-median-ev-range-model-year-2024-reached-record
A27: Notes
A28: This variable represents the perceived cost of range anxiety - the fear (or inconvenience around) that
A29: the vehicle has insufficient range to reach its destination.
A31: In the US, we use a DOE study to calculate a Range Compensating Value and a Fuel Availability Value.
A32: The Range Compensating Value uses parameters from the DOE study, the median household income,
A33: and the median ranges of ICE and EV vehicles. For EV vehicles, the current median range has already surpassed
A34: 250 miles and is forecated to continue improving. Therefore, we start with today's median range, and assume
A35: the range will reach the equivalent of a gasoline vehicle (eliminating range anxiety) by 2050.
A36: Currency Conversion
A37: 2024 to 2012 USD | B37: 0.732

Sheet Calculations
A1: Range Compensating Value
A2: b1 | B2: -0.361
A3: b2
A4: b3 | B4: 1.268
A5: b4 | B5: -0.116
B7: 2024 | C7: 2050
A8: median range ice (hundred miles) | B8: 4.03 | C8: =B8 -> 4.03
A9: range ev (hundred miles) | B9: 2.83 | C9: 4.03
A10: income (thousand USD) | B10: =83730/1000*About!B37 -> 61.29036 | C10: =B10 -> 61.29036
A12: cv (thousand USD) | B12: =($B$4/$B$2*B9*(1-B8/B9)+$B$5/$B$2*B9^2*(1-B8^2/B9^2))*LN(B10)*About!$B$37 -> 4.7291538 | C12: =($B$4/$B$2*C9*(1-C8/C9)+$B$5/$B$2*C9^2*(1-C8^2/C9^2))*LN(C10)*About!$B$37 -> 0

Sheet BRASC
A1: Cost ($/vehicle) | B1: 2021 | C1: 2022 | D1: 2023 | E1: 2024 | F1: 2025 | G1: 2026 | H1: 2027 | I1: 2028 | J1: 2029 | K1: 2030 | L1: 2031 | M1: 2032 | N1: 2033 | O1: 2034 | P1: 2035 | Q1: 2036 | R1: 2037 | S1: 2038 | T1: 2039 | U1: 2040 | V1: 2041 | W1: 2042 | X1: 2043 | Y1: 2044 | Z1: 2045 | AA1: 2046 | AB1: 2047 | AC1: 2048 | AD1: 2049 | AE1: 2050 | AF1: 2051 | AG1: 2052 | AH1: 2053 | AI1: 2054 | AJ1: 2055 | AK1: 2056 | AL1: 2057 | AM1: 2058 | AN1: 2059 | AO1: 2060 | AP1: 2061 | AQ1: 2062 | AR1: 2063 | AS1: 2064 | AT1: 2065 | AU1: 2066 | AV1: 2067 | AW1: 2068 | AX1: 2069 | AY1: 2070
A2: Shadow cost | B2: =C2 -> 4729.1538 | C2: =D2 -> 4729.1538 | D2: =E2 -> 4729.1538 | E2: {=TREND(Calculations!$B$12:$C$12,Calculations!$B$7:$C$7,BRASC!E1)*1000} -> 4729.1538 | F2: {=TREND(Calculations!$B$12:$C$12,Calculations!$B$7:$C$7,BRASC!F1)*1000} -> 4547.2632 | G2: {=TREND(Calculations!$B$12:$C$12,Calculations!$B$7:$C$7,BRASC!G1)*1000} -> 4365.3727 | H2: {=TREND(Calculations!$B$12:$C$12,Calculations!$B$7:$C$7,BRASC!H1)*1000} -> 4183.4822 | I2: {=TREND(Calculations!$B$12:$C$12,Calculations!$B$7:$C$7,BRASC!I1)*1000} -> 4001.5917 | J2: {=TREND(Calculations!$B$12:$C$12,Calculations!$B$7:$C$7,BRASC!J1)*1000} -> 3819.7011 | K2: {=TREND(Calculations!$B$12:$C$12,Calculations!$B$7:$C$7,BRASC!K1)*1000} -> 3637.8106 | L2: {=TREND(Calculations!$B$12:$C$12,Calculations!$B$7:$C$7,BRASC!L1)*1000} -> 3455.9201 | ... AE2: {=TREND(Calculations!$B$12:$C$12,Calculations!$B$7:$C$7,BRASC!AE1)*1000} -> -5.6843419e-11 | AF2: =AE2 -> -5.6843419e-11 | AG2: =AF2 -> -5.6843419e-11 | AH2: =AG2 -> -5.6843419e-11 | AI2: =AH2 -> -5.6843419e-11 | AJ2: =AI2 -> -5.6843419e-11 | AK2: =AJ2 -> -5.6843419e-11 | AL2: =AK2 -> -5.6843419e-11 | AM2: =AL2 -> -5.6843419e-11 | ... AY2: =AX2 -> -5.6843419e-11
