Workbook
Name acres_per_million_hectares: #REF!

Sheet About
A1: PLANAbPiaSY Potential Land Area Newly Affected by Policy in a Single Year
A3: Sources: | B3: Potential land areas for carbon capture
B4: Instituto Nacional de Ecología y Cambio Climático (INECC)
B5: 1997 (estimates for 2000,2010,2030)
B6: Carbon emissions capture in Mexico
A11: Notes
A12: Avoid deforestion, peatland restoration, and forest restoration policies
A13: are not used in the Mexico version of the model.
A15: We considered Natural Protected Areas (ANP, in Spanish) as forest set-asides.

Sheet Potential Areas

Sheet CatOnBLU ICM data
C2: Climate Action Tool on Biodiversity & Land Use
C3: Resumen: Medidas de Mitigación
B7: Costos por Implementación de Medidas de Mitigación
B8: Id | C8: Medida | D8: Costo CAPEX [US2024/ha] | E8: Costo OPEX [US2024/ha] | F8: Años seguimiento | G8: Costo Total Unitario [US2024/ha] | J8: 2060
H9: Costo Total [US2024/ha] | I9: Costo Total [US2024/ha] | J9: Meta | K9: Unidad | L9: Costo Total [US2024/ha]
B10: 1 | C10: Medida 1.1: Incrementar tierras forestales: regeneración natural asistida | D10: 304 | E10: 213 | F10: 3 | G10: 943 | H10: 3.6288904e+08 | I10: 7.2577809e+08 | J10: 2693768.1 | K10: Ha | L10: 2.5402233e+09
B11: 2 | C11: Medida 1.1: Incrementar tierras forestales: enriquecimiento forestal | D11: 1542 | E11: 213 | F11: 5 | G11: 2607 | H11: 2.6815765e+09 | I11: 5.363153e+09 | J11: 7200243.8 | K11: Ha | L11: 1.8771036e+10
B12: 3 | C12: Medida 1.1: Incrementar tierras forestales: restauración activa | D12: 1048 | E12: 213 | F12: 5 | G12: 2113 | H12: 5.2532571e+09 | I12: 1.0506514e+10 | J12: 17403123 | K12: Ha | L12: 3.67728e+10
B13: 4 | C13: Medida 1.3: Fortalecer áreas de conservación | E13: 14.49 | F13: 35 | G13: 507.21 | H13: 1.2374815e+10 | I13: 1.2374815e+10 | J13: 24397601 | K13: Ha | L13: 1.2374815e+10
B14: 5 | C14: Medida 1.6: Fortalecer el manejo forestal sostenible | E14: 460.01 | F14: 25 | G14: 11500.25 | H14: 1.3866016e+10 | I14: 2.7732031e+10 | J14: 8440000 | K14: Ha | L14: 97062110000
B15: 6 | C15: Medida 2.1: Incrementar superficie agrícola con agricultura de conservación | E15: 2448.35 | F15: 3 | G15: 7345.05 | H15: 3.5593125e+09 | I15: 7.118625e+09 | J15: 3392105.9 | K15: Ha | L15: 2.4915187e+10
B16: 7 | C16: Medida 2.2: Restaurar la productividad de tierras agrícolas degradadas | E16: 2833.59 | F16: 3 | G16: 8500.77 | H16: 1.6193672e+09 | I16: 3.2387343e+09 | J16: 1333475.7 | K16: Ha | L16: 1.133557e+10
B17: 8 | C17: Medida 2.3: Incrementar superficie agrícola con riego tecnificado | D17: 9236.49 | E17: 2349.84 | F17: 3 | G17: 16286 | H17: 3.0813451e+09 | I17: 6.1626902e+09 | J17: 1324414.6 | K17: Ha | L17: 2.1569416e+10
B18: 9 | C18: Medida 2.4: Incrementar superficie agrícola con sistemas agroforestales | D18: 4193.09 | E18: 937.98 | F18: 4 | G18: 7945 | H18: 7410807710 | I18: 14821615420 | J18: 6529346 | K18: Ha | L18: 51875653970
B19: 10 | C19: Medida 3.1: Incrementar superficie de pastoreo mejorado | D19: 3128.67 | E19: 1199.28 | F19: 3 | G19: 6726.5 | H19: 8293774500 | I19: 16587549000 | J19: 8631000 | K19: Ha | L19: 58056421500
B20: 11 | C20: Medida 3.2: Incrementar superficie de pastoreo con sistemas silvopastoriles | D20: 3003.18 | E20: 671.8 | F20: 4 | G20: 5690.38 | H20: 3508119270 | I20: 7016238540 | J20: 4315500 | K20: Ha | L20: 24556834890
H22: 3.0444655e+09 | I22: 6.0889311e+09
G25: km2 | H25: Ha/Km2 | I25: TOTAL HA | J25: 85660579 | K25: Ha
G26: 1964375 | H26: 100 | I26: Total superficie República | J26: 196437500
J28: 0.4360704

Sheet Calculations & Conversions
A2: Potencial Técnico | D2: ='CatOnBLU ICM data'!J25/1000000 -> 85.660579
A3: Translation | B3: Forestry policy | C3: 2030 | D3: CATONBLU 2060
A4: Set-asides | B4: Áreas Naturales Protegidas | C4: 6 | D4: ='CatOnBLU ICM data'!J13/1000000 -> 24.397601
A5: Reforestation | B5: Reforestación | C5: 4.2 | D5: =('CatOnBLU ICM data'!J10+'CatOnBLU ICM data'!J11+'CatOnBLU ICM data'!J12)/1000000 -> 27.297135
A6: Improved forest mgmt | B6: Manejo forestal | C6: 18.7 | D6: ='CatOnBLU ICM data'!J14/1000000 -> 8.44
A7: Improved forest mgmt | B7: Sistemas agroforestales | C7: 1.9 | D7: =SUM('CatOnBLU ICM data'!J15:J20)/1000000 -> 25.525842 | F7: Conversion factor
F8: 1 ha = | G8: 2.47 | H8: acres
A10: Potencial Técnico
A11: Translation | B11: Forestry policy | C11: 2030 | D11: CATONBLU 2060
A12: Set-asides | B12: Áreas Naturales Protegidas | C12: =C4*$G$8*1000000 -> 14820000 | D12: =D4*$G$8*1000000 -> 60262075
A13: Reforestation | B13: Reforestación | C13: =C5*$G$8*1000000 -> 10374000 | D13: =D5*$G$8*1000000 -> 67423924
A14: Improved forest mgmt | B14: Manejo forestal | C14: =C6*$G$8*1000000 -> 46189000 | D14: =D6*$G$8*1000000 -> 20846800
A15: Improved forest mgmt | B15: Sistemas agroforestales | C15: =C7*$G$8*1000000 -> 4693000 | D15: =D7*$G$8*1000000 -> 63048830
D17: CATONBLU 2060 ICM DATA USED 2040 onwards, 2030-2040 period by linear ajustment
D19: Original policy surface over | E19: 20 | F19: years
D20: Original policy surface over | E20: 20 | F20: years

Sheet PLANAbPiaSY
B1: 2016 | C1: 2017 | D1: 2018 | E1: 2019 | F1: 2020 | G1: 2021 | H1: 2022 | I1: 2023 | J1: 2024 | K1: 2025 | L1: 2026 | M1: 2027 | N1: 2028 | O1: 2029 | P1: 2030 | Q1: 2031 | R1: 2032 | S1: 2033 | T1: 2034 | U1: 2035 | V1: 2036 | W1: 2037 | X1: 2038 | Y1: 2039 | Z1: 2040 | AA1: 2041 | AB1: 2042 | AC1: 2043 | AD1: 2044 | AE1: 2045 | AF1: 2046 | AG1: 2047 | AH1: 2048 | AI1: 2049 | AJ1: 2050 | AK1: 2051 | AL1: 2052 | AM1: 2053 | AN1: 2054 | AO1: 2055 | AP1: 2056 | AQ1: 2057 | AR1: 2058 | AS1: 2059 | AT1: 2060 | AU1: 2061 | AV1: 2062 | AW1: 2063 | AX1: 2064 | AY1: 2065 | AZ1: 2066 | BA1: 2067 | BB1: 2068 | BC1: 2069 | BD1: 2070
A2: forest set asides | B2: ='Calculations & Conversions'!$C12/'Calculations & Conversions'!$E$19 -> 741000 | C2: ='Calculations & Conversions'!$C12/'Calculations & Conversions'!$E$19 -> 741000 | D2: ='Calculations & Conversions'!$C12/'Calculations & Conversions'!$E$19 -> 741000 | E2: ='Calculations & Conversions'!$C12/'Calculations & Conversions'!$E$19 -> 741000 | F2: ='Calculations & Conversions'!$C12/'Calculations & Conversions'!$E$19 -> 741000 | G2: ='Calculations & Conversions'!$C12/'Calculations & Conversions'!$E$19 -> 741000 | H2: ='Calculations & Conversions'!$C12/'Calculations & Conversions'!$E$19 -> 741000 | I2: ='Calculations & Conversions'!$C12/'Calculations & Conversions'!$E$19 -> 741000 | ... P2: ='Calculations & Conversions'!$C12/'Calculations & Conversions'!$E$19 -> 741000 | Q2: =(Z2-P2)/(Z$1-P$1)*(Q$1-$P$1)+$P2 -> 741000 | R2: =(AA2-Q2)/(AA$1-Q$1)*(R$1-$P$1)+$P2 -> 741000 | S2: =(AB2-R2)/(AB$1-R$1)*(S$1-$P$1)+$P2 -> 741000 | T2: =(AC2-S2)/(AC$1-S$1)*(T$1-$P$1)+$P2 -> 741000 | U2: =(AD2-T2)/(AD$1-T$1)*(U$1-$P$1)+$P2 -> 741000 | V2: =(AE2-U2)/(AE$1-U$1)*(V$1-$P$1)+$P2 -> 741000 | W2: =(AF2-V2)/(AF$1-V$1)*(W$1-$P$1)+$P2 -> 741000 | X2: =(AG2-W2)/(AG$1-W$1)*(X$1-$P$1)+$P2 -> 741000 | Y2: =(AH2-X2)/(AH$1-X$1)*(Y$1-$P$1)+$P2 -> 741000 | Z2: ='Calculations & Conversions'!$C$12/'Calculations & Conversions'!$E$20 -> 741000 | AA2: ='Calculations & Conversions'!$C$12/'Calculations & Conversions'!$E$20 -> 741000 | AB2: ='Calculations & Conversions'!$C$12/'Calculations & Conversions'!$E$20 -> 741000 | AC2: ='Calculations & Conversions'!$C$12/'Calculations & Conversions'!$E$20 -> 741000 | AD2: ='Calculations & Conversions'!$C$12/'Calculations & Conversions'!$E$20 -> 741000 | AE2: ='Calculations & Conversions'!$C$12/'Calculations & Conversions'!$E$20 -> 741000 | AF2: ='Calculations & Conversions'!$C$12/'Calculations & Conversions'!$E$20 -> 741000 | AG2: ='Calculations & Conversions'!$C$12/'Calculations & Conversions'!$E$20 -> 741000 | ... BD2: ='Calculations & Conversions'!$C$12/'Calculations & Conversions'!$E$20 -> 741000
A3: afforestation and reforestation | B3: ='Calculations & Conversions'!$C13/'Calculations & Conversions'!$E$19 -> 518700 | C3: ='Calculations & Conversions'!$C13/'Calculations & Conversions'!$E$19 -> 518700 | D3: ='Calculations & Conversions'!$C13/'Calculations & Conversions'!$E$19 -> 518700 | E3: ='Calculations & Conversions'!$C13/'Calculations & Conversions'!$E$19 -> 518700 | F3: ='Calculations & Conversions'!$C13/'Calculations & Conversions'!$E$19 -> 518700 | G3: ='Calculations & Conversions'!$C13/'Calculations & Conversions'!$E$19 -> 518700 | H3: ='Calculations & Conversions'!$C13/'Calculations & Conversions'!$E$19 -> 518700 | I3: ='Calculations & Conversions'!$C13/'Calculations & Conversions'!$E$19 -> 518700 | ... P3: ='Calculations & Conversions'!$C13/'Calculations & Conversions'!$E$19 -> 518700 | Q3: =(Z3-P3)/(Z$1-P$1)*(Q$1-$P$1)+$P3 -> 518700 | R3: =(AA3-Q3)/(AA$1-Q$1)*(R$1-$P$1)+$P3 -> 518700 | S3: =(AB3-R3)/(AB$1-R$1)*(S$1-$P$1)+$P3 -> 518700 | T3: =(AC3-S3)/(AC$1-S$1)*(T$1-$P$1)+$P3 -> 518700 | U3: =(AD3-T3)/(AD$1-T$1)*(U$1-$P$1)+$P3 -> 518700 | V3: =(AE3-U3)/(AE$1-U$1)*(V$1-$P$1)+$P3 -> 518700 | W3: =(AF3-V3)/(AF$1-V$1)*(W$1-$P$1)+$P3 -> 518700 | X3: =(AG3-W3)/(AG$1-W$1)*(X$1-$P$1)+$P3 -> 518700 | Y3: =(AH3-X3)/(AH$1-X$1)*(Y$1-$P$1)+$P3 -> 518700 | Z3: ='Calculations & Conversions'!$C$13/'Calculations & Conversions'!$E$20 -> 518700 | AA3: ='Calculations & Conversions'!$C$13/'Calculations & Conversions'!$E$20 -> 518700 | AB3: ='Calculations & Conversions'!$C$13/'Calculations & Conversions'!$E$20 -> 518700 | AC3: ='Calculations & Conversions'!$C$13/'Calculations & Conversions'!$E$20 -> 518700 | AD3: ='Calculations & Conversions'!$C$13/'Calculations & Conversions'!$E$20 -> 518700 | AE3: ='Calculations & Conversions'!$C$13/'Calculations & Conversions'!$E$20 -> 518700 | AF3: ='Calculations & Conversions'!$C$13/'Calculations & Conversions'!$E$20 -> 518700 | AG3: ='Calculations & Conversions'!$C$13/'Calculations & Conversions'!$E$20 -> 518700 | ... BD3: ='Calculations & Conversions'!$C$13/'Calculations & Conversions'!$E$20 -> 518700
A4: improved forest management | B4: ='Calculations & Conversions'!$C14/'Calculations & Conversions'!$E$19 -> 2309450 | C4: ='Calculations & Conversions'!$C14/'Calculations & Conversions'!$E$19 -> 2309450 | D4: ='Calculations & Conversions'!$C14/'Calculations & Conversions'!$E$19 -> 2309450 | E4: ='Calculations & Conversions'!$C14/'Calculations & Conversions'!$E$19 -> 2309450 | F4: ='Calculations & Conversions'!$C14/'Calculations & Conversions'!$E$19 -> 2309450 | G4: ='Calculations & Conversions'!$C14/'Calculations & Conversions'!$E$19 -> 2309450 | H4: ='Calculations & Conversions'!$C14/'Calculations & Conversions'!$E$19 -> 2309450 | I4: ='Calculations & Conversions'!$C14/'Calculations & Conversions'!$E$19 -> 2309450 | ... P4: ='Calculations & Conversions'!$C14/'Calculations & Conversions'!$E$19 -> 2309450 | Q4: =(Z4-P4)/(Z$1-P$1)*(Q$1-$P$1)+$P4 -> 2332915 | R4: =(AA4-Q4)/(AA$1-Q$1)*(R$1-$P$1)+$P4 -> 2351687 | S4: =(AB4-R4)/(AB$1-R$1)*(S$1-$P$1)+$P4 -> 2367173.9 | T4: =(AC4-S4)/(AC$1-S$1)*(T$1-$P$1)+$P4 -> 2380220.4 | U4: =(AD4-T4)/(AD$1-T$1)*(U$1-$P$1)+$P4 -> 2391389.8 | V4: =(AE4-U4)/(AE$1-U$1)*(V$1-$P$1)+$P4 -> 2401076.1 | W4: =(AF4-V4)/(AF$1-V$1)*(W$1-$P$1)+$P4 -> 2409566.7 | X4: =(AG4-W4)/(AG$1-W$1)*(X$1-$P$1)+$P4 -> 2417076.6 | Y4: =(AH4-X4)/(AH$1-X$1)*(Y$1-$P$1)+$P4 -> 2423771 | Z4: =('Calculations & Conversions'!$C$14+'Calculations & Conversions'!$C$15)/'Calculations & Conversions'!$E$20 -> 2544100 | AA4: =('Calculations & Conversions'!$C$14+'Calculations & Conversions'!$C$15)/'Calculations & Conversions'!$E$20 -> 2544100 | AB4: =('Calculations & Conversions'!$C$14+'Calculations & Conversions'!$C$15)/'Calculations & Conversions'!$E$20 -> 2544100 | AC4: =('Calculations & Conversions'!$C$14+'Calculations & Conversions'!$C$15)/'Calculations & Conversions'!$E$20 -> 2544100 | AD4: =('Calculations & Conversions'!$C$14+'Calculations & Conversions'!$C$15)/'Calculations & Conversions'!$E$20 -> 2544100 | AE4: =('Calculations & Conversions'!$C$14+'Calculations & Conversions'!$C$15)/'Calculations & Conversions'!$E$20 -> 2544100 | AF4: =('Calculations & Conversions'!$C$14+'Calculations & Conversions'!$C$15)/'Calculations & Conversions'!$E$20 -> 2544100 | AG4: =('Calculations & Conversions'!$C$14+'Calculations & Conversions'!$C$15)/'Calculations & Conversions'!$E$20 -> 2544100 | ... BD4: =('Calculations & Conversions'!$C$14+'Calculations & Conversions'!$C$15)/'Calculations & Conversions'!$E$20 -> 2544100
A5: avoid deforestation | B5: 0 | C5: 0 | D5: 0 | E5: 0 | F5: 0 | G5: 0 | H5: 0 | I5: 0 | J5: 0 | K5: 0 | L5: 0 | M5: 0 | N5: 0 | O5: 0 | P5: 0 | Q5: =(Z5-P5)/(Z$1-P$1)*(Q$1-$P$1)+$P5 -> 0 | R5: =(AA5-Q5)/(AA$1-Q$1)*(R$1-$P$1)+$P5 -> 0 | S5: =(AB5-R5)/(AB$1-R$1)*(S$1-$P$1)+$P5 -> 0 | T5: =(AC5-S5)/(AC$1-S$1)*(T$1-$P$1)+$P5 -> 0 | U5: =(AD5-T5)/(AD$1-T$1)*(U$1-$P$1)+$P5 -> 0 | V5: =(AE5-U5)/(AE$1-U$1)*(V$1-$P$1)+$P5 -> 0 | W5: =(AF5-V5)/(AF$1-V$1)*(W$1-$P$1)+$P5 -> 0 | X5: =(AG5-W5)/(AG$1-W$1)*(X$1-$P$1)+$P5 -> 0 | Y5: =(AH5-X5)/(AH$1-X$1)*(Y$1-$P$1)+$P5 -> 0 | Z5: 0 | AA5: 0 | AB5: 0 | AC5: 0 | AD5: 0 | AE5: 0 | AF5: 0 | AG5: 0 | AH5: 0 | AI5: 0 | AJ5: 0 | AK5: 0 | AL5: 0 | AM5: 0 | AN5: 0 | AO5: 0 | AP5: 0 | AQ5: 0 | AR5: 0 | AS5: 0 | AT5: 0 | AU5: 0 | AV5: 0 | AW5: 0 | AX5: 0 | AY5: 0 | AZ5: 0 | BA5: 0 | BB5: 0 | BC5: 0 | BD5: 0
A6: peatland restoration | B6: 0 | C6: 0 | D6: 0 | E6: 0 | F6: 0 | G6: 0 | H6: 0 | I6: 0 | J6: 0 | K6: 0 | L6: 0 | M6: 0 | N6: 0 | O6: 0 | P6: 0 | Q6: =(Z6-P6)/(Z$1-P$1)*(Q$1-$P$1)+$P6 -> 0 | R6: =(AA6-Q6)/(AA$1-Q$1)*(R$1-$P$1)+$P6 -> 0 | S6: =(AB6-R6)/(AB$1-R$1)*(S$1-$P$1)+$P6 -> 0 | T6: =(AC6-S6)/(AC$1-S$1)*(T$1-$P$1)+$P6 -> 0 | U6: =(AD6-T6)/(AD$1-T$1)*(U$1-$P$1)+$P6 -> 0 | V6: =(AE6-U6)/(AE$1-U$1)*(V$1-$P$1)+$P6 -> 0 | W6: =(AF6-V6)/(AF$1-V$1)*(W$1-$P$1)+$P6 -> 0 | X6: =(AG6-W6)/(AG$1-W$1)*(X$1-$P$1)+$P6 -> 0 | Y6: =(AH6-X6)/(AH$1-X$1)*(Y$1-$P$1)+$P6 -> 0 | Z6: 0 | AA6: 0 | AB6: 0 | AC6: 0 | AD6: 0 | AE6: 0 | AF6: 0 | AG6: 0 | AH6: 0 | AI6: 0 | AJ6: 0 | AK6: 0 | AL6: 0 | AM6: 0 | AN6: 0 | AO6: 0 | AP6: 0 | AQ6: 0 | AR6: 0 | AS6: 0 | AT6: 0 | AU6: 0 | AV6: 0 | AW6: 0 | AX6: 0 | AY6: 0 | AZ6: 0 | BA6: 0 | BB6: 0 | BC6: 0 | BD6: 0
A7: forest restoration | B7: 0 | C7: 0 | D7: 0 | E7: 0 | F7: 0 | G7: 0 | H7: 0 | I7: 0 | J7: 0 | K7: 0 | L7: 0 | M7: 0 | N7: 0 | O7: 0 | P7: 0 | Q7: =(Z7-P7)/(Z$1-P$1)*(Q$1-$P$1)+$P7 -> 0 | R7: =(AA7-Q7)/(AA$1-Q$1)*(R$1-$P$1)+$P7 -> 0 | S7: =(AB7-R7)/(AB$1-R$1)*(S$1-$P$1)+$P7 -> 0 | T7: =(AC7-S7)/(AC$1-S$1)*(T$1-$P$1)+$P7 -> 0 | U7: =(AD7-T7)/(AD$1-T$1)*(U$1-$P$1)+$P7 -> 0 | V7: =(AE7-U7)/(AE$1-U$1)*(V$1-$P$1)+$P7 -> 0 | W7: =(AF7-V7)/(AF$1-V$1)*(W$1-$P$1)+$P7 -> 0 | X7: =(AG7-W7)/(AG$1-W$1)*(X$1-$P$1)+$P7 -> 0 | Y7: =(AH7-X7)/(AH$1-X$1)*(Y$1-$P$1)+$P7 -> 0 | Z7: 0 | AA7: 0 | AB7: 0 | AC7: 0 | AD7: 0 | AE7: 0 | AF7: 0 | AG7: 0 | AH7: 0 | AI7: 0 | AJ7: 0 | AK7: 0 | AL7: 0 | AM7: 0 | AN7: 0 | AO7: 0 | AP7: 0 | AQ7: 0 | AR7: 0 | AS7: 0 | AT7: 0 | AU7: 0 | AV7: 0 | AW7: 0 | AX7: 0 | AY7: 0 | AZ7: 0 | BA7: 0 | BB7: 0 | BC7: 0 | BD7: 0
