Workbook
Name acres_per_million_hectares: #REF!

Sheet About
A1: PLANAbPiaSY Potential Land Area Newly Affected by Policy in a Single Year
A3: Sources: | B3: Potential land areas for carbon capture
B4: Instituto Nacional de Ecología y Cambio Climático (INECC)
B5: 1997 (estimates for 2000,2010,2030)
B6: Carbon emissions capture in Mexico
A11: Notes
A12: Avoid deforestion, peatland restoration, and forest restoration policies
A13: are not used in the Mexico version of the model.
A15: We considered Natural Protected Areas (ANP, in Spanish) as forest set-asides.

Sheet Potential Areas

Sheet Calculations & Conversions
A2: Potencial Técnico
A3: Translation | B3: Forestry policy | C3: 2030
A4: Set-asides | B4: Áreas Naturales Protegidas | C4: 6
A5: Reforestation | B5: Reforestación | C5: 4.2
A6: Improved forest mgmt | B6: Manejo forestal | C6: 18.7
A7: Improved forest mgmt | B7: Sistemas agroforestales | C7: 1.9 | E7: Conversion factor
E8: 1 ha = | F8: 2.47 | G8: acres
A10: Potencial Técnico | E10: 30 | F10: years
A11: Translation | B11: Forestry policy | C11: 2030
A12: Set-asides | B12: Áreas Naturales Protegidas | C12: =C4*$F$8*1000000 -> 14820000
A13: Reforestation | B13: Reforestación | C13: =C5*$F$8*1000000 -> 10374000
A14: Improved forest mgmt | B14: Manejo forestal | C14: =C6*$F$8*1000000 -> 46189000
A15: Improved forest mgmt | B15: Sistemas agroforestales | C15: =C7*$F$8*1000000 -> 4693000

Sheet PLANAbPiaSY
B1: 2016 | C1: 2017 | D1: 2018 | E1: 2019 | F1: 2020 | G1: 2021 | H1: 2022 | I1: 2023 | J1: 2024 | K1: 2025 | L1: 2026 | M1: 2027 | N1: 2028 | O1: 2029 | P1: 2030 | Q1: 2031 | R1: 2032 | S1: 2033 | T1: 2034 | U1: 2035 | V1: 2036 | W1: 2037 | X1: 2038 | Y1: 2039 | Z1: 2040 | AA1: 2041 | AB1: 2042 | AC1: 2043 | AD1: 2044 | AE1: 2045 | AF1: 2046 | AG1: 2047 | AH1: 2048 | AI1: 2049 | AJ1: 2050 | AK1: 2051 | AL1: 2052 | AM1: 2053 | AN1: 2054 | AO1: 2055 | AP1: 2056 | AQ1: 2057 | AR1: 2058 | AS1: 2059 | AT1: 2060 | AU1: 2061 | AV1: 2062 | AW1: 2063 | AX1: 2064 | AY1: 2065 | AZ1: 2066 | BA1: 2067 | BB1: 2068 | BC1: 2069 | BD1: 2070
A2: forest set asides | B2: ='Calculations & Conversions'!$C$12/'Calculations & Conversions'!$E$10 -> 494000 | C2: ='Calculations & Conversions'!$C$12/'Calculations & Conversions'!$E$10 -> 494000 | D2: ='Calculations & Conversions'!$C$12/'Calculations & Conversions'!$E$10 -> 494000 | E2: ='Calculations & Conversions'!$C$12/'Calculations & Conversions'!$E$10 -> 494000 | F2: ='Calculations & Conversions'!$C$12/'Calculations & Conversions'!$E$10 -> 494000 | G2: ='Calculations & Conversions'!$C$12/'Calculations & Conversions'!$E$10 -> 494000 | H2: ='Calculations & Conversions'!$C$12/'Calculations & Conversions'!$E$10 -> 494000 | I2: ='Calculations & Conversions'!$C$12/'Calculations & Conversions'!$E$10 -> 494000 | ... BD2: ='Calculations & Conversions'!$C$12/'Calculations & Conversions'!$E$10 -> 494000
A3: afforestation and reforestation | B3: ='Calculations & Conversions'!$C$13/'Calculations & Conversions'!$E$10 -> 345800 | C3: ='Calculations & Conversions'!$C$13/'Calculations & Conversions'!$E$10 -> 345800 | D3: ='Calculations & Conversions'!$C$13/'Calculations & Conversions'!$E$10 -> 345800 | E3: ='Calculations & Conversions'!$C$13/'Calculations & Conversions'!$E$10 -> 345800 | F3: ='Calculations & Conversions'!$C$13/'Calculations & Conversions'!$E$10 -> 345800 | G3: ='Calculations & Conversions'!$C$13/'Calculations & Conversions'!$E$10 -> 345800 | H3: ='Calculations & Conversions'!$C$13/'Calculations & Conversions'!$E$10 -> 345800 | I3: ='Calculations & Conversions'!$C$13/'Calculations & Conversions'!$E$10 -> 345800 | ... BD3: ='Calculations & Conversions'!$C$13/'Calculations & Conversions'!$E$10 -> 345800
A4: improved forest management | B4: =('Calculations & Conversions'!$C$14+'Calculations & Conversions'!$C$15)/'Calculations & Conversions'!$E$10 -> 1696066.7 | C4: =('Calculations & Conversions'!$C$14+'Calculations & Conversions'!$C$15)/'Calculations & Conversions'!$E$10 -> 1696066.7 | D4: =('Calculations & Conversions'!$C$14+'Calculations & Conversions'!$C$15)/'Calculations & Conversions'!$E$10 -> 1696066.7 | E4: =('Calculations & Conversions'!$C$14+'Calculations & Conversions'!$C$15)/'Calculations & Conversions'!$E$10 -> 1696066.7 | F4: =('Calculations & Conversions'!$C$14+'Calculations & Conversions'!$C$15)/'Calculations & Conversions'!$E$10 -> 1696066.7 | G4: =('Calculations & Conversions'!$C$14+'Calculations & Conversions'!$C$15)/'Calculations & Conversions'!$E$10 -> 1696066.7 | H4: =('Calculations & Conversions'!$C$14+'Calculations & Conversions'!$C$15)/'Calculations & Conversions'!$E$10 -> 1696066.7 | I4: =('Calculations & Conversions'!$C$14+'Calculations & Conversions'!$C$15)/'Calculations & Conversions'!$E$10 -> 1696066.7 | ... BD4: =('Calculations & Conversions'!$C$14+'Calculations & Conversions'!$C$15)/'Calculations & Conversions'!$E$10 -> 1696066.7
A5: avoid deforestation | B5: 0 | C5: 0 | D5: 0 | E5: 0 | F5: 0 | G5: 0 | H5: 0 | I5: 0 | J5: 0 | K5: 0 | L5: 0 | M5: 0 | N5: 0 | O5: 0 | P5: 0 | Q5: 0 | R5: 0 | S5: 0 | T5: 0 | U5: 0 | V5: 0 | W5: 0 | X5: 0 | Y5: 0 | Z5: 0 | AA5: 0 | AB5: 0 | AC5: 0 | AD5: 0 | AE5: 0 | AF5: 0 | AG5: 0 | AH5: 0 | AI5: 0 | AJ5: 0 | AK5: 0 | AL5: 0 | AM5: 0 | AN5: 0 | AO5: 0 | AP5: 0 | AQ5: 0 | AR5: 0 | AS5: 0 | AT5: 0 | AU5: 0 | AV5: 0 | AW5: 0 | AX5: 0 | AY5: 0 | AZ5: 0 | BA5: 0 | BB5: 0 | BC5: 0 | BD5: 0
A6: peatland restoration | B6: 0 | C6: 0 | D6: 0 | E6: 0 | F6: 0 | G6: 0 | H6: 0 | I6: 0 | J6: 0 | K6: 0 | L6: 0 | M6: 0 | N6: 0 | O6: 0 | P6: 0 | Q6: 0 | R6: 0 | S6: 0 | T6: 0 | U6: 0 | V6: 0 | W6: 0 | X6: 0 | Y6: 0 | Z6: 0 | AA6: 0 | AB6: 0 | AC6: 0 | AD6: 0 | AE6: 0 | AF6: 0 | AG6: 0 | AH6: 0 | AI6: 0 | AJ6: 0 | AK6: 0 | AL6: 0 | AM6: 0 | AN6: 0 | AO6: 0 | AP6: 0 | AQ6: 0 | AR6: 0 | AS6: 0 | AT6: 0 | AU6: 0 | AV6: 0 | AW6: 0 | AX6: 0 | AY6: 0 | AZ6: 0 | BA6: 0 | BB6: 0 | BC6: 0 | BD6: 0
A7: forest restoration | B7: 0 | C7: 0 | D7: 0 | E7: 0 | F7: 0 | G7: 0 | H7: 0 | I7: 0 | J7: 0 | K7: 0 | L7: 0 | M7: 0 | N7: 0 | O7: 0 | P7: 0 | Q7: 0 | R7: 0 | S7: 0 | T7: 0 | U7: 0 | V7: 0 | W7: 0 | X7: 0 | Y7: 0 | Z7: 0 | AA7: 0 | AB7: 0 | AC7: 0 | AD7: 0 | AE7: 0 | AF7: 0 | AG7: 0 | AH7: 0 | AI7: 0 | AJ7: 0 | AK7: 0 | AL7: 0 | AM7: 0 | AN7: 0 | AO7: 0 | AP7: 0 | AQ7: 0 | AR7: 0 | AS7: 0 | AT7: 0 | AU7: 0 | AV7: 0 | AW7: 0 | AX7: 0 | AY7: 0 | AZ7: 0 | BA7: 0 | BB7: 0 | BC7: 0 | BD7: 0
